solid OpenSCAD_Model
  facet normal 0 0 -1
    outer loop
      vertex -21.22228093445301 -36.32587844878435 0
      vertex -20.847759068012238 -33.76536686718464 0
      vertex -20.885586947202682 -36.527685061097145 0
    endloop
  endfacet
  facet normal 0 0 -1
    outer loop
      vertex -20.885586947202682 -36.527685061097145 0
      vertex -20.414213560521603 -34.4142135605216 0
      vertex -20.530733726918697 -36.695518128573895 0
    endloop
  endfacet
  facet normal 0 0 -1
    outer loop
      vertex -20.530733726918697 -36.695518128573895 0
      vertex -20.111140467226505 -34.662939228117466 0
      vertex -20.161138705909252 -36.827761344611645 0
    endloop
  endfacet
  facet normal 0 0 -1
    outer loop
      vertex -20.885586947202682 -36.527685061097145 0
      vertex -20.763842530548573 -33.94279347360134 0
      vertex -20.662939228117466 -34.111140467226505 0
    endloop
  endfacet
  facet normal 0 0 -1
    outer loop
      vertex -20.885586947202682 -36.527685061097145 0
      vertex -20.847759068012238 -33.76536686718464 0
      vertex -20.763842530548573 -33.94279347360134 0
    endloop
  endfacet
  facet normal 0 0 -1
    outer loop
      vertex -20.885586947202682 -36.527685061097145 0
      vertex -20.662939228117466 -34.111140467226505 0
      vertex -20.546020910143852 -34.26878657191992 0
    endloop
  endfacet
  facet normal 0 0 -1
    outer loop
      vertex -20.885586947202682 -36.527685061097145 0
      vertex -20.546020910143852 -34.26878657191992 0
      vertex -20.414213560521603 -34.4142135605216 0
    endloop
  endfacet
  facet normal 0 0 -1
    outer loop
      vertex -20.530733726918697 -36.695518128573895 0
      vertex -20.268786571919918 -34.54602091014385 0
      vertex -20.111140467226505 -34.662939228117466 0
    endloop
  endfacet
  facet normal 0 0 -1
    outer loop
      vertex -20.530733726918697 -36.695518128573895 0
      vertex -20.414213560521603 -34.4142135605216 0
      vertex -20.268786571919918 -34.54602091014385 0
    endloop
  endfacet
  facet normal 0 0 -1
    outer loop
      vertex -21.22228093445301 -36.32587844878435 0
      vertex -20.96157056093216 -33.3901806473732 0
      vertex -20.913880668580532 -33.580569356679916 0
    endloop
  endfacet
  facet normal 0 0 -1
    outer loop
      vertex -21.22228093445301 -36.32587844878435 0
      vertex -20.990369454026222 -33.19603428244591 0
      vertex -20.96157056093216 -33.3901806473732 0
    endloop
  endfacet
  facet normal 0 0 -1
    outer loop
      vertex -21.22228093445301 -36.32587844878435 0
      vertex -21 -33 0
      vertex -20.990369454026222 -33.19603428244591 0
    endloop
  endfacet
  facet normal 0 0 -1
    outer loop
      vertex -21.22228093445301 -36.32587844878435 0
      vertex -20.913880668580532 -33.580569356679916 0
      vertex -20.847759068012238 -33.76536686718464 0
    endloop
  endfacet
  facet normal 0 0 -1
    outer loop
      vertex -20.161138705909252 -36.827761344611645 0
      vertex -19.76536686718464 -34.84775906801224 0
      vertex -19.78036128729582 -36.92314112186432 0
    endloop
  endfacet
  facet normal 0 0 -1
    outer loop
      vertex -19.78036128729582 -36.92314112186432 0
      vertex -19.3901806473732 -34.96157056093216 0
      vertex -19.392068564891815 -36.980738908052444 0
    endloop
  endfacet
  facet normal 0 0 -1
    outer loop
      vertex -20.161138705909252 -36.827761344611645 0
      vertex -20.111140467226505 -34.662939228117466 0
      vertex -19.94279347360134 -34.76384253054857 0
    endloop
  endfacet
  facet normal 0 0 -1
    outer loop
      vertex -20.161138705909252 -36.827761344611645 0
      vertex -19.94279347360134 -34.76384253054857 0
      vertex -19.76536686718464 -34.84775906801224 0
    endloop
  endfacet
  facet normal 0 0 -1
    outer loop
      vertex -19.78036128729582 -36.92314112186432 0
      vertex -19.76536686718464 -34.84775906801224 0
      vertex -19.580569356679916 -34.91388066858053 0
    endloop
  endfacet
  facet normal 0 0 -1
    outer loop
      vertex -19.78036128729582 -36.92314112186432 0
      vertex -19.580569356679916 -34.91388066858053 0
      vertex -19.3901806473732 -34.96157056093216 0
    endloop
  endfacet
  facet normal 0 0 -1
    outer loop
      vertex -19.392068564891815 -36.980738908052444 0
      vertex -19 -35 0
      vertex -19 -37 0
    endloop
  endfacet
  facet normal 0 0 -1
    outer loop
      vertex -19.392068564891815 -36.980738908052444 0
      vertex -19.3901806473732 -34.96157056093216 0
      vertex -19.196034282445908 -34.99036945402622 0
    endloop
  endfacet
  facet normal 0 0 -1
    outer loop
      vertex -19.392068564891815 -36.980738908052444 0
      vertex -19.196034282445908 -34.99036945402622 0
      vertex -19 -35 0
    endloop
  endfacet
  facet normal -0.8577286070283969 -0.5141027491514958 0
    outer loop
      vertex -22.527685061097145 -34.88558694720268 0
      vertex -22.32587844878435 -35.22228093445301 0
      vertex -22.527685061097145 -34.88558694720268 32.2
    endloop
  endfacet
  facet normal -0.6715589635251563 -0.7409511174895534 0
    outer loop
      vertex -21.828427121043205 -35.828427121043205 0
      vertex -21.537573136389256 -36.092041812837124 0
      vertex -21.828427121043205 -35.828427121043205 32.2
    endloop
  endfacet
  facet normal -0.8032075288650011 -0.5956993080192206 0
    outer loop
      vertex -22.32587844878435 -35.22228093445301 0
      vertex -22.092041812837124 -35.537573136389256 0
      vertex -22.32587844878435 -35.22228093445301 32.2
    endloop
  endfacet
  facet normal -0.7409511174895534 -0.6715589635251563 0
    outer loop
      vertex -22.092041812837124 -35.537573136389256 0
      vertex -21.828427121043205 -35.828427121043205 0
      vertex -22.092041812837124 -35.537573136389256 32.2
    endloop
  endfacet
  facet normal -0.9415440627982695 -0.3368898600571533 0
    outer loop
      vertex -22.827761344611645 -34.16113870590925 0
      vertex -22.695518128573895 -34.5307337269187 0
      vertex -22.827761344611645 -34.16113870590925 32.2
    endloop
  endfacet
  facet normal -0.970031253702096 -0.2429801778770028 0
    outer loop
      vertex -22.827761344611645 -34.16113870590925 0
      vertex -22.92314112186432 -33.78036128729582 32.2
      vertex -22.92314112186432 -33.78036128729582 0
    endloop
  endfacet
  facet normal -0.9039892993552973 -0.42755508025413363 0
    outer loop
      vertex -22.527685061097145 -34.88558694720268 0
      vertex -22.695518128573895 -34.5307337269187 32.2
      vertex -22.695518128573895 -34.5307337269187 0
    endloop
  endfacet
  facet normal -0.9891765093153608 -0.14673047883339677 0
    outer loop
      vertex -22.92314112186432 -33.78036128729582 0
      vertex -22.980738908052444 -33.392068564891815 32.2
      vertex -22.980738908052444 -33.392068564891815 0
    endloop
  endfacet
  facet normal -0.9987954563973425 -0.049067670415704694 0
    outer loop
      vertex -22.980738908052444 -33.392068564891815 0
      vertex -23 -33 32.2
      vertex -23 -33 0
    endloop
  endfacet
  facet normal -0.5956993080192206 -0.8032075288650011 0
    outer loop
      vertex -21.537573136389256 -36.092041812837124 0
      vertex -21.22228093445301 -36.32587844878435 0
      vertex -21.537573136389256 -36.092041812837124 32.2
    endloop
  endfacet
  facet normal -0.5141027491514958 -0.8577286070283969 0
    outer loop
      vertex -21.22228093445301 -36.32587844878435 0
      vertex -20.885586947202682 -36.527685061097145 0
      vertex -21.22228093445301 -36.32587844878435 32.2
    endloop
  endfacet
  facet normal -0.42755508025413363 -0.9039892993552973 0
    outer loop
      vertex -20.885586947202682 -36.527685061097145 0
      vertex -20.530733726918697 -36.695518128573895 0
      vertex -20.885586947202682 -36.527685061097145 32.2
    endloop
  endfacet
  facet normal -0.3368898600571533 -0.9415440627982695 0
    outer loop
      vertex -20.530733726918697 -36.695518128573895 0
      vertex -20.161138705909252 -36.827761344611645 0
      vertex -20.530733726918697 -36.695518128573895 32.2
    endloop
  endfacet
  facet normal -0.2429801778770028 -0.970031253702096 0
    outer loop
      vertex -20.161138705909252 -36.827761344611645 0
      vertex -19.78036128729582 -36.92314112186432 0
      vertex -20.161138705909252 -36.827761344611645 32.2
    endloop
  endfacet
  facet normal -0.14673047883339677 -0.9891765093153608 0
    outer loop
      vertex -19.78036128729582 -36.92314112186432 0
      vertex -19.392068564891815 -36.980738908052444 0
      vertex -19.78036128729582 -36.92314112186432 32.2
    endloop
  endfacet
  facet normal -0.049067670415704694 -0.9987954563973425 0
    outer loop
      vertex -19.392068564891815 -36.980738908052444 0
      vertex -19 -37 0
      vertex -19.392068564891815 -36.980738908052444 32.2
    endloop
  endfacet
  facet normal 0 0 -1
    outer loop
      vertex -22.527685061097145 -34.88558694720268 0
      vertex -22.695518128573895 -34.5307337269187 0
      vertex -22.695518128573895 34.5307337269187 0
    endloop
  endfacet
  facet normal 0 0 -1
    outer loop
      vertex -22.527685061097145 -34.88558694720268 0
      vertex -22.527685061097145 34.88558694720268 0
      vertex -22.32587844878435 -35.22228093445301 0
    endloop
  endfacet
  facet normal 0 0 -1
    outer loop
      vertex -22.32587844878435 -35.22228093445301 0
      vertex -22.32587844878435 35.22228093445301 0
      vertex -22.092041812837124 -35.537573136389256 0
    endloop
  endfacet
  facet normal 0 0 -1
    outer loop
      vertex -22.092041812837124 -35.537573136389256 0
      vertex -22.092041812837124 35.537573136389256 0
      vertex -21.828427121043205 -35.828427121043205 0
    endloop
  endfacet
  facet normal 0 0 -1
    outer loop
      vertex -21.828427121043205 -35.828427121043205 0
      vertex -21.828427121043205 35.828427121043205 0
      vertex -21.537573136389256 -36.092041812837124 0
    endloop
  endfacet
  facet normal 0 0 -1
    outer loop
      vertex -22.827761344611645 -34.16113870590925 0
      vertex -22.92314112186432 -33.78036128729582 0
      vertex -22.92314112186432 33.78036128729582 0
    endloop
  endfacet
  facet normal 0 0 -1
    outer loop
      vertex -22.92314112186432 -33.78036128729582 0
      vertex -22.980738908052444 -33.392068564891815 0
      vertex -22.980738908052444 33.392068564891815 0
    endloop
  endfacet
  facet normal 0 0 -1
    outer loop
      vertex -22.980738908052444 -33.392068564891815 0
      vertex -23 -33 0
      vertex -23 33 0
    endloop
  endfacet
  facet normal 0 0 -1
    outer loop
      vertex -22.827761344611645 -34.16113870590925 0
      vertex -22.827761344611645 34.16113870590925 0
      vertex -22.695518128573895 -34.5307337269187 0
    endloop
  endfacet
  facet normal 0 0 -1
    outer loop
      vertex -21.537573136389256 -36.092041812837124 0
      vertex -21.537573136389256 36.092041812837124 0
      vertex -21.22228093445301 -36.32587844878435 0
    endloop
  endfacet
  facet normal 0 0 -1
    outer loop
      vertex -21.22228093445301 -36.32587844878435 0
      vertex -21.22228093445301 36.32587844878435 0
      vertex -21 -33 0
    endloop
  endfacet
  facet normal 0 0 -1
    outer loop
      vertex -19 -37 0
      vertex -19 -35 0
      vertex 19 -35 0
    endloop
  endfacet
  facet normal 0 -1 0
    outer loop
      vertex -19 -37 0
      vertex 19 -37 0
      vertex -19 -37 32.2
    endloop
  endfacet
  facet normal -0.9039892993552973 -0.42755508025413363 0
    outer loop
      vertex -22.527685061097145 -34.88558694720268 0
      vertex -22.527685061097145 -34.88558694720268 32.2
      vertex -22.695518128573895 -34.5307337269187 32.2
    endloop
  endfacet
  facet normal -0.8577286070283969 -0.5141027491514958 0
    outer loop
      vertex -22.32587844878435 -35.22228093445301 0
      vertex -22.32587844878435 -35.22228093445301 32.2
      vertex -22.527685061097145 -34.88558694720268 32.2
    endloop
  endfacet
  facet normal -0.6715589635251563 -0.7409511174895534 0
    outer loop
      vertex -21.537573136389256 -36.092041812837124 0
      vertex -21.537573136389256 -36.092041812837124 32.2
      vertex -21.828427121043205 -35.828427121043205 32.2
    endloop
  endfacet
  facet normal -0.8032075288650011 -0.5956993080192206 0
    outer loop
      vertex -22.092041812837124 -35.537573136389256 0
      vertex -22.092041812837124 -35.537573136389256 32.2
      vertex -22.32587844878435 -35.22228093445301 32.2
    endloop
  endfacet
  facet normal -0.7409511174895534 -0.6715589635251563 0
    outer loop
      vertex -21.828427121043205 -35.828427121043205 0
      vertex -21.828427121043205 -35.828427121043205 32.2
      vertex -22.092041812837124 -35.537573136389256 32.2
    endloop
  endfacet
  facet normal -0.9415440627982695 -0.3368898600571533 0
    outer loop
      vertex -22.695518128573895 -34.5307337269187 0
      vertex -22.695518128573895 -34.5307337269187 32.2
      vertex -22.827761344611645 -34.16113870590925 32.2
    endloop
  endfacet
  facet normal -0.970031253702096 -0.2429801778770028 0
    outer loop
      vertex -22.827761344611645 -34.16113870590925 0
      vertex -22.827761344611645 -34.16113870590925 32.2
      vertex -22.92314112186432 -33.78036128729582 32.2
    endloop
  endfacet
  facet normal -0.9891765093153608 -0.14673047883339677 0
    outer loop
      vertex -22.92314112186432 -33.78036128729582 0
      vertex -22.92314112186432 -33.78036128729582 32.2
      vertex -22.980738908052444 -33.392068564891815 32.2
    endloop
  endfacet
  facet normal -0.9987954563973425 -0.049067670415704694 0
    outer loop
      vertex -22.980738908052444 -33.392068564891815 0
      vertex -22.980738908052444 -33.392068564891815 32.2
      vertex -23 -33 32.2
    endloop
  endfacet
  facet normal -0.5956993080192206 -0.8032075288650011 0
    outer loop
      vertex -21.22228093445301 -36.32587844878435 0
      vertex -21.22228093445301 -36.32587844878435 32.2
      vertex -21.537573136389256 -36.092041812837124 32.2
    endloop
  endfacet
  facet normal -0.5141027491514958 -0.8577286070283969 0
    outer loop
      vertex -20.885586947202682 -36.527685061097145 0
      vertex -20.885586947202682 -36.527685061097145 32.2
      vertex -21.22228093445301 -36.32587844878435 32.2
    endloop
  endfacet
  facet normal -0.42755508025413363 -0.9039892993552973 0
    outer loop
      vertex -20.530733726918697 -36.695518128573895 0
      vertex -20.530733726918697 -36.695518128573895 32.2
      vertex -20.885586947202682 -36.527685061097145 32.2
    endloop
  endfacet
  facet normal -0.3368898600571533 -0.9415440627982695 0
    outer loop
      vertex -20.161138705909252 -36.827761344611645 0
      vertex -20.161138705909252 -36.827761344611645 32.2
      vertex -20.530733726918697 -36.695518128573895 32.2
    endloop
  endfacet
  facet normal -0.2429801778770028 -0.970031253702096 0
    outer loop
      vertex -19.78036128729582 -36.92314112186432 0
      vertex -19.78036128729582 -36.92314112186432 32.2
      vertex -20.161138705909252 -36.827761344611645 32.2
    endloop
  endfacet
  facet normal -0.14673047883339677 -0.9891765093153608 0
    outer loop
      vertex -19.392068564891815 -36.980738908052444 0
      vertex -19.392068564891815 -36.980738908052444 32.2
      vertex -19.78036128729582 -36.92314112186432 32.2
    endloop
  endfacet
  facet normal -0.049067670415704694 -0.9987954563973425 0
    outer loop
      vertex -19 -37 0
      vertex -19 -37 32.2
      vertex -19.392068564891815 -36.980738908052444 32.2
    endloop
  endfacet
  facet normal 0 0 1
    outer loop
      vertex -19.392068564891815 -36.980738908052444 32.2
      vertex -19 -37 32.2
      vertex -19.039364474075196 -32.430518861410725 32.2
    endloop
  endfacet
  facet normal 0 0 1
    outer loop
      vertex -19.392068564891815 -36.980738908052444 32.2
      vertex -19.076557877698736 -32.32657026191127 32.2
      vertex -19.103383440453634 -32.219476612268146 32.2
    endloop
  endfacet
  facet normal 0 0 1
    outer loop
      vertex -19.392068564891815 -36.980738908052444 32.2
      vertex -19.039364474075196 -32.430518861410725 32.2
      vertex -19.076557877698736 -32.32657026191127 32.2
    endloop
  endfacet
  facet normal 0 0 1
    outer loop
      vertex -19.392068564891815 -36.980738908052444 32.2
      vertex -19.103383440453634 -32.219476612268146 32.2
      vertex -19.11958281750622 -32.11026928287075 32.2
    endloop
  endfacet
  facet normal 0 0 1
    outer loop
      vertex -19.392068564891815 -36.980738908052444 32.2
      vertex -19.11958281750622 -32.11026928287075 32.2
      vertex -19.125 -32 32.2
    endloop
  endfacet
  facet normal 0 0 1
    outer loop
      vertex -19.392068564891815 -36.980738908052444 32.2
      vertex -19.125 -32 32.2
      vertex -19.11958281750622 -31.889730717129243 32.2
    endloop
  endfacet
  facet normal 0 0 1
    outer loop
      vertex -19 -37 32.2
      vertex -18.869636760033078 -32.7136924446841 32.2
      vertex -18.935403313840364 -32.625016512147056 32.2
    endloop
  endfacet
  facet normal 0 0 1
    outer loop
      vertex -19 -37 32.2
      vertex -18.795495128834865 -32.795495128834865 32.2
      vertex -18.869636760033078 -32.7136924446841 32.2
    endloop
  endfacet
  facet normal 0 0 1
    outer loop
      vertex -19 -37 32.2
      vertex -18.625016512147052 -32.93540331384036 32.2
      vertex -18.713692444684103 -32.86963676003308 32.2
    endloop
  endfacet
  facet normal 0 0 1
    outer loop
      vertex -19 -37 32.2
      vertex -18.713692444684103 -32.86963676003308 32.2
      vertex -18.795495128834865 -32.795495128834865 32.2
    endloop
  endfacet
  facet normal 0 0 1
    outer loop
      vertex -19 -37 32.2
      vertex -18.530321328929247 -32.9921614223919 32.2
      vertex -18.625016512147052 -32.93540331384036 32.2
    endloop
  endfacet
  facet normal 0 0 1
    outer loop
      vertex -19 -37 32.2
      vertex -18.9921614223919 -32.53032132892925 32.2
      vertex -19.039364474075196 -32.430518861410725 32.2
    endloop
  endfacet
  facet normal 0 0 1
    outer loop
      vertex -19 -37 32.2
      vertex -18.935403313840364 -32.625016512147056 32.2
      vertex -18.9921614223919 -32.53032132892925 32.2
    endloop
  endfacet
  facet normal 0 0 1
    outer loop
      vertex -19 -37 32.2
      vertex -18.430518861410725 -33.0393644740752 32.2
      vertex -18.530321328929247 -32.9921614223919 32.2
    endloop
  endfacet
  facet normal 0 0 1
    outer loop
      vertex -19 -37 32.2
      vertex -18.32657026191127 -33.07655787769873 32.2
      vertex -18.430518861410725 -33.0393644740752 32.2
    endloop
  endfacet
  facet normal 0 0 1
    outer loop
      vertex -19 -37 32.2
      vertex -18.219476612268146 -33.103383440453634 32.2
      vertex -18.32657026191127 -33.07655787769873 32.2
    endloop
  endfacet
  facet normal 0 0 1
    outer loop
      vertex -19 -37 32.2
      vertex -18.110269282870757 -33.11958281750622 32.2
      vertex -18.219476612268146 -33.103383440453634 32.2
    endloop
  endfacet
  facet normal 0 0 1
    outer loop
      vertex -19 -37 32.2
      vertex -18 -33.125 32.2
      vertex -18.110269282870757 -33.11958281750622 32.2
    endloop
  endfacet
  facet normal 0 0 1
    outer loop
      vertex -19 -37 32.2
      vertex -17.889730717129243 -33.11958281750622 32.2
      vertex -18 -33.125 32.2
    endloop
  endfacet
  facet normal 0 0 1
    outer loop
      vertex -19 -37 32.2
      vertex -17.780523387731854 -33.103383440453634 32.2
      vertex -17.889730717129243 -33.11958281750622 32.2
    endloop
  endfacet
  facet normal 0 0 1
    outer loop
      vertex -19 -37 32.2
      vertex -17.67342973808873 -33.07655787769873 32.2
      vertex -17.780523387731854 -33.103383440453634 32.2
    endloop
  endfacet
  facet normal 0 0 1
    outer loop
      vertex -19 -37 32.2
      vertex -17.569481138589275 -33.0393644740752 32.2
      vertex -17.67342973808873 -33.07655787769873 32.2
    endloop
  endfacet
  facet normal 0 0 1
    outer loop
      vertex -19 -37 32.2
      vertex -17.469678671070753 -32.9921614223919 32.2
      vertex -17.569481138589275 -33.0393644740752 32.2
    endloop
  endfacet
  facet normal 0 0 1
    outer loop
      vertex -19 -37 32.2
      vertex -17.374983487852948 -32.93540331384036 32.2
      vertex -17.469678671070753 -32.9921614223919 32.2
    endloop
  endfacet
  facet normal 0 0 1
    outer loop
      vertex -19 -37 32.2
      vertex -17.286307555315897 -32.86963676003308 32.2
      vertex -17.374983487852948 -32.93540331384036 32.2
    endloop
  endfacet
  facet normal 0 0 1
    outer loop
      vertex -19 -37 32.2
      vertex -4.9 -29.6 32.2
      vertex -17.286307555315897 -32.86963676003308 32.2
    endloop
  endfacet
  facet normal 0 0 1
    outer loop
      vertex -17.204504871165135 -32.795495128834865 32.2
      vertex -17.286307555315897 -32.86963676003308 32.2
      vertex -4.9 -29.6 32.2
    endloop
  endfacet
  facet normal 0 0 1
    outer loop
      vertex -17.204504871165135 -32.795495128834865 32.2
      vertex -4.9 -29.6 32.2
      vertex -17.130363239966922 -32.7136924446841 32.2
    endloop
  endfacet
  facet normal 0 0 1
    outer loop
      vertex -17.130363239966922 -32.7136924446841 32.2
      vertex -4.9 -29.6 32.2
      vertex -17.064596686159636 -32.625016512147056 32.2
    endloop
  endfacet
  facet normal 0 0 1
    outer loop
      vertex -17.064596686159636 -32.625016512147056 32.2
      vertex -4.9 -29.6 32.2
      vertex -17.0078385776081 -32.53032132892925 32.2
    endloop
  endfacet
  facet normal 0 0 1
    outer loop
      vertex -17.0078385776081 -32.53032132892925 32.2
      vertex -4.9 -29.6 32.2
      vertex -16.960635525924804 -32.430518861410725 32.2
    endloop
  endfacet
  facet normal 0 0 1
    outer loop
      vertex -17.286307555315897 -31.130363239966922 32.2
      vertex -17.204504871165135 -31.204504871165135 32.2
      vertex -4.9 -24.400000000000002 32.2
    endloop
  endfacet
  facet normal 0 0 1
    outer loop
      vertex -17.130363239966922 -31.286307555315897 32.2
      vertex -4.9 -24.400000000000002 32.2
      vertex -17.204504871165135 -31.204504871165135 32.2
    endloop
  endfacet
  facet normal 0 0 1
    outer loop
      vertex -17.064596686159636 -31.374983487852948 32.2
      vertex -4.9 -24.400000000000002 32.2
      vertex -17.130363239966922 -31.286307555315897 32.2
    endloop
  endfacet
  facet normal 0 0 1
    outer loop
      vertex -17.0078385776081 -31.469678671070753 32.2
      vertex -4.9 -24.400000000000002 32.2
      vertex -17.064596686159636 -31.374983487852948 32.2
    endloop
  endfacet
  facet normal 0 0 1
    outer loop
      vertex -16.960635525924804 -31.569481138589275 32.2
      vertex -4.9 -24.400000000000002 32.2
      vertex -17.0078385776081 -31.469678671070753 32.2
    endloop
  endfacet
  facet normal 0 0 1
    outer loop
      vertex -16.960635525924804 -32.430518861410725 32.2
      vertex -4.9 -29.6 32.2
      vertex -16.923442122301264 -32.32657026191127 32.2
    endloop
  endfacet
  facet normal 0 0 1
    outer loop
      vertex -16.923442122301264 -32.32657026191127 32.2
      vertex -4.9 -29.6 32.2
      vertex -16.896616559546366 -32.219476612268146 32.2
    endloop
  endfacet
  facet normal 0 0 1
    outer loop
      vertex -16.896616559546366 -32.219476612268146 32.2
      vertex -4.9 -29.6 32.2
      vertex -16.88041718249378 -32.11026928287075 32.2
    endloop
  endfacet
  facet normal 0 0 1
    outer loop
      vertex -16.88041718249378 -32.11026928287075 32.2
      vertex -4.9 -29.6 32.2
      vertex -16.875 -32 32.2
    endloop
  endfacet
  facet normal 0 0 1
    outer loop
      vertex -16.875 -32 32.2
      vertex -4.9 -29.6 32.2
      vertex -16.88041718249378 -31.889730717129243 32.2
    endloop
  endfacet
  facet normal 0 0 1
    outer loop
      vertex -16.88041718249378 -31.889730717129243 32.2
      vertex -4.9 -29.6 32.2
      vertex -16.896616559546366 -31.780523387731854 32.2
    endloop
  endfacet
  facet normal 0 0 1
    outer loop
      vertex -16.896616559546366 -31.780523387731854 32.2
      vertex -4.9 -29.6 32.2
      vertex -16.923442122301264 -31.67342973808873 32.2
    endloop
  endfacet
  facet normal 0 0 1
    outer loop
      vertex -16.923442122301264 -31.67342973808873 32.2
      vertex -4.9 -24.400000000000002 32.2
      vertex -16.960635525924804 -31.569481138589275 32.2
    endloop
  endfacet
  facet normal -1 0 0
    outer loop
      vertex -23 -33 0
      vertex -23 -33 32.2
      vertex -23 33 32.2
    endloop
  endfacet
  facet normal 0 0 1
    outer loop
      vertex -22.527685061097145 -34.88558694720268 32.2
      vertex -22.695518128573895 34.5307337269187 32.2
      vertex -22.695518128573895 -34.5307337269187 32.2
    endloop
  endfacet
  facet normal 0 0 1
    outer loop
      vertex -22.527685061097145 -34.88558694720268 32.2
      vertex -22.32587844878435 -35.22228093445301 32.2
      vertex -22.527685061097145 34.88558694720268 32.2
    endloop
  endfacet
  facet normal 0 0 1
    outer loop
      vertex -22.32587844878435 -35.22228093445301 32.2
      vertex -22.092041812837124 -35.537573136389256 32.2
      vertex -22.32587844878435 35.22228093445301 32.2
    endloop
  endfacet
  facet normal 0 0 1
    outer loop
      vertex -22.092041812837124 -35.537573136389256 32.2
      vertex -21.828427121043205 -35.828427121043205 32.2
      vertex -22.092041812837124 35.537573136389256 32.2
    endloop
  endfacet
  facet normal 0 0 1
    outer loop
      vertex -21.828427121043205 -35.828427121043205 32.2
      vertex -21.537573136389256 -36.092041812837124 32.2
      vertex -21.828427121043205 35.828427121043205 32.2
    endloop
  endfacet
  facet normal 0 0 1
    outer loop
      vertex -22.827761344611645 -34.16113870590925 32.2
      vertex -22.92314112186432 33.78036128729582 32.2
      vertex -22.92314112186432 -33.78036128729582 32.2
    endloop
  endfacet
  facet normal 0 0 1
    outer loop
      vertex -22.92314112186432 -33.78036128729582 32.2
      vertex -22.980738908052444 33.392068564891815 32.2
      vertex -22.980738908052444 -33.392068564891815 32.2
    endloop
  endfacet
  facet normal 0 0 1
    outer loop
      vertex -22.980738908052444 -33.392068564891815 32.2
      vertex -23 33 32.2
      vertex -23 -33 32.2
    endloop
  endfacet
  facet normal 0 0 1
    outer loop
      vertex -22.827761344611645 -34.16113870590925 32.2
      vertex -22.695518128573895 -34.5307337269187 32.2
      vertex -22.827761344611645 34.16113870590925 32.2
    endloop
  endfacet
  facet normal 0 0 1
    outer loop
      vertex -21.537573136389256 -36.092041812837124 32.2
      vertex -21.22228093445301 -36.32587844878435 32.2
      vertex -21.537573136389256 36.092041812837124 32.2
    endloop
  endfacet
  facet normal 0 0 1
    outer loop
      vertex -21.22228093445301 -36.32587844878435 32.2
      vertex -20.885586947202682 -36.527685061097145 32.2
      vertex -21.22228093445301 36.32587844878435 32.2
    endloop
  endfacet
  facet normal 0 0 1
    outer loop
      vertex -20.885586947202682 -36.527685061097145 32.2
      vertex -20.530733726918697 -36.695518128573895 32.2
      vertex -20.885586947202682 36.527685061097145 32.2
    endloop
  endfacet
  facet normal 0 0 1
    outer loop
      vertex -20.530733726918697 -36.695518128573895 32.2
      vertex -20.161138705909252 -36.827761344611645 32.2
      vertex -20.530733726918697 36.695518128573895 32.2
    endloop
  endfacet
  facet normal 0 0 1
    outer loop
      vertex -20.161138705909252 -36.827761344611645 32.2
      vertex -19.78036128729582 -36.92314112186432 32.2
      vertex -20.161138705909252 36.827761344611645 32.2
    endloop
  endfacet
  facet normal 0 0 1
    outer loop
      vertex -19.78036128729582 -36.92314112186432 32.2
      vertex -19.392068564891815 -36.980738908052444 32.2
      vertex -19.78036128729582 36.92314112186432 32.2
    endloop
  endfacet
  facet normal 0 0 1
    outer loop
      vertex -19.392068564891815 -36.980738908052444 32.2
      vertex -19.11958281750622 -31.889730717129243 32.2
      vertex -19.392068564891815 36.980738908052444 32.2
    endloop
  endfacet
  facet normal 0 0 1
    outer loop
      vertex -18.935403313840364 -31.374983487852948 32.2
      vertex -18.9921614223919 31.469678671070753 32.2
      vertex -18.9921614223919 -31.469678671070753 32.2
    endloop
  endfacet
  facet normal 0 0 1
    outer loop
      vertex -18.869636760033078 -31.286307555315897 32.2
      vertex -18.9921614223919 31.469678671070753 32.2
      vertex -18.935403313840364 -31.374983487852948 32.2
    endloop
  endfacet
  facet normal 0 0 1
    outer loop
      vertex -18.795495128834865 -31.204504871165135 32.2
      vertex -18.935403313840364 31.374983487852948 32.2
      vertex -18.869636760033078 -31.286307555315897 32.2
    endloop
  endfacet
  facet normal 0 0 1
    outer loop
      vertex -18.795495128834865 -31.204504871165135 32.2
      vertex -18.713692444684103 -31.130363239966922 32.2
      vertex -18.935403313840364 31.374983487852948 32.2
    endloop
  endfacet
  facet normal 0 0 1
    outer loop
      vertex -18.713692444684103 -31.130363239966922 32.2
      vertex -18.625016512147052 -31.064596686159636 32.2
      vertex -18.869636760033078 31.286307555315897 32.2
    endloop
  endfacet
  facet normal 0 0 1
    outer loop
      vertex -18.625016512147052 -31.064596686159636 32.2
      vertex -18.530321328929247 -31.0078385776081 32.2
      vertex -18.713692444684103 31.130363239966922 32.2
    endloop
  endfacet
  facet normal 0 0 1
    outer loop
      vertex -18.530321328929247 -31.0078385776081 32.2
      vertex -18.430518861410725 -30.960635525924804 32.2
      vertex -18.625016512147052 31.064596686159636 32.2
    endloop
  endfacet
  facet normal 0 0 1
    outer loop
      vertex -18.430518861410725 -30.960635525924804 32.2
      vertex -18.32657026191127 -30.923442122301264 32.2
      vertex -18.530321328929247 31.0078385776081 32.2
    endloop
  endfacet
  facet normal 0 0 1
    outer loop
      vertex -18.32657026191127 -30.923442122301264 32.2
      vertex -18.219476612268146 -30.896616559546366 32.2
      vertex -18.430518861410725 30.960635525924804 32.2
    endloop
  endfacet
  facet normal 0 0 1
    outer loop
      vertex -18.219476612268146 -30.896616559546366 32.2
      vertex -18.110269282870757 -30.88041718249378 32.2
      vertex -18.32657026191127 30.923442122301264 32.2
    endloop
  endfacet
  facet normal 0 0 1
    outer loop
      vertex -18.110269282870757 -30.88041718249378 32.2
      vertex -18 -30.875 32.2
      vertex -18.219476612268146 30.896616559546366 32.2
    endloop
  endfacet
  facet normal 0 0 1
    outer loop
      vertex -18 -30.875 32.2
      vertex -17.889730717129243 -30.88041718249378 32.2
      vertex -18.110269282870757 30.88041718249378 32.2
    endloop
  endfacet
  facet normal 0 0 1
    outer loop
      vertex -17.889730717129243 -30.88041718249378 32.2
      vertex -17.780523387731854 -30.896616559546366 32.2
      vertex -17.889730717129243 30.88041718249378 32.2
    endloop
  endfacet
  facet normal 0 0 1
    outer loop
      vertex -17.780523387731854 -30.896616559546366 32.2
      vertex -17.67342973808873 -30.923442122301264 32.2
      vertex -17.0078385776081 31.469678671070753 32.2
    endloop
  endfacet
  facet normal 0 0 1
    outer loop
      vertex -17.67342973808873 -30.923442122301264 32.2
      vertex -17.569481138589275 -30.960635525924804 32.2
      vertex -17.0078385776081 31.469678671070753 32.2
    endloop
  endfacet
  facet normal 0 0 1
    outer loop
      vertex -17.569481138589275 -30.960635525924804 32.2
      vertex -17.469678671070753 -31.0078385776081 32.2
      vertex -17.0078385776081 31.469678671070753 32.2
    endloop
  endfacet
  facet normal 0 0 1
    outer loop
      vertex -17.469678671070753 -31.0078385776081 32.2
      vertex -17.374983487852948 -31.064596686159636 32.2
      vertex -17.0078385776081 31.469678671070753 32.2
    endloop
  endfacet
  facet normal 0 0 1
    outer loop
      vertex -19.392068564891815 36.980738908052444 32.2
      vertex -19.11958281750622 -31.889730717129243 32.2
      vertex -19.103383440453634 -31.780523387731854 32.2
    endloop
  endfacet
  facet normal 0 0 1
    outer loop
      vertex -19.392068564891815 36.980738908052444 32.2
      vertex -19.103383440453634 -31.780523387731854 32.2
      vertex -19.076557877698736 -31.67342973808873 32.2
    endloop
  endfacet
  facet normal 0 0 1
    outer loop
      vertex -19.392068564891815 36.980738908052444 32.2
      vertex -19.076557877698736 -31.67342973808873 32.2
      vertex -19.039364474075196 -31.569481138589275 32.2
    endloop
  endfacet
  facet normal 0 0 1
    outer loop
      vertex -19.392068564891815 36.980738908052444 32.2
      vertex -19.039364474075196 -31.569481138589275 32.2
      vertex -18.9921614223919 -31.469678671070753 32.2
    endloop
  endfacet
  facet normal 0 0 1
    outer loop
      vertex -17.374983487852948 -31.064596686159636 32.2
      vertex -17.286307555315897 -31.130363239966922 32.2
      vertex -17.0078385776081 31.469678671070753 32.2
    endloop
  endfacet
  facet normal 0 0 1
    outer loop
      vertex -17.286307555315897 -31.130363239966922 32.2
      vertex -6.435410503598313 -1.4354270158816935 32.2
      vertex -17.0078385776081 31.469678671070753 32.2
    endloop
  endfacet
  facet normal 0 0 1
    outer loop
      vertex -4.9 -24.400000000000002 32.2
      vertex -16.923442122301264 -31.67342973808873 32.2
      vertex -4.9 -29.6 32.2
    endloop
  endfacet
  facet normal 0 0 1
    outer loop
      vertex -19 -37 32.2
      vertex 4.9 -29.6 32.2
      vertex -4.9 -29.6 32.2
    endloop
  endfacet
  facet normal 0 0 1
    outer loop
      vertex -4.9 -24.400000000000002 32.2
      vertex -6.247204418453817 -1.8333553495294033 32.2
      vertex -17.286307555315897 -31.130363239966922 32.2
    endloop
  endfacet
  facet normal 0 0 1
    outer loop
      vertex -6.38581929876693 -1.5740251485476346 32.2
      vertex -17.286307555315897 -31.130363239966922 32.2
      vertex -6.322881896522532 -1.7070951052389964 32.2
    endloop
  endfacet
  facet normal 0 0 1
    outer loop
      vertex -6.435410503598313 -1.4354270158816935 32.2
      vertex -17.286307555315897 -31.130363239966922 32.2
      vertex -6.38581929876693 -1.5740251485476346 32.2
    endloop
  endfacet
  facet normal 0 0 1
    outer loop
      vertex -6.322881896522532 -1.7070951052389964 32.2
      vertex -17.286307555315897 -31.130363239966922 32.2
      vertex -6.247204418453817 -1.8333553495294033 32.2
    endloop
  endfacet
  facet normal 0 0 1
    outer loop
      vertex -4.9 -24.400000000000002 32.2
      vertex -6.159515680044105 -1.9515899262454681 32.2
      vertex -6.247204418453817 -1.8333553495294033 32.2
    endloop
  endfacet
  facet normal 0 0 1
    outer loop
      vertex -4.9 -24.400000000000002 32.2
      vertex -5.951589926245468 -2.1595156800441053 32.2
      vertex -6.060660171779821 -2.0606601717798214 32.2
    endloop
  endfacet
  facet normal 0 0 1
    outer loop
      vertex -4.9 -24.400000000000002 32.2
      vertex -6.060660171779821 -2.0606601717798214 32.2
      vertex -6.159515680044105 -1.9515899262454681 32.2
    endloop
  endfacet
  facet normal 0 0 1
    outer loop
      vertex -4.9 -24.400000000000002 32.2
      vertex -5.833355349529404 -2.247204418453818 32.2
      vertex -5.951589926245468 -2.1595156800441053 32.2
    endloop
  endfacet
  facet normal 0 0 1
    outer loop
      vertex -4.9 -24.400000000000002 32.2
      vertex -5.574025148547634 -2.38581929876693 32.2
      vertex -5.707095105238997 -2.3228818965225324 32.2
    endloop
  endfacet
  facet normal 0 0 1
    outer loop
      vertex -4.9 -24.400000000000002 32.2
      vertex -5.707095105238997 -2.3228818965225324 32.2
      vertex -5.833355349529404 -2.247204418453818 32.2
    endloop
  endfacet
  facet normal 0 0 1
    outer loop
      vertex -4.9 -24.400000000000002 32.2
      vertex -5.435427015881693 -2.4354105035983133 32.2
      vertex -5.574025148547634 -2.38581929876693 32.2
    endloop
  endfacet
  facet normal 0 0 1
    outer loop
      vertex -4.9 -24.400000000000002 32.2
      vertex -5.292635483024192 -2.4711779206048456 32.2
      vertex -5.435427015881693 -2.4354105035983133 32.2
    endloop
  endfacet
  facet normal 0 0 1
    outer loop
      vertex -4.9 -24.400000000000002 32.2
      vertex -5.147025710494341 -2.4927770900082953 32.2
      vertex -5.292635483024192 -2.4711779206048456 32.2
    endloop
  endfacet
  facet normal 0 0 1
    outer loop
      vertex -4.9 -24.400000000000002 32.2
      vertex -5 -2.5 32.2
      vertex -5.147025710494341 -2.4927770900082953 32.2
    endloop
  endfacet
  facet normal 0 0 1
    outer loop
      vertex -4.9 -24.400000000000002 32.2
      vertex -4.852974289505659 -2.4927770900082953 32.2
      vertex -5 -2.5 32.2
    endloop
  endfacet
  facet normal 0 0 1
    outer loop
      vertex -4.9 -24.400000000000002 32.2
      vertex 4.9 -24.400000000000002 32.2
      vertex -4.852974289505659 -2.4927770900082953 32.2
    endloop
  endfacet
  facet normal 0 0 1
    outer loop
      vertex 4.9 -24.400000000000002 32.2
      vertex -4.707364516975808 -2.4711779206048456 32.2
      vertex -4.852974289505659 -2.4927770900082953 32.2
    endloop
  endfacet
  facet normal 0 0 1
    outer loop
      vertex 4.9 -24.400000000000002 32.2
      vertex -4.564572984118307 -2.4354105035983133 32.2
      vertex -4.707364516975808 -2.4711779206048456 32.2
    endloop
  endfacet
  facet normal 0 0 1
    outer loop
      vertex 4.9 -24.400000000000002 32.2
      vertex -4.425974851452366 -2.38581929876693 32.2
      vertex -4.564572984118307 -2.4354105035983133 32.2
    endloop
  endfacet
  facet normal 0 0 1
    outer loop
      vertex 4.9 -24.400000000000002 32.2
      vertex -4.292904894761003 -2.3228818965225324 32.2
      vertex -4.425974851452366 -2.38581929876693 32.2
    endloop
  endfacet
  facet normal 0 0 1
    outer loop
      vertex 4.9 -24.400000000000002 32.2
      vertex -4.166644650470596 -2.247204418453818 32.2
      vertex -4.292904894761003 -2.3228818965225324 32.2
    endloop
  endfacet
  facet normal 0 0 1
    outer loop
      vertex -4.048410073754532 -2.1595156800441053 32.2
      vertex -4.166644650470596 -2.247204418453818 32.2
      vertex 4.9 -24.400000000000002 32.2
    endloop
  endfacet
  facet normal 0 0 1
    outer loop
      vertex -3.9393398282201786 -2.0606601717798214 32.2
      vertex -4.048410073754532 -2.1595156800441053 32.2
      vertex 4.9 -24.400000000000002 32.2
    endloop
  endfacet
  facet normal 0 0 1
    outer loop
      vertex -3.9393398282201786 -2.0606601717798214 32.2
      vertex 4.9 -24.400000000000002 32.2
      vertex -3.8404843199558947 -1.9515899262454681 32.2
    endloop
  endfacet
  facet normal 0 0 1
    outer loop
      vertex -3.8404843199558947 -1.9515899262454681 32.2
      vertex 4.9 -24.400000000000002 32.2
      vertex -3.752795581546182 -1.8333553495294033 32.2
    endloop
  endfacet
  facet normal 0 0 1
    outer loop
      vertex -3.752795581546182 -1.8333553495294033 32.2
      vertex 4.9 -24.400000000000002 32.2
      vertex -3.6771181034774676 -1.7070951052389964 32.2
    endloop
  endfacet
  facet normal 0 0 1
    outer loop
      vertex -3.6771181034774676 -1.7070951052389964 32.2
      vertex 4.9 -24.400000000000002 32.2
      vertex -3.61418070123307 -1.5740251485476346 32.2
    endloop
  endfacet
  facet normal 0 0 1
    outer loop
      vertex -3.61418070123307 -1.5740251485476346 32.2
      vertex 4.9 -24.400000000000002 32.2
      vertex -3.5645894964016867 -1.4354270158816935 32.2
    endloop
  endfacet
  facet normal 0 0 1
    outer loop
      vertex -3.5645894964016867 -1.4354270158816935 32.2
      vertex 4.9 -24.400000000000002 32.2
      vertex -3.5288220793951544 -1.2926354830241924 32.2
    endloop
  endfacet
  facet normal 0 0 1
    outer loop
      vertex -3.5288220793951544 -1.2926354830241924 32.2
      vertex 4.9 -24.400000000000002 32.2
      vertex -3.5072229099917047 -1.1470257104943409 32.2
    endloop
  endfacet
  facet normal 0 0 1
    outer loop
      vertex -3.5072229099917047 -1.1470257104943409 32.2
      vertex 4.9 -24.400000000000002 32.2
      vertex -3.5 -1 32.2
    endloop
  endfacet
  facet normal 0 0 1
    outer loop
      vertex 19 -37 32.2
      vertex -16.960635525924804 32.430518861410725 32.2
      vertex -3.61418070123307 -0.42597485145236536 32.2
    endloop
  endfacet
  facet normal 0 0 -1
    outer loop
      vertex -22.980738908052444 -33.392068564891815 0
      vertex -23 33 0
      vertex -22.980738908052444 33.392068564891815 0
    endloop
  endfacet
  facet normal 0 0 -1
    outer loop
      vertex -22.92314112186432 -33.78036128729582 0
      vertex -22.980738908052444 33.392068564891815 0
      vertex -22.92314112186432 33.78036128729582 0
    endloop
  endfacet
  facet normal 0 0 -1
    outer loop
      vertex -22.827761344611645 -34.16113870590925 0
      vertex -22.92314112186432 33.78036128729582 0
      vertex -22.827761344611645 34.16113870590925 0
    endloop
  endfacet
  facet normal 0 0 -1
    outer loop
      vertex -22.695518128573895 -34.5307337269187 0
      vertex -22.827761344611645 34.16113870590925 0
      vertex -22.695518128573895 34.5307337269187 0
    endloop
  endfacet
  facet normal 0 0 -1
    outer loop
      vertex -22.527685061097145 -34.88558694720268 0
      vertex -22.695518128573895 34.5307337269187 0
      vertex -22.527685061097145 34.88558694720268 0
    endloop
  endfacet
  facet normal 0 0 -1
    outer loop
      vertex -22.32587844878435 -35.22228093445301 0
      vertex -22.527685061097145 34.88558694720268 0
      vertex -22.32587844878435 35.22228093445301 0
    endloop
  endfacet
  facet normal 0 0 -1
    outer loop
      vertex -22.092041812837124 -35.537573136389256 0
      vertex -22.32587844878435 35.22228093445301 0
      vertex -22.092041812837124 35.537573136389256 0
    endloop
  endfacet
  facet normal 0 0 -1
    outer loop
      vertex -21.828427121043205 -35.828427121043205 0
      vertex -22.092041812837124 35.537573136389256 0
      vertex -21.828427121043205 35.828427121043205 0
    endloop
  endfacet
  facet normal 0 0 -1
    outer loop
      vertex -21.537573136389256 -36.092041812837124 0
      vertex -21.828427121043205 35.828427121043205 0
      vertex -21.537573136389256 36.092041812837124 0
    endloop
  endfacet
  facet normal 0 0 -1
    outer loop
      vertex -21.22228093445301 -36.32587844878435 0
      vertex -21.537573136389256 36.092041812837124 0
      vertex -21.22228093445301 36.32587844878435 0
    endloop
  endfacet
  facet normal 0 0 -1
    outer loop
      vertex -21 -33 0
      vertex -21.22228093445301 36.32587844878435 0
      vertex -21 33 0
    endloop
  endfacet
  facet normal -1 0 0
    outer loop
      vertex -23 -33 0
      vertex -23 33 32.2
      vertex -23 33 0
    endloop
  endfacet
  facet normal 0 0 -1
    outer loop
      vertex -21 33 0
      vertex -21.22228093445301 36.32587844878435 0
      vertex -20.990369454026222 33.19603428244591 0
    endloop
  endfacet
  facet normal 0 0 -1
    outer loop
      vertex -20.990369454026222 33.19603428244591 0
      vertex -21.22228093445301 36.32587844878435 0
      vertex -20.96157056093216 33.3901806473732 0
    endloop
  endfacet
  facet normal 0 0 -1
    outer loop
      vertex -20.96157056093216 33.3901806473732 0
      vertex -21.22228093445301 36.32587844878435 0
      vertex -20.913880668580532 33.580569356679916 0
    endloop
  endfacet
  facet normal 0 0 -1
    outer loop
      vertex -20.913880668580532 33.580569356679916 0
      vertex -20.885586947202682 36.527685061097145 0
      vertex -20.847759068012238 33.76536686718464 0
    endloop
  endfacet
  facet normal 0 0 -1
    outer loop
      vertex -20.913880668580532 33.580569356679916 0
      vertex -21.22228093445301 36.32587844878435 0
      vertex -20.885586947202682 36.527685061097145 0
    endloop
  endfacet
  facet normal 0 0 -1
    outer loop
      vertex -20.847759068012238 33.76536686718464 0
      vertex -20.885586947202682 36.527685061097145 0
      vertex -20.763842530548573 33.94279347360134 0
    endloop
  endfacet
  facet normal 0 0 -1
    outer loop
      vertex -20.763842530548573 33.94279347360134 0
      vertex -20.885586947202682 36.527685061097145 0
      vertex -20.662939228117466 34.111140467226505 0
    endloop
  endfacet
  facet normal 0 0 -1
    outer loop
      vertex -20.662939228117466 34.111140467226505 0
      vertex -20.885586947202682 36.527685061097145 0
      vertex -20.546020910143852 34.26878657191992 0
    endloop
  endfacet
  facet normal 0 0 -1
    outer loop
      vertex -20.546020910143852 34.26878657191992 0
      vertex -20.530733726918697 36.695518128573895 0
      vertex -20.414213560521603 34.4142135605216 0
    endloop
  endfacet
  facet normal 0 0 -1
    outer loop
      vertex -20.546020910143852 34.26878657191992 0
      vertex -20.885586947202682 36.527685061097145 0
      vertex -20.530733726918697 36.695518128573895 0
    endloop
  endfacet
  facet normal 0 0 -1
    outer loop
      vertex -20.414213560521603 34.4142135605216 0
      vertex -20.530733726918697 36.695518128573895 0
      vertex -20.268786571919918 34.54602091014385 0
    endloop
  endfacet
  facet normal 0 0 -1
    outer loop
      vertex -20.268786571919918 34.54602091014385 0
      vertex -20.161138705909252 36.827761344611645 0
      vertex -20.111140467226505 34.662939228117466 0
    endloop
  endfacet
  facet normal 0 0 -1
    outer loop
      vertex -20.268786571919918 34.54602091014385 0
      vertex -20.530733726918697 36.695518128573895 0
      vertex -20.161138705909252 36.827761344611645 0
    endloop
  endfacet
  facet normal 0 0 -1
    outer loop
      vertex -20.161138705909252 36.827761344611645 0
      vertex -19.94279347360134 34.76384253054857 0
      vertex -20.111140467226505 34.662939228117466 0
    endloop
  endfacet
  facet normal 0 0 -1
    outer loop
      vertex -19.94279347360134 34.76384253054857 0
      vertex -19.78036128729582 36.92314112186432 0
      vertex -19.76536686718464 34.84775906801224 0
    endloop
  endfacet
  facet normal 0 0 -1
    outer loop
      vertex -19.76536686718464 34.84775906801224 0
      vertex -19.78036128729582 36.92314112186432 0
      vertex -19.580569356679916 34.91388066858053 0
    endloop
  endfacet
  facet normal 0 0 -1
    outer loop
      vertex -19.580569356679916 34.91388066858053 0
      vertex -19.392068564891815 36.980738908052444 0
      vertex -19.3901806473732 34.96157056093216 0
    endloop
  endfacet
  facet normal 0 0 -1
    outer loop
      vertex -20.161138705909252 36.827761344611645 0
      vertex -19.78036128729582 36.92314112186432 0
      vertex -19.94279347360134 34.76384253054857 0
    endloop
  endfacet
  facet normal 0 0 -1
    outer loop
      vertex -19.580569356679916 34.91388066858053 0
      vertex -19.78036128729582 36.92314112186432 0
      vertex -19.392068564891815 36.980738908052444 0
    endloop
  endfacet
  facet normal 0 0 -1
    outer loop
      vertex -19.3901806473732 34.96157056093216 0
      vertex -19.392068564891815 36.980738908052444 0
      vertex -19.196034282445908 34.99036945402622 0
    endloop
  endfacet
  facet normal 0 0 -1
    outer loop
      vertex -19.196034282445908 34.99036945402622 0
      vertex -19 37 0
      vertex -19 35 0
    endloop
  endfacet
  facet normal 0 0 -1
    outer loop
      vertex -19.196034282445908 34.99036945402622 0
      vertex -19.392068564891815 36.980738908052444 0
      vertex -19 37 0
    endloop
  endfacet
  facet normal -0.9987954563973425 0.049067670415704694 0
    outer loop
      vertex -23 33 0
      vertex -22.980738908052444 33.392068564891815 32.2
      vertex -22.980738908052444 33.392068564891815 0
    endloop
  endfacet
  facet normal -0.9891765093153608 0.14673047883339677 0
    outer loop
      vertex -22.980738908052444 33.392068564891815 0
      vertex -22.92314112186432 33.78036128729582 32.2
      vertex -22.92314112186432 33.78036128729582 0
    endloop
  endfacet
  facet normal -0.970031253702096 0.2429801778770028 0
    outer loop
      vertex -22.92314112186432 33.78036128729582 0
      vertex -22.827761344611645 34.16113870590925 32.2
      vertex -22.827761344611645 34.16113870590925 0
    endloop
  endfacet
  facet normal -0.9415440627982695 0.3368898600571533 0
    outer loop
      vertex -22.827761344611645 34.16113870590925 0
      vertex -22.695518128573895 34.5307337269187 32.2
      vertex -22.695518128573895 34.5307337269187 0
    endloop
  endfacet
  facet normal -0.9039892993552973 0.42755508025413363 0
    outer loop
      vertex -22.695518128573895 34.5307337269187 0
      vertex -22.527685061097145 34.88558694720268 32.2
      vertex -22.527685061097145 34.88558694720268 0
    endloop
  endfacet
  facet normal -0.8577286070283969 0.5141027491514958 0
    outer loop
      vertex -22.527685061097145 34.88558694720268 0
      vertex -22.32587844878435 35.22228093445301 32.2
      vertex -22.32587844878435 35.22228093445301 0
    endloop
  endfacet
  facet normal -0.8032075288650011 0.5956993080192206 0
    outer loop
      vertex -22.32587844878435 35.22228093445301 0
      vertex -22.092041812837124 35.537573136389256 32.2
      vertex -22.092041812837124 35.537573136389256 0
    endloop
  endfacet
  facet normal -0.7409511174895534 0.6715589635251563 0
    outer loop
      vertex -22.092041812837124 35.537573136389256 0
      vertex -21.828427121043205 35.828427121043205 32.2
      vertex -21.828427121043205 35.828427121043205 0
    endloop
  endfacet
  facet normal -0.6715589635251563 0.7409511174895534 0
    outer loop
      vertex -21.828427121043205 35.828427121043205 0
      vertex -21.537573136389256 36.092041812837124 32.2
      vertex -21.537573136389256 36.092041812837124 0
    endloop
  endfacet
  facet normal -0.5956993080192206 0.8032075288650011 0
    outer loop
      vertex -21.537573136389256 36.092041812837124 0
      vertex -21.22228093445301 36.32587844878435 32.2
      vertex -21.22228093445301 36.32587844878435 0
    endloop
  endfacet
  facet normal -0.5141027491514958 0.8577286070283969 0
    outer loop
      vertex -21.22228093445301 36.32587844878435 0
      vertex -20.885586947202682 36.527685061097145 32.2
      vertex -20.885586947202682 36.527685061097145 0
    endloop
  endfacet
  facet normal -0.42755508025413363 0.9039892993552973 0
    outer loop
      vertex -20.885586947202682 36.527685061097145 0
      vertex -20.530733726918697 36.695518128573895 32.2
      vertex -20.530733726918697 36.695518128573895 0
    endloop
  endfacet
  facet normal -0.3368898600571533 0.9415440627982695 0
    outer loop
      vertex -20.530733726918697 36.695518128573895 0
      vertex -20.161138705909252 36.827761344611645 32.2
      vertex -20.161138705909252 36.827761344611645 0
    endloop
  endfacet
  facet normal -0.2429801778770028 0.970031253702096 0
    outer loop
      vertex -20.161138705909252 36.827761344611645 0
      vertex -19.78036128729582 36.92314112186432 32.2
      vertex -19.78036128729582 36.92314112186432 0
    endloop
  endfacet
  facet normal -0.14673047883339677 0.9891765093153608 0
    outer loop
      vertex -19.78036128729582 36.92314112186432 0
      vertex -19.392068564891815 36.980738908052444 32.2
      vertex -19.392068564891815 36.980738908052444 0
    endloop
  endfacet
  facet normal -0.049067670415704694 0.9987954563973425 0
    outer loop
      vertex -19.392068564891815 36.980738908052444 0
      vertex -19 37 32.2
      vertex -19 37 0
    endloop
  endfacet
  facet normal 0 0 -1
    outer loop
      vertex -19 35 0
      vertex -19 37 0
      vertex 19 37 0
    endloop
  endfacet
  facet normal 0 0 1
    outer loop
      vertex -22.980738908052444 -33.392068564891815 32.2
      vertex -22.980738908052444 33.392068564891815 32.2
      vertex -23 33 32.2
    endloop
  endfacet
  facet normal 0 0 1
    outer loop
      vertex -22.92314112186432 -33.78036128729582 32.2
      vertex -22.92314112186432 33.78036128729582 32.2
      vertex -22.980738908052444 33.392068564891815 32.2
    endloop
  endfacet
  facet normal 0 0 1
    outer loop
      vertex -22.827761344611645 -34.16113870590925 32.2
      vertex -22.827761344611645 34.16113870590925 32.2
      vertex -22.92314112186432 33.78036128729582 32.2
    endloop
  endfacet
  facet normal 0 0 1
    outer loop
      vertex -22.695518128573895 -34.5307337269187 32.2
      vertex -22.695518128573895 34.5307337269187 32.2
      vertex -22.827761344611645 34.16113870590925 32.2
    endloop
  endfacet
  facet normal 0 0 1
    outer loop
      vertex -22.527685061097145 -34.88558694720268 32.2
      vertex -22.527685061097145 34.88558694720268 32.2
      vertex -22.695518128573895 34.5307337269187 32.2
    endloop
  endfacet
  facet normal 0 0 1
    outer loop
      vertex -22.32587844878435 -35.22228093445301 32.2
      vertex -22.32587844878435 35.22228093445301 32.2
      vertex -22.527685061097145 34.88558694720268 32.2
    endloop
  endfacet
  facet normal 0 0 1
    outer loop
      vertex -22.092041812837124 -35.537573136389256 32.2
      vertex -22.092041812837124 35.537573136389256 32.2
      vertex -22.32587844878435 35.22228093445301 32.2
    endloop
  endfacet
  facet normal 0 0 1
    outer loop
      vertex -21.828427121043205 -35.828427121043205 32.2
      vertex -21.828427121043205 35.828427121043205 32.2
      vertex -22.092041812837124 35.537573136389256 32.2
    endloop
  endfacet
  facet normal 0 0 1
    outer loop
      vertex -21.537573136389256 -36.092041812837124 32.2
      vertex -21.537573136389256 36.092041812837124 32.2
      vertex -21.828427121043205 35.828427121043205 32.2
    endloop
  endfacet
  facet normal 0 0 1
    outer loop
      vertex -21.22228093445301 -36.32587844878435 32.2
      vertex -21.22228093445301 36.32587844878435 32.2
      vertex -21.537573136389256 36.092041812837124 32.2
    endloop
  endfacet
  facet normal 0 0 1
    outer loop
      vertex -20.885586947202682 -36.527685061097145 32.2
      vertex -20.885586947202682 36.527685061097145 32.2
      vertex -21.22228093445301 36.32587844878435 32.2
    endloop
  endfacet
  facet normal 0 0 1
    outer loop
      vertex -20.530733726918697 -36.695518128573895 32.2
      vertex -20.530733726918697 36.695518128573895 32.2
      vertex -20.885586947202682 36.527685061097145 32.2
    endloop
  endfacet
  facet normal 0 0 1
    outer loop
      vertex -20.161138705909252 -36.827761344611645 32.2
      vertex -20.161138705909252 36.827761344611645 32.2
      vertex -20.530733726918697 36.695518128573895 32.2
    endloop
  endfacet
  facet normal 0 0 1
    outer loop
      vertex -18.9921614223919 -31.469678671070753 32.2
      vertex -19.076557877698736 31.67342973808873 32.2
      vertex -19.103383440453634 31.780523387731854 32.2
    endloop
  endfacet
  facet normal 0 0 1
    outer loop
      vertex -18.9921614223919 -31.469678671070753 32.2
      vertex -19.103383440453634 31.780523387731854 32.2
      vertex -19.11958281750622 31.889730717129243 32.2
    endloop
  endfacet
  facet normal 0 0 1
    outer loop
      vertex -19.039364474075196 31.569481138589275 32.2
      vertex -18.9921614223919 -31.469678671070753 32.2
      vertex -18.9921614223919 31.469678671070753 32.2
    endloop
  endfacet
  facet normal 0 0 1
    outer loop
      vertex -18.9921614223919 -31.469678671070753 32.2
      vertex -19.039364474075196 31.569481138589275 32.2
      vertex -19.076557877698736 31.67342973808873 32.2
    endloop
  endfacet
  facet normal 0 0 1
    outer loop
      vertex -18.869636760033078 -31.286307555315897 32.2
      vertex -18.935403313840364 31.374983487852948 32.2
      vertex -18.9921614223919 31.469678671070753 32.2
    endloop
  endfacet
  facet normal 0 0 1
    outer loop
      vertex -18.713692444684103 -31.130363239966922 32.2
      vertex -18.869636760033078 31.286307555315897 32.2
      vertex -18.935403313840364 31.374983487852948 32.2
    endloop
  endfacet
  facet normal 0 0 1
    outer loop
      vertex -18.625016512147052 -31.064596686159636 32.2
      vertex -18.795495128834865 31.204504871165135 32.2
      vertex -18.869636760033078 31.286307555315897 32.2
    endloop
  endfacet
  facet normal 0 0 1
    outer loop
      vertex -18.625016512147052 -31.064596686159636 32.2
      vertex -18.713692444684103 31.130363239966922 32.2
      vertex -18.795495128834865 31.204504871165135 32.2
    endloop
  endfacet
  facet normal 0 0 1
    outer loop
      vertex -19.78036128729582 -36.92314112186432 32.2
      vertex -19.78036128729582 36.92314112186432 32.2
      vertex -20.161138705909252 36.827761344611645 32.2
    endloop
  endfacet
  facet normal 0 0 1
    outer loop
      vertex -19.392068564891815 -36.980738908052444 32.2
      vertex -19.392068564891815 36.980738908052444 32.2
      vertex -19.78036128729582 36.92314112186432 32.2
    endloop
  endfacet
  facet normal 0 0 1
    outer loop
      vertex -19.392068564891815 36.980738908052444 32.2
      vertex -18.9921614223919 -31.469678671070753 32.2
      vertex -19.11958281750622 31.889730717129243 32.2
    endloop
  endfacet
  facet normal 0 0 1
    outer loop
      vertex -18.530321328929247 -31.0078385776081 32.2
      vertex -18.625016512147052 31.064596686159636 32.2
      vertex -18.713692444684103 31.130363239966922 32.2
    endloop
  endfacet
  facet normal 0 0 1
    outer loop
      vertex -18.430518861410725 -30.960635525924804 32.2
      vertex -18.530321328929247 31.0078385776081 32.2
      vertex -18.625016512147052 31.064596686159636 32.2
    endloop
  endfacet
  facet normal 0 0 1
    outer loop
      vertex -18.32657026191127 -30.923442122301264 32.2
      vertex -18.430518861410725 30.960635525924804 32.2
      vertex -18.530321328929247 31.0078385776081 32.2
    endloop
  endfacet
  facet normal 0 0 1
    outer loop
      vertex -18.219476612268146 -30.896616559546366 32.2
      vertex -18.32657026191127 30.923442122301264 32.2
      vertex -18.430518861410725 30.960635525924804 32.2
    endloop
  endfacet
  facet normal 0 0 1
    outer loop
      vertex -18.110269282870757 -30.88041718249378 32.2
      vertex -18.219476612268146 30.896616559546366 32.2
      vertex -18.32657026191127 30.923442122301264 32.2
    endloop
  endfacet
  facet normal 0 0 1
    outer loop
      vertex -18 -30.875 32.2
      vertex -18.110269282870757 30.88041718249378 32.2
      vertex -18.219476612268146 30.896616559546366 32.2
    endloop
  endfacet
  facet normal 0 0 1
    outer loop
      vertex -17.889730717129243 -30.88041718249378 32.2
      vertex -18 30.875 32.2
      vertex -18.110269282870757 30.88041718249378 32.2
    endloop
  endfacet
  facet normal 0 0 1
    outer loop
      vertex -17.889730717129243 -30.88041718249378 32.2
      vertex -17.889730717129243 30.88041718249378 32.2
      vertex -18 30.875 32.2
    endloop
  endfacet
  facet normal 0 0 1
    outer loop
      vertex -17.780523387731854 -30.896616559546366 32.2
      vertex -17.780523387731854 30.896616559546366 32.2
      vertex -17.889730717129243 30.88041718249378 32.2
    endloop
  endfacet
  facet normal 0 0 1
    outer loop
      vertex -17.780523387731854 -30.896616559546366 32.2
      vertex -17.67342973808873 30.923442122301264 32.2
      vertex -17.780523387731854 30.896616559546366 32.2
    endloop
  endfacet
  facet normal 0 0 1
    outer loop
      vertex -17.780523387731854 -30.896616559546366 32.2
      vertex -17.569481138589275 30.960635525924804 32.2
      vertex -17.67342973808873 30.923442122301264 32.2
    endloop
  endfacet
  facet normal 0 0 1
    outer loop
      vertex -17.780523387731854 -30.896616559546366 32.2
      vertex -17.469678671070753 31.0078385776081 32.2
      vertex -17.569481138589275 30.960635525924804 32.2
    endloop
  endfacet
  facet normal 0 0 1
    outer loop
      vertex -17.780523387731854 -30.896616559546366 32.2
      vertex -17.374983487852948 31.064596686159636 32.2
      vertex -17.469678671070753 31.0078385776081 32.2
    endloop
  endfacet
  facet normal 0 0 1
    outer loop
      vertex -17.780523387731854 -30.896616559546366 32.2
      vertex -17.286307555315897 31.130363239966922 32.2
      vertex -17.374983487852948 31.064596686159636 32.2
    endloop
  endfacet
  facet normal 0 0 1
    outer loop
      vertex -17.780523387731854 -30.896616559546366 32.2
      vertex -17.204504871165135 31.204504871165135 32.2
      vertex -17.286307555315897 31.130363239966922 32.2
    endloop
  endfacet
  facet normal 0 0 1
    outer loop
      vertex -17.780523387731854 -30.896616559546366 32.2
      vertex -17.130363239966922 31.286307555315897 32.2
      vertex -17.204504871165135 31.204504871165135 32.2
    endloop
  endfacet
  facet normal 0 0 1
    outer loop
      vertex -17.780523387731854 -30.896616559546366 32.2
      vertex -17.064596686159636 31.374983487852948 32.2
      vertex -17.130363239966922 31.286307555315897 32.2
    endloop
  endfacet
  facet normal 0 0 1
    outer loop
      vertex -17.780523387731854 -30.896616559546366 32.2
      vertex -17.0078385776081 31.469678671070753 32.2
      vertex -17.064596686159636 31.374983487852948 32.2
    endloop
  endfacet
  facet normal -0.9987954563973425 0.049067670415704694 0
    outer loop
      vertex -23 33 0
      vertex -23 33 32.2
      vertex -22.980738908052444 33.392068564891815 32.2
    endloop
  endfacet
  facet normal -0.9891765093153608 0.14673047883339677 0
    outer loop
      vertex -22.980738908052444 33.392068564891815 0
      vertex -22.980738908052444 33.392068564891815 32.2
      vertex -22.92314112186432 33.78036128729582 32.2
    endloop
  endfacet
  facet normal -0.970031253702096 0.2429801778770028 0
    outer loop
      vertex -22.92314112186432 33.78036128729582 0
      vertex -22.92314112186432 33.78036128729582 32.2
      vertex -22.827761344611645 34.16113870590925 32.2
    endloop
  endfacet
  facet normal -0.9415440627982695 0.3368898600571533 0
    outer loop
      vertex -22.827761344611645 34.16113870590925 0
      vertex -22.827761344611645 34.16113870590925 32.2
      vertex -22.695518128573895 34.5307337269187 32.2
    endloop
  endfacet
  facet normal -0.9039892993552973 0.42755508025413363 0
    outer loop
      vertex -22.695518128573895 34.5307337269187 0
      vertex -22.695518128573895 34.5307337269187 32.2
      vertex -22.527685061097145 34.88558694720268 32.2
    endloop
  endfacet
  facet normal -0.8577286070283969 0.5141027491514958 0
    outer loop
      vertex -22.527685061097145 34.88558694720268 0
      vertex -22.527685061097145 34.88558694720268 32.2
      vertex -22.32587844878435 35.22228093445301 32.2
    endloop
  endfacet
  facet normal -0.8032075288650011 0.5956993080192206 0
    outer loop
      vertex -22.32587844878435 35.22228093445301 0
      vertex -22.32587844878435 35.22228093445301 32.2
      vertex -22.092041812837124 35.537573136389256 32.2
    endloop
  endfacet
  facet normal -0.7409511174895534 0.6715589635251563 0
    outer loop
      vertex -22.092041812837124 35.537573136389256 0
      vertex -22.092041812837124 35.537573136389256 32.2
      vertex -21.828427121043205 35.828427121043205 32.2
    endloop
  endfacet
  facet normal -0.6715589635251563 0.7409511174895534 0
    outer loop
      vertex -21.828427121043205 35.828427121043205 0
      vertex -21.828427121043205 35.828427121043205 32.2
      vertex -21.537573136389256 36.092041812837124 32.2
    endloop
  endfacet
  facet normal -0.5956993080192206 0.8032075288650011 0
    outer loop
      vertex -21.537573136389256 36.092041812837124 0
      vertex -21.537573136389256 36.092041812837124 32.2
      vertex -21.22228093445301 36.32587844878435 32.2
    endloop
  endfacet
  facet normal -0.5141027491514958 0.8577286070283969 0
    outer loop
      vertex -21.22228093445301 36.32587844878435 0
      vertex -21.22228093445301 36.32587844878435 32.2
      vertex -20.885586947202682 36.527685061097145 32.2
    endloop
  endfacet
  facet normal -0.42755508025413363 0.9039892993552973 0
    outer loop
      vertex -20.885586947202682 36.527685061097145 0
      vertex -20.885586947202682 36.527685061097145 32.2
      vertex -20.530733726918697 36.695518128573895 32.2
    endloop
  endfacet
  facet normal -0.3368898600571533 0.9415440627982695 0
    outer loop
      vertex -20.530733726918697 36.695518128573895 0
      vertex -20.530733726918697 36.695518128573895 32.2
      vertex -20.161138705909252 36.827761344611645 32.2
    endloop
  endfacet
  facet normal -0.2429801778770028 0.970031253702096 0
    outer loop
      vertex -20.161138705909252 36.827761344611645 0
      vertex -20.161138705909252 36.827761344611645 32.2
      vertex -19.78036128729582 36.92314112186432 32.2
    endloop
  endfacet
  facet normal -0.14673047883339677 0.9891765093153608 0
    outer loop
      vertex -19.78036128729582 36.92314112186432 0
      vertex -19.78036128729582 36.92314112186432 32.2
      vertex -19.392068564891815 36.980738908052444 32.2
    endloop
  endfacet
  facet normal -0.049067670415704694 0.9987954563973425 0
    outer loop
      vertex -19.392068564891815 36.980738908052444 0
      vertex -19.392068564891815 36.980738908052444 32.2
      vertex -19 37 32.2
    endloop
  endfacet
  facet normal 0 0 1
    outer loop
      vertex -19.392068564891815 36.980738908052444 32.2
      vertex -19.11958281750622 31.889730717129243 32.2
      vertex -19.125 32 32.2
    endloop
  endfacet
  facet normal 0 0 1
    outer loop
      vertex -19.392068564891815 36.980738908052444 32.2
      vertex -19.125 32 32.2
      vertex -19.11958281750622 32.11026928287075 32.2
    endloop
  endfacet
  facet normal 0 0 1
    outer loop
      vertex -19.392068564891815 36.980738908052444 32.2
      vertex -19.11958281750622 32.11026928287075 32.2
      vertex -19.103383440453634 32.219476612268146 32.2
    endloop
  endfacet
  facet normal 0 0 1
    outer loop
      vertex -19.392068564891815 36.980738908052444 32.2
      vertex -19.103383440453634 32.219476612268146 32.2
      vertex -19.076557877698736 32.32657026191127 32.2
    endloop
  endfacet
  facet normal 0 0 1
    outer loop
      vertex -19.392068564891815 36.980738908052444 32.2
      vertex -19.076557877698736 32.32657026191127 32.2
      vertex -19.039364474075196 32.430518861410725 32.2
    endloop
  endfacet
  facet normal 0 0 1
    outer loop
      vertex -19.392068564891815 36.980738908052444 32.2
      vertex -19.039364474075196 32.430518861410725 32.2
      vertex -18.9921614223919 32.53032132892925 32.2
    endloop
  endfacet
  facet normal 0 0 1
    outer loop
      vertex -19 37 32.2
      vertex -18.9921614223919 32.53032132892925 32.2
      vertex -18.935403313840364 32.625016512147056 32.2
    endloop
  endfacet
  facet normal 0 0 1
    outer loop
      vertex -19 37 32.2
      vertex -18.935403313840364 32.625016512147056 32.2
      vertex -18.869636760033078 32.7136924446841 32.2
    endloop
  endfacet
  facet normal 0 0 1
    outer loop
      vertex -19 37 32.2
      vertex -18.869636760033078 32.7136924446841 32.2
      vertex -18.795495128834865 32.795495128834865 32.2
    endloop
  endfacet
  facet normal 0 0 1
    outer loop
      vertex -19 37 32.2
      vertex -18.795495128834865 32.795495128834865 32.2
      vertex -18.713692444684103 32.86963676003308 32.2
    endloop
  endfacet
  facet normal 0 0 1
    outer loop
      vertex -19 37 32.2
      vertex -18.713692444684103 32.86963676003308 32.2
      vertex -18.625016512147052 32.93540331384036 32.2
    endloop
  endfacet
  facet normal 0 0 1
    outer loop
      vertex -19 37 32.2
      vertex -18.625016512147052 32.93540331384036 32.2
      vertex -18.530321328929247 32.9921614223919 32.2
    endloop
  endfacet
  facet normal 0 0 1
    outer loop
      vertex -19.392068564891815 36.980738908052444 32.2
      vertex -18.9921614223919 32.53032132892925 32.2
      vertex -19 37 32.2
    endloop
  endfacet
  facet normal 0 0 1
    outer loop
      vertex -19 37 32.2
      vertex -18.530321328929247 32.9921614223919 32.2
      vertex -18.430518861410725 33.0393644740752 32.2
    endloop
  endfacet
  facet normal 0 0 1
    outer loop
      vertex -19 37 32.2
      vertex -18.430518861410725 33.0393644740752 32.2
      vertex -18.32657026191127 33.07655787769873 32.2
    endloop
  endfacet
  facet normal 0 0 1
    outer loop
      vertex -19 37 32.2
      vertex -18.32657026191127 33.07655787769873 32.2
      vertex -18.219476612268146 33.103383440453634 32.2
    endloop
  endfacet
  facet normal 0 0 1
    outer loop
      vertex -19 37 32.2
      vertex -18.219476612268146 33.103383440453634 32.2
      vertex -18.110269282870757 33.11958281750622 32.2
    endloop
  endfacet
  facet normal 0 0 1
    outer loop
      vertex -19 37 32.2
      vertex -18.110269282870757 33.11958281750622 32.2
      vertex -18 33.125 32.2
    endloop
  endfacet
  facet normal 0 0 1
    outer loop
      vertex -19 37 32.2
      vertex -17.780523387731854 33.103383440453634 32.2
      vertex -17.67342973808873 33.07655787769873 32.2
    endloop
  endfacet
  facet normal 0 0 1
    outer loop
      vertex -19 37 32.2
      vertex -18 33.125 32.2
      vertex -17.889730717129243 33.11958281750622 32.2
    endloop
  endfacet
  facet normal 0 0 1
    outer loop
      vertex -19 37 32.2
      vertex -17.889730717129243 33.11958281750622 32.2
      vertex -17.780523387731854 33.103383440453634 32.2
    endloop
  endfacet
  facet normal 0 0 1
    outer loop
      vertex -19 37 32.2
      vertex -17.67342973808873 33.07655787769873 32.2
      vertex -17.569481138589275 33.0393644740752 32.2
    endloop
  endfacet
  facet normal 0 0 1
    outer loop
      vertex -19 37 32.2
      vertex -17.569481138589275 33.0393644740752 32.2
      vertex -17.469678671070753 32.9921614223919 32.2
    endloop
  endfacet
  facet normal 0 0 1
    outer loop
      vertex -19 37 32.2
      vertex -17.064596686159636 32.625016512147056 32.2
      vertex -17.0078385776081 32.53032132892925 32.2
    endloop
  endfacet
  facet normal 0 0 1
    outer loop
      vertex -19 37 32.2
      vertex -17.469678671070753 32.9921614223919 32.2
      vertex -17.374983487852948 32.93540331384036 32.2
    endloop
  endfacet
  facet normal 0 0 1
    outer loop
      vertex -19 37 32.2
      vertex -17.374983487852948 32.93540331384036 32.2
      vertex -17.286307555315897 32.86963676003308 32.2
    endloop
  endfacet
  facet normal 0 0 1
    outer loop
      vertex -19 37 32.2
      vertex -17.286307555315897 32.86963676003308 32.2
      vertex -17.204504871165135 32.795495128834865 32.2
    endloop
  endfacet
  facet normal 0 0 1
    outer loop
      vertex -19 37 32.2
      vertex -17.204504871165135 32.795495128834865 32.2
      vertex -17.130363239966922 32.7136924446841 32.2
    endloop
  endfacet
  facet normal 0 0 1
    outer loop
      vertex -19 37 32.2
      vertex -17.130363239966922 32.7136924446841 32.2
      vertex -17.064596686159636 32.625016512147056 32.2
    endloop
  endfacet
  facet normal 0 0 1
    outer loop
      vertex -17.0078385776081 31.469678671070753 32.2
      vertex -4.425974851452366 0.38581929876693 32.2
      vertex -16.960635525924804 31.569481138589275 32.2
    endloop
  endfacet
  facet normal 0 0 1
    outer loop
      vertex -16.960635525924804 31.569481138589275 32.2
      vertex -4.292904894761003 0.32288189652253263 32.2
      vertex -16.923442122301264 31.67342973808873 32.2
    endloop
  endfacet
  facet normal 0 0 1
    outer loop
      vertex -16.923442122301264 31.67342973808873 32.2
      vertex -4.166644650470596 0.2472044184538178 32.2
      vertex -16.896616559546366 31.780523387731854 32.2
    endloop
  endfacet
  facet normal 0 0 1
    outer loop
      vertex -16.896616559546366 31.780523387731854 32.2
      vertex -4.048410073754532 0.15951568004410555 32.2
      vertex -16.88041718249378 31.889730717129243 32.2
    endloop
  endfacet
  facet normal 0 0 1
    outer loop
      vertex -16.88041718249378 31.889730717129243 32.2
      vertex -3.9393398282201786 0.060660171779821415 32.2
      vertex -16.875 32 32.2
    endloop
  endfacet
  facet normal 0 0 1
    outer loop
      vertex -3.8404843199558947 -0.04841007375453177 32.2
      vertex -16.88041718249378 32.11026928287075 32.2
      vertex -16.875 32 32.2
    endloop
  endfacet
  facet normal 0 0 1
    outer loop
      vertex -3.752795581546182 -0.16664465047059673 32.2
      vertex -16.896616559546366 32.219476612268146 32.2
      vertex -16.88041718249378 32.11026928287075 32.2
    endloop
  endfacet
  facet normal 0 0 1
    outer loop
      vertex -3.6771181034774676 -0.29290489476100356 32.2
      vertex -16.923442122301264 32.32657026191127 32.2
      vertex -16.896616559546366 32.219476612268146 32.2
    endloop
  endfacet
  facet normal 0 0 1
    outer loop
      vertex -3.6771181034774676 -0.29290489476100356 32.2
      vertex -16.960635525924804 32.430518861410725 32.2
      vertex -16.923442122301264 32.32657026191127 32.2
    endloop
  endfacet
  facet normal 0 0 1
    outer loop
      vertex -19 37 32.2
      vertex -8.916267485762416 19.579048224398402 32.2
      vertex -8.95263436930543 19.68068685502009 32.2
    endloop
  endfacet
  facet normal 0 0 1
    outer loop
      vertex -19 37 32.2
      vertex -8.87011339078319 19.4814635894914 32.2
      vertex -8.916267485762416 19.579048224398402 32.2
    endloop
  endfacet
  facet normal 0 0 1
    outer loop
      vertex -19 37 32.2
      vertex -8.95263436930543 19.68068685502009 32.2
      vertex -8.978863808443554 19.78540064578226 32.2
    endloop
  endfacet
  facet normal 0 0 1
    outer loop
      vertex -19 37 32.2
      vertex -8.978863808443554 19.78540064578226 32.2
      vertex -8.994703199339417 19.892181145637483 32.2
    endloop
  endfacet
  facet normal 0 0 1
    outer loop
      vertex -19 37 32.2
      vertex -8.994703199339417 19.892181145637483 32.2
      vertex -9 20 32.2
    endloop
  endfacet
  facet normal 0 0 1
    outer loop
      vertex -19 37 32.2
      vertex -9 20 32.2
      vertex -8.994703199339417 20.107818854362517 32.2
    endloop
  endfacet
  facet normal 0 0 1
    outer loop
      vertex -19 37 32.2
      vertex -8.994703199339417 20.107818854362517 32.2
      vertex -8.978863808443554 20.21459935421774 32.2
    endloop
  endfacet
  facet normal 0 0 1
    outer loop
      vertex -19 37 32.2
      vertex -8.978863808443554 20.21459935421774 32.2
      vertex -8.95263436930543 20.31931314497991 32.2
    endloop
  endfacet
  facet normal 0 0 1
    outer loop
      vertex -19 37 32.2
      vertex -8.95263436930543 20.31931314497991 32.2
      vertex -8.95263436930543 24.68068685502009 32.2
    endloop
  endfacet
  facet normal 0 0 1
    outer loop
      vertex -19 37 32.2
      vertex -8.95263436930543 24.68068685502009 32.2
      vertex -8.978863808443554 24.78540064578226 32.2
    endloop
  endfacet
  facet normal 0 0 1
    outer loop
      vertex -19 37 32.2
      vertex -8.978863808443554 24.78540064578226 32.2
      vertex -8.994703199339417 24.892181145637483 32.2
    endloop
  endfacet
  facet normal 0 0 1
    outer loop
      vertex -19 37 32.2
      vertex -8.994703199339417 24.892181145637483 32.2
      vertex -9 25 32.2
    endloop
  endfacet
  facet normal 0 0 1
    outer loop
      vertex -19 37 32.2
      vertex -9 25 32.2
      vertex -8.994703199339417 25.107818854362517 32.2
    endloop
  endfacet
  facet normal 0 0 1
    outer loop
      vertex -19 37 32.2
      vertex -8.994703199339417 25.107818854362517 32.2
      vertex -8.978863808443554 25.21459935421774 32.2
    endloop
  endfacet
  facet normal 0 0 1
    outer loop
      vertex -19 37 32.2
      vertex -8.978863808443554 25.21459935421774 32.2
      vertex -8.95263436930543 25.31931314497991 32.2
    endloop
  endfacet
  facet normal 0 0 1
    outer loop
      vertex -19 37 32.2
      vertex -8.95263436930543 25.31931314497991 32.2
      vertex -8.916267485762416 25.420951775601598 32.2
    endloop
  endfacet
  facet normal 0 0 1
    outer loop
      vertex -19 37 32.2
      vertex -8.916267485762416 25.420951775601598 32.2
      vertex -8.916267485762416 29.579048224398402 32.2
    endloop
  endfacet
  facet normal 0 0 1
    outer loop
      vertex -19 37 32.2
      vertex -8.95263436930543 29.68068685502009 32.2
      vertex -8.978863808443554 29.78540064578226 32.2
    endloop
  endfacet
  facet normal 0 0 1
    outer loop
      vertex -19 37 32.2
      vertex -8.978863808443554 29.78540064578226 32.2
      vertex -8.994703199339417 29.892181145637483 32.2
    endloop
  endfacet
  facet normal 0 0 1
    outer loop
      vertex -19 37 32.2
      vertex -8.994703199339417 29.892181145637483 32.2
      vertex -9 30 32.2
    endloop
  endfacet
  facet normal 0 0 1
    outer loop
      vertex -19 37 32.2
      vertex -9 30 32.2
      vertex -8.994703199339417 30.107818854362517 32.2
    endloop
  endfacet
  facet normal 0 0 1
    outer loop
      vertex -19 37 32.2
      vertex -8.916267485762416 29.579048224398402 32.2
      vertex -8.95263436930543 29.68068685502009 32.2
    endloop
  endfacet
  facet normal 0 0 1
    outer loop
      vertex -19 37 32.2
      vertex -8.994703199339417 30.107818854362517 32.2
      vertex -8.978863808443554 30.21459935421774 32.2
    endloop
  endfacet
  facet normal 0 0 1
    outer loop
      vertex -19 37 32.2
      vertex -8.978863808443554 30.21459935421774 32.2
      vertex -8.95263436930543 30.31931314497991 32.2
    endloop
  endfacet
  facet normal 0 0 1
    outer loop
      vertex -19 37 32.2
      vertex -8.95263436930543 30.31931314497991 32.2
      vertex -8.916267485762416 30.420951775601598 32.2
    endloop
  endfacet
  facet normal 0 0 1
    outer loop
      vertex -19 37 32.2
      vertex -8.916267485762416 30.420951775601598 32.2
      vertex -8.87011339078319 30.5185364105086 32.2
    endloop
  endfacet
  facet normal 0 0 1
    outer loop
      vertex -19 37 32.2
      vertex -8.87011339078319 30.5185364105086 32.2
      vertex -8.8146165735328 30.611127256321563 32.2
    endloop
  endfacet
  facet normal 0 0 1
    outer loop
      vertex -19 37 32.2
      vertex -8.8146165735328 30.611127256321563 32.2
      vertex -8.750311498699011 30.69783261258001 32.2
    endloop
  endfacet
  facet normal 0 0 1
    outer loop
      vertex -19 37 32.2
      vertex -8.750311498699011 30.69783261258001 32.2
      vertex -8.677817459305203 30.7778174593052 32.2
    endloop
  endfacet
  facet normal 0 0 1
    outer loop
      vertex -19 37 32.2
      vertex -8.677817459305203 30.7778174593052 32.2
      vertex -8.59783261258001 30.85031149869901 32.2
    endloop
  endfacet
  facet normal 0 0 1
    outer loop
      vertex -19 37 32.2
      vertex -8.59783261258001 30.85031149869901 32.2
      vertex -8.511127256321563 30.9146165735328 32.2
    endloop
  endfacet
  facet normal 0 0 1
    outer loop
      vertex -19 37 32.2
      vertex -8.511127256321563 30.9146165735328 32.2
      vertex -8.418536410508597 30.97011339078319 32.2
    endloop
  endfacet
  facet normal 0 0 1
    outer loop
      vertex -19 37 32.2
      vertex -8.418536410508597 30.97011339078319 32.2
      vertex -8.3209517756016 31.016267485762416 32.2
    endloop
  endfacet
  facet normal 0 0 1
    outer loop
      vertex -19 37 32.2
      vertex -8.3209517756016 31.016267485762416 32.2
      vertex -8.219313144979909 31.05263436930543 32.2
    endloop
  endfacet
  facet normal 0 0 1
    outer loop
      vertex -19 37 32.2
      vertex -8.219313144979909 31.05263436930543 32.2
      vertex -8.114599354217741 31.078863808443554 32.2
    endloop
  endfacet
  facet normal 0 0 1
    outer loop
      vertex -19 37 32.2
      vertex -8.114599354217741 31.078863808443554 32.2
      vertex -8.007818854362517 31.094703199339417 32.2
    endloop
  endfacet
  facet normal 0 0 1
    outer loop
      vertex -19 37 32.2
      vertex -8.007818854362517 31.094703199339417 32.2
      vertex -7.9 31.1 32.2
    endloop
  endfacet
  facet normal 0 0 1
    outer loop
      vertex -6.492777090008295 -1.1470257104943409 32.2
      vertex -17.0078385776081 31.469678671070753 32.2
      vertex -6.471177920604846 -1.2926354830241924 32.2
    endloop
  endfacet
  facet normal 0 0 1
    outer loop
      vertex -6.5 -1 32.2
      vertex -17.0078385776081 31.469678671070753 32.2
      vertex -6.492777090008295 -1.1470257104943409 32.2
    endloop
  endfacet
  facet normal 0 0 1
    outer loop
      vertex -6.471177920604846 -1.2926354830241924 32.2
      vertex -17.0078385776081 31.469678671070753 32.2
      vertex -6.435410503598313 -1.4354270158816935 32.2
    endloop
  endfacet
  facet normal 0 0 1
    outer loop
      vertex -6.492777090008295 -0.8529742895056591 32.2
      vertex -17.0078385776081 31.469678671070753 32.2
      vertex -6.5 -1 32.2
    endloop
  endfacet
  facet normal 0 0 1
    outer loop
      vertex -6.471177920604846 -0.7073645169758076 32.2
      vertex -17.0078385776081 31.469678671070753 32.2
      vertex -6.492777090008295 -0.8529742895056591 32.2
    endloop
  endfacet
  facet normal 0 0 1
    outer loop
      vertex -6.435410503598313 -0.5645729841183065 32.2
      vertex -17.0078385776081 31.469678671070753 32.2
      vertex -6.471177920604846 -0.7073645169758076 32.2
    endloop
  endfacet
  facet normal 0 0 1
    outer loop
      vertex -6.38581929876693 -0.42597485145236536 32.2
      vertex -17.0078385776081 31.469678671070753 32.2
      vertex -6.435410503598313 -0.5645729841183065 32.2
    endloop
  endfacet
  facet normal 0 0 1
    outer loop
      vertex -6.322881896522532 -0.29290489476100356 32.2
      vertex -17.0078385776081 31.469678671070753 32.2
      vertex -6.38581929876693 -0.42597485145236536 32.2
    endloop
  endfacet
  facet normal 0 0 1
    outer loop
      vertex -6.247204418453817 -0.16664465047059673 32.2
      vertex -17.0078385776081 31.469678671070753 32.2
      vertex -6.322881896522532 -0.29290489476100356 32.2
    endloop
  endfacet
  facet normal 0 0 1
    outer loop
      vertex -6.159515680044105 -0.04841007375453177 32.2
      vertex -17.0078385776081 31.469678671070753 32.2
      vertex -6.247204418453817 -0.16664465047059673 32.2
    endloop
  endfacet
  facet normal 0 0 1
    outer loop
      vertex -6.159515680044105 -0.04841007375453177 32.2
      vertex -6.060660171779821 0.060660171779821415 32.2
      vertex -17.0078385776081 31.469678671070753 32.2
    endloop
  endfacet
  facet normal 0 0 1
    outer loop
      vertex -6.060660171779821 0.060660171779821415 32.2
      vertex -5.951589926245468 0.15951568004410555 32.2
      vertex -17.0078385776081 31.469678671070753 32.2
    endloop
  endfacet
  facet normal 0 0 1
    outer loop
      vertex -5.951589926245468 0.15951568004410555 32.2
      vertex -5.833355349529404 0.2472044184538178 32.2
      vertex -17.0078385776081 31.469678671070753 32.2
    endloop
  endfacet
  facet normal 0 0 1
    outer loop
      vertex -5.833355349529404 0.2472044184538178 32.2
      vertex -5.707095105238997 0.32288189652253263 32.2
      vertex -17.0078385776081 31.469678671070753 32.2
    endloop
  endfacet
  facet normal 0 0 1
    outer loop
      vertex -5.707095105238997 0.32288189652253263 32.2
      vertex -5.574025148547634 0.38581929876693 32.2
      vertex -17.0078385776081 31.469678671070753 32.2
    endloop
  endfacet
  facet normal 0 0 1
    outer loop
      vertex -5.574025148547634 0.38581929876693 32.2
      vertex -5.435427015881693 0.43541050359831335 32.2
      vertex -17.0078385776081 31.469678671070753 32.2
    endloop
  endfacet
  facet normal 0 0 1
    outer loop
      vertex -5.435427015881693 0.43541050359831335 32.2
      vertex -5.292635483024192 0.47117792060484565 32.2
      vertex -17.0078385776081 31.469678671070753 32.2
    endloop
  endfacet
  facet normal 0 0 1
    outer loop
      vertex -5.292635483024192 0.47117792060484565 32.2
      vertex -5.147025710494341 0.4927770900082953 32.2
      vertex -17.0078385776081 31.469678671070753 32.2
    endloop
  endfacet
  facet normal 0 0 1
    outer loop
      vertex -5.147025710494341 0.4927770900082953 32.2
      vertex -5 0.5 32.2
      vertex -17.0078385776081 31.469678671070753 32.2
    endloop
  endfacet
  facet normal 0 0 1
    outer loop
      vertex -5 0.5 32.2
      vertex -4.852974289505659 0.4927770900082953 32.2
      vertex -17.0078385776081 31.469678671070753 32.2
    endloop
  endfacet
  facet normal 0 0 1
    outer loop
      vertex -4.852974289505659 0.4927770900082953 32.2
      vertex -4.707364516975808 0.47117792060484565 32.2
      vertex -17.0078385776081 31.469678671070753 32.2
    endloop
  endfacet
  facet normal 0 0 1
    outer loop
      vertex -4.707364516975808 0.47117792060484565 32.2
      vertex -4.564572984118307 0.43541050359831335 32.2
      vertex -17.0078385776081 31.469678671070753 32.2
    endloop
  endfacet
  facet normal 0 0 1
    outer loop
      vertex -4.564572984118307 0.43541050359831335 32.2
      vertex -4.425974851452366 0.38581929876693 32.2
      vertex -17.0078385776081 31.469678671070753 32.2
    endloop
  endfacet
  facet normal 0 0 1
    outer loop
      vertex -4.425974851452366 0.38581929876693 32.2
      vertex -4.292904894761003 0.32288189652253263 32.2
      vertex -16.960635525924804 31.569481138589275 32.2
    endloop
  endfacet
  facet normal 0 0 1
    outer loop
      vertex -4.292904894761003 0.32288189652253263 32.2
      vertex -4.166644650470596 0.2472044184538178 32.2
      vertex -16.923442122301264 31.67342973808873 32.2
    endloop
  endfacet
  facet normal 0 0 1
    outer loop
      vertex -4.166644650470596 0.2472044184538178 32.2
      vertex -4.048410073754532 0.15951568004410555 32.2
      vertex -16.896616559546366 31.780523387731854 32.2
    endloop
  endfacet
  facet normal 0 0 1
    outer loop
      vertex -4.048410073754532 0.15951568004410555 32.2
      vertex -3.9393398282201786 0.060660171779821415 32.2
      vertex -16.88041718249378 31.889730717129243 32.2
    endloop
  endfacet
  facet normal 0 0 1
    outer loop
      vertex -16.875 32 32.2
      vertex -3.9393398282201786 0.060660171779821415 32.2
      vertex -3.8404843199558947 -0.04841007375453177 32.2
    endloop
  endfacet
  facet normal 0 0 1
    outer loop
      vertex -3.752795581546182 -0.16664465047059673 32.2
      vertex -16.88041718249378 32.11026928287075 32.2
      vertex -3.8404843199558947 -0.04841007375453177 32.2
    endloop
  endfacet
  facet normal 0 0 1
    outer loop
      vertex -3.6771181034774676 -0.29290489476100356 32.2
      vertex -16.896616559546366 32.219476612268146 32.2
      vertex -3.752795581546182 -0.16664465047059673 32.2
    endloop
  endfacet
  facet normal 0 0 1
    outer loop
      vertex -3.61418070123307 -0.42597485145236536 32.2
      vertex -16.960635525924804 32.430518861410725 32.2
      vertex -3.6771181034774676 -0.29290489476100356 32.2
    endloop
  endfacet
  facet normal 0 0 1
    outer loop
      vertex -19 37 32.2
      vertex 16.923442122301264 -32.32657026191127 32.2
      vertex -8.87011339078319 19.4814635894914 32.2
    endloop
  endfacet
  facet normal 0 0 1
    outer loop
      vertex -8.87011339078319 19.4814635894914 32.2
      vertex 16.923442122301264 -32.32657026191127 32.2
      vertex -8.8146165735328 19.388872743678437 32.2
    endloop
  endfacet
  facet normal 0 0 1
    outer loop
      vertex -8.8146165735328 19.388872743678437 32.2
      vertex 3.6771181034774676 -1.7070951052389964 32.2
      vertex 3.61418070123307 -1.5740251485476346 32.2
    endloop
  endfacet
  facet normal 0 0 1
    outer loop
      vertex -8.750311498699011 19.30216738741999 32.2
      vertex 3.61418070123307 -1.5740251485476346 32.2
      vertex 3.5645894964016867 -1.4354270158816935 32.2
    endloop
  endfacet
  facet normal 0 0 1
    outer loop
      vertex -8.677817459305203 19.2221825406948 32.2
      vertex 3.5645894964016867 -1.4354270158816935 32.2
      vertex 3.5288220793951544 -1.2926354830241924 32.2
    endloop
  endfacet
  facet normal 0 0 1
    outer loop
      vertex -8.59783261258001 19.14968850130099 32.2
      vertex 3.5288220793951544 -1.2926354830241924 32.2
      vertex 3.5072229099917047 -1.1470257104943409 32.2
    endloop
  endfacet
  facet normal 0 0 1
    outer loop
      vertex -8.511127256321563 19.0853834264672 32.2
      vertex 3.5072229099917047 -1.1470257104943409 32.2
      vertex 3.5 -1 32.2
    endloop
  endfacet
  facet normal 0 0 1
    outer loop
      vertex -8.418536410508597 19.02988660921681 32.2
      vertex 3.5 -1 32.2
      vertex 3.5072229099917047 -0.8529742895056591 32.2
    endloop
  endfacet
  facet normal 0 0 1
    outer loop
      vertex -8.3209517756016 18.983732514237584 32.2
      vertex 3.5072229099917047 -0.8529742895056591 32.2
      vertex 3.5288220793951544 -0.7073645169758076 32.2
    endloop
  endfacet
  facet normal 0 0 1
    outer loop
      vertex -8.219313144979909 18.94736563069457 32.2
      vertex 3.5288220793951544 -0.7073645169758076 32.2
      vertex 3.5645894964016867 -0.5645729841183065 32.2
    endloop
  endfacet
  facet normal 0 0 1
    outer loop
      vertex -8.007818854362517 18.905296800660583 32.2
      vertex 3.5645894964016867 -0.5645729841183065 32.2
      vertex 3.61418070123307 -0.42597485145236536 32.2
    endloop
  endfacet
  facet normal 0 0 1
    outer loop
      vertex -7.9 18.9 32.2
      vertex 3.61418070123307 -0.42597485145236536 32.2
      vertex 3.6771181034774676 -0.29290489476100356 32.2
    endloop
  endfacet
  facet normal 0 0 1
    outer loop
      vertex -7.9 18.9 32.2
      vertex 3.6771181034774676 -0.29290489476100356 32.2
      vertex 3.752795581546182 -0.16664465047059673 32.2
    endloop
  endfacet
  facet normal 0 0 1
    outer loop
      vertex -7.9 18.9 32.2
      vertex 3.752795581546182 -0.16664465047059673 32.2
      vertex 3.8404843199558947 -0.04841007375453177 32.2
    endloop
  endfacet
  facet normal 0 0 1
    outer loop
      vertex 3.8404843199558947 -0.04841007375453177 32.2
      vertex 3.9393398282201786 0.060660171779821415 32.2
      vertex -7.9 18.9 32.2
    endloop
  endfacet
  facet normal 0 0 1
    outer loop
      vertex -19 37 32.2
      vertex -17.0078385776081 32.53032132892925 32.2
      vertex 19 -37 32.2
    endloop
  endfacet
  facet normal 0 0 1
    outer loop
      vertex 19 -37 32.2
      vertex -17.0078385776081 32.53032132892925 32.2
      vertex -16.960635525924804 32.430518861410725 32.2
    endloop
  endfacet
  facet normal 0 0 1
    outer loop
      vertex -8.8146165735328 19.388872743678437 32.2
      vertex 3.61418070123307 -1.5740251485476346 32.2
      vertex -8.750311498699011 19.30216738741999 32.2
    endloop
  endfacet
  facet normal 0 0 1
    outer loop
      vertex -8.677817459305203 19.2221825406948 32.2
      vertex 3.5288220793951544 -1.2926354830241924 32.2
      vertex -8.59783261258001 19.14968850130099 32.2
    endloop
  endfacet
  facet normal 0 0 1
    outer loop
      vertex -8.750311498699011 19.30216738741999 32.2
      vertex 3.5645894964016867 -1.4354270158816935 32.2
      vertex -8.677817459305203 19.2221825406948 32.2
    endloop
  endfacet
  facet normal 0 0 1
    outer loop
      vertex -8.59783261258001 19.14968850130099 32.2
      vertex 3.5072229099917047 -1.1470257104943409 32.2
      vertex -8.511127256321563 19.0853834264672 32.2
    endloop
  endfacet
  facet normal 0 0 1
    outer loop
      vertex -8.511127256321563 19.0853834264672 32.2
      vertex 3.5 -1 32.2
      vertex -8.418536410508597 19.02988660921681 32.2
    endloop
  endfacet
  facet normal 0 0 1
    outer loop
      vertex -8.418536410508597 19.02988660921681 32.2
      vertex 3.5072229099917047 -0.8529742895056591 32.2
      vertex -8.3209517756016 18.983732514237584 32.2
    endloop
  endfacet
  facet normal 0 0 1
    outer loop
      vertex -8.3209517756016 18.983732514237584 32.2
      vertex 3.5288220793951544 -0.7073645169758076 32.2
      vertex -8.219313144979909 18.94736563069457 32.2
    endloop
  endfacet
  facet normal 0 0 1
    outer loop
      vertex -8.114599354217741 18.921136191556446 32.2
      vertex 3.5645894964016867 -0.5645729841183065 32.2
      vertex -8.007818854362517 18.905296800660583 32.2
    endloop
  endfacet
  facet normal 0 0 1
    outer loop
      vertex -8.219313144979909 18.94736563069457 32.2
      vertex 3.5645894964016867 -0.5645729841183065 32.2
      vertex -8.114599354217741 18.921136191556446 32.2
    endloop
  endfacet
  facet normal 0 0 1
    outer loop
      vertex -8.007818854362517 18.905296800660583 32.2
      vertex 3.61418070123307 -0.42597485145236536 32.2
      vertex -7.9 18.9 32.2
    endloop
  endfacet
  facet normal 0 1 0
    outer loop
      vertex -19 37 0
      vertex -19 37 32.2
      vertex 19 37 32.2
    endloop
  endfacet
  facet normal 0 0 1
    outer loop
      vertex -8.916267485762416 20.420951775601598 32.2
      vertex -8.95263436930543 24.68068685502009 32.2
      vertex -8.95263436930543 20.31931314497991 32.2
    endloop
  endfacet
  facet normal 0 0 1
    outer loop
      vertex -8.87011339078319 20.5185364105086 32.2
      vertex -8.916267485762416 24.579048224398402 32.2
      vertex -8.916267485762416 20.420951775601598 32.2
    endloop
  endfacet
  facet normal 0 0 1
    outer loop
      vertex -8.8146165735328 20.611127256321563 32.2
      vertex -8.87011339078319 24.4814635894914 32.2
      vertex -8.87011339078319 20.5185364105086 32.2
    endloop
  endfacet
  facet normal 0 0 1
    outer loop
      vertex -8.750311498699011 20.69783261258001 32.2
      vertex -8.8146165735328 24.388872743678437 32.2
      vertex -8.8146165735328 20.611127256321563 32.2
    endloop
  endfacet
  facet normal 0 0 1
    outer loop
      vertex -8.677817459305203 20.7778174593052 32.2
      vertex -8.750311498699011 24.30216738741999 32.2
      vertex -8.750311498699011 20.69783261258001 32.2
    endloop
  endfacet
  facet normal 0 0 1
    outer loop
      vertex -8.59783261258001 20.85031149869901 32.2
      vertex -8.677817459305203 24.2221825406948 32.2
      vertex -8.677817459305203 20.7778174593052 32.2
    endloop
  endfacet
  facet normal 0 0 1
    outer loop
      vertex -8.750311498699011 24.30216738741999 32.2
      vertex -8.677817459305203 20.7778174593052 32.2
      vertex -8.677817459305203 24.2221825406948 32.2
    endloop
  endfacet
  facet normal 0 0 1
    outer loop
      vertex -8.916267485762416 20.420951775601598 32.2
      vertex -8.916267485762416 24.579048224398402 32.2
      vertex -8.95263436930543 24.68068685502009 32.2
    endloop
  endfacet
  facet normal 0 0 1
    outer loop
      vertex -8.87011339078319 20.5185364105086 32.2
      vertex -8.87011339078319 24.4814635894914 32.2
      vertex -8.916267485762416 24.579048224398402 32.2
    endloop
  endfacet
  facet normal 0 0 1
    outer loop
      vertex -8.87011339078319 24.4814635894914 32.2
      vertex -8.8146165735328 20.611127256321563 32.2
      vertex -8.8146165735328 24.388872743678437 32.2
    endloop
  endfacet
  facet normal 0 0 1
    outer loop
      vertex -8.750311498699011 20.69783261258001 32.2
      vertex -8.750311498699011 24.30216738741999 32.2
      vertex -8.8146165735328 24.388872743678437 32.2
    endloop
  endfacet
  facet normal 0 0 1
    outer loop
      vertex -8.87011339078319 25.5185364105086 32.2
      vertex -8.916267485762416 29.579048224398402 32.2
      vertex -8.916267485762416 25.420951775601598 32.2
    endloop
  endfacet
  facet normal 0 0 1
    outer loop
      vertex -8.8146165735328 25.611127256321563 32.2
      vertex -8.87011339078319 29.4814635894914 32.2
      vertex -8.87011339078319 25.5185364105086 32.2
    endloop
  endfacet
  facet normal 0 0 1
    outer loop
      vertex -8.750311498699011 25.69783261258001 32.2
      vertex -8.8146165735328 29.388872743678437 32.2
      vertex -8.8146165735328 25.611127256321563 32.2
    endloop
  endfacet
  facet normal 0 0 1
    outer loop
      vertex -8.677817459305203 25.7778174593052 32.2
      vertex -8.750311498699011 29.30216738741999 32.2
      vertex -8.750311498699011 25.69783261258001 32.2
    endloop
  endfacet
  facet normal 0 0 1
    outer loop
      vertex -8.59783261258001 25.85031149869901 32.2
      vertex -8.677817459305203 29.2221825406948 32.2
      vertex -8.677817459305203 25.7778174593052 32.2
    endloop
  endfacet
  facet normal 0 0 1
    outer loop
      vertex -8.511127256321563 20.9146165735328 32.2
      vertex -8.59783261258001 24.14968850130099 32.2
      vertex -8.59783261258001 20.85031149869901 32.2
    endloop
  endfacet
  facet normal 0 0 1
    outer loop
      vertex -8.418536410508597 20.97011339078319 32.2
      vertex -8.511127256321563 24.0853834264672 32.2
      vertex -8.511127256321563 20.9146165735328 32.2
    endloop
  endfacet
  facet normal 0 0 1
    outer loop
      vertex -8.418536410508597 24.02988660921681 32.2
      vertex -8.418536410508597 20.97011339078319 32.2
      vertex -8.3209517756016 21.016267485762416 32.2
    endloop
  endfacet
  facet normal 0 0 1
    outer loop
      vertex -8.219313144979909 21.05263436930543 32.2
      vertex -8.3209517756016 23.983732514237584 32.2
      vertex -8.3209517756016 21.016267485762416 32.2
    endloop
  endfacet
  facet normal 0 0 1
    outer loop
      vertex -8.677817459305203 24.2221825406948 32.2
      vertex -8.59783261258001 20.85031149869901 32.2
      vertex -8.59783261258001 24.14968850130099 32.2
    endloop
  endfacet
  facet normal 0 0 1
    outer loop
      vertex -8.511127256321563 20.9146165735328 32.2
      vertex -8.511127256321563 24.0853834264672 32.2
      vertex -8.59783261258001 24.14968850130099 32.2
    endloop
  endfacet
  facet normal 0 0 1
    outer loop
      vertex -8.511127256321563 24.0853834264672 32.2
      vertex -8.418536410508597 20.97011339078319 32.2
      vertex -8.418536410508597 24.02988660921681 32.2
    endloop
  endfacet
  facet normal 0 0 1
    outer loop
      vertex -8.418536410508597 24.02988660921681 32.2
      vertex -8.3209517756016 21.016267485762416 32.2
      vertex -8.3209517756016 23.983732514237584 32.2
    endloop
  endfacet
  facet normal 0 0 1
    outer loop
      vertex -8.114599354217741 21.078863808443554 32.2
      vertex -8.219313144979909 23.94736563069457 32.2
      vertex -8.219313144979909 21.05263436930543 32.2
    endloop
  endfacet
  facet normal 0 0 1
    outer loop
      vertex -8.007818854362517 21.094703199339417 32.2
      vertex -8.114599354217741 23.921136191556446 32.2
      vertex -8.114599354217741 21.078863808443554 32.2
    endloop
  endfacet
  facet normal 0 0 1
    outer loop
      vertex -7.9 21.1 32.2
      vertex -8.007818854362517 23.905296800660583 32.2
      vertex -8.007818854362517 21.094703199339417 32.2
    endloop
  endfacet
  facet normal 0 0 1
    outer loop
      vertex -8.3209517756016 23.983732514237584 32.2
      vertex -8.219313144979909 21.05263436930543 32.2
      vertex -8.219313144979909 23.94736563069457 32.2
    endloop
  endfacet
  facet normal 0 0 1
    outer loop
      vertex -8.114599354217741 21.078863808443554 32.2
      vertex -8.114599354217741 23.921136191556446 32.2
      vertex -8.219313144979909 23.94736563069457 32.2
    endloop
  endfacet
  facet normal 0 0 1
    outer loop
      vertex -8.114599354217741 23.921136191556446 32.2
      vertex -8.007818854362517 21.094703199339417 32.2
      vertex -8.007818854362517 23.905296800660583 32.2
    endloop
  endfacet
  facet normal 0 0 1
    outer loop
      vertex -8.007818854362517 23.905296800660583 32.2
      vertex -7.9 21.1 32.2
      vertex -7.9 23.9 32.2
    endloop
  endfacet
  facet normal 0 0 1
    outer loop
      vertex -8.511127256321563 25.9146165735328 32.2
      vertex -8.59783261258001 29.14968850130099 32.2
      vertex -8.59783261258001 25.85031149869901 32.2
    endloop
  endfacet
  facet normal 0 0 1
    outer loop
      vertex -8.418536410508597 25.97011339078319 32.2
      vertex -8.511127256321563 29.0853834264672 32.2
      vertex -8.511127256321563 25.9146165735328 32.2
    endloop
  endfacet
  facet normal 0 0 1
    outer loop
      vertex -8.3209517756016 26.016267485762416 32.2
      vertex -8.418536410508597 29.02988660921681 32.2
      vertex -8.418536410508597 25.97011339078319 32.2
    endloop
  endfacet
  facet normal 0 0 1
    outer loop
      vertex -8.219313144979909 26.05263436930543 32.2
      vertex -8.3209517756016 28.983732514237584 32.2
      vertex -8.3209517756016 26.016267485762416 32.2
    endloop
  endfacet
  facet normal 0 0 1
    outer loop
      vertex -8.114599354217741 26.078863808443554 32.2
      vertex -8.219313144979909 28.94736563069457 32.2
      vertex -8.219313144979909 26.05263436930543 32.2
    endloop
  endfacet
  facet normal 0 0 1
    outer loop
      vertex -8.007818854362517 26.094703199339417 32.2
      vertex -8.114599354217741 28.921136191556446 32.2
      vertex -8.114599354217741 26.078863808443554 32.2
    endloop
  endfacet
  facet normal 0 0 1
    outer loop
      vertex -7.9 26.1 32.2
      vertex -8.007818854362517 28.905296800660583 32.2
      vertex -8.007818854362517 26.094703199339417 32.2
    endloop
  endfacet
  facet normal 0 0 1
    outer loop
      vertex -8.87011339078319 29.4814635894914 32.2
      vertex -8.8146165735328 25.611127256321563 32.2
      vertex -8.8146165735328 29.388872743678437 32.2
    endloop
  endfacet
  facet normal 0 0 1
    outer loop
      vertex -8.87011339078319 25.5185364105086 32.2
      vertex -8.87011339078319 29.4814635894914 32.2
      vertex -8.916267485762416 29.579048224398402 32.2
    endloop
  endfacet
  facet normal 0 0 1
    outer loop
      vertex -8.750311498699011 25.69783261258001 32.2
      vertex -8.750311498699011 29.30216738741999 32.2
      vertex -8.8146165735328 29.388872743678437 32.2
    endloop
  endfacet
  facet normal 0 0 1
    outer loop
      vertex -8.750311498699011 29.30216738741999 32.2
      vertex -8.677817459305203 25.7778174593052 32.2
      vertex -8.677817459305203 29.2221825406948 32.2
    endloop
  endfacet
  facet normal 0 0 1
    outer loop
      vertex -8.511127256321563 29.0853834264672 32.2
      vertex -8.418536410508597 25.97011339078319 32.2
      vertex -8.418536410508597 29.02988660921681 32.2
    endloop
  endfacet
  facet normal 0 0 1
    outer loop
      vertex -8.677817459305203 29.2221825406948 32.2
      vertex -8.59783261258001 25.85031149869901 32.2
      vertex -8.59783261258001 29.14968850130099 32.2
    endloop
  endfacet
  facet normal 0 0 1
    outer loop
      vertex -8.511127256321563 25.9146165735328 32.2
      vertex -8.511127256321563 29.0853834264672 32.2
      vertex -8.59783261258001 29.14968850130099 32.2
    endloop
  endfacet
  facet normal 0 0 1
    outer loop
      vertex -8.3209517756016 26.016267485762416 32.2
      vertex -8.3209517756016 28.983732514237584 32.2
      vertex -8.418536410508597 29.02988660921681 32.2
    endloop
  endfacet
  facet normal 0 0 1
    outer loop
      vertex -8.3209517756016 28.983732514237584 32.2
      vertex -8.219313144979909 26.05263436930543 32.2
      vertex -8.219313144979909 28.94736563069457 32.2
    endloop
  endfacet
  facet normal 0 0 1
    outer loop
      vertex -8.114599354217741 26.078863808443554 32.2
      vertex -8.114599354217741 28.921136191556446 32.2
      vertex -8.219313144979909 28.94736563069457 32.2
    endloop
  endfacet
  facet normal 0 0 1
    outer loop
      vertex -8.114599354217741 28.921136191556446 32.2
      vertex -8.007818854362517 26.094703199339417 32.2
      vertex -8.007818854362517 28.905296800660583 32.2
    endloop
  endfacet
  facet normal 0 0 1
    outer loop
      vertex -8.007818854362517 28.905296800660583 32.2
      vertex -7.9 26.1 32.2
      vertex -7.9 28.9 32.2
    endloop
  endfacet
  facet normal 0 0 1
    outer loop
      vertex -19 37 32.2
      vertex -7.9 31.1 32.2
      vertex 7.9 31.1 32.2
    endloop
  endfacet
  facet normal 0 0 1
    outer loop
      vertex -7.9 21.1 32.2
      vertex 7.9 21.1 32.2
      vertex -7.9 23.9 32.2
    endloop
  endfacet
  facet normal 0 0 1
    outer loop
      vertex -7.9 26.1 32.2
      vertex 7.9 26.1 32.2
      vertex -7.9 28.9 32.2
    endloop
  endfacet
  facet normal 0 0 1
    outer loop
      vertex -19 37 32.2
      vertex 7.9 31.1 32.2
      vertex 8.007818854362517 31.094703199339417 32.2
    endloop
  endfacet
  facet normal 0 0 1
    outer loop
      vertex -19 37 32.2
      vertex 8.007818854362517 31.094703199339417 32.2
      vertex 8.114599354217741 31.078863808443554 32.2
    endloop
  endfacet
  facet normal 0 0 -1
    outer loop
      vertex -19 -37 0
      vertex 19 -35 0
      vertex 19 -37 0
    endloop
  endfacet
  facet normal 0 0 -1
    outer loop
      vertex 19 -37 0
      vertex 19.196034282445908 -34.99036945402622 0
      vertex 19.392068564891815 -36.980738908052444 0
    endloop
  endfacet
  facet normal 0 0 -1
    outer loop
      vertex 19 -37 0
      vertex 19 -35 0
      vertex 19.196034282445908 -34.99036945402622 0
    endloop
  endfacet
  facet normal 0 0 -1
    outer loop
      vertex 19.392068564891815 -36.980738908052444 0
      vertex 19.196034282445908 -34.99036945402622 0
      vertex 19.3901806473732 -34.96157056093216 0
    endloop
  endfacet
  facet normal 0 0 -1
    outer loop
      vertex 19.392068564891815 -36.980738908052444 0
      vertex 19.580569356679916 -34.91388066858053 0
      vertex 19.78036128729582 -36.92314112186432 0
    endloop
  endfacet
  facet normal 0 0 -1
    outer loop
      vertex 19.78036128729582 -36.92314112186432 0
      vertex 19.94279347360134 -34.76384253054857 0
      vertex 20.161138705909252 -36.827761344611645 0
    endloop
  endfacet
  facet normal 0 0 -1
    outer loop
      vertex 19.392068564891815 -36.980738908052444 0
      vertex 19.3901806473732 -34.96157056093216 0
      vertex 19.580569356679916 -34.91388066858053 0
    endloop
  endfacet
  facet normal 0 0 -1
    outer loop
      vertex 19.78036128729582 -36.92314112186432 0
      vertex 19.580569356679916 -34.91388066858053 0
      vertex 19.76536686718464 -34.84775906801224 0
    endloop
  endfacet
  facet normal 0 0 -1
    outer loop
      vertex 19.78036128729582 -36.92314112186432 0
      vertex 19.76536686718464 -34.84775906801224 0
      vertex 19.94279347360134 -34.76384253054857 0
    endloop
  endfacet
  facet normal 0 0 -1
    outer loop
      vertex 19.94279347360134 -34.76384253054857 0
      vertex 20.111140467226505 -34.662939228117466 0
      vertex 20.161138705909252 -36.827761344611645 0
    endloop
  endfacet
  facet normal 0 0 -1
    outer loop
      vertex 20.161138705909252 -36.827761344611645 0
      vertex 20.268786571919918 -34.54602091014385 0
      vertex 20.530733726918697 -36.695518128573895 0
    endloop
  endfacet
  facet normal 0 0 -1
    outer loop
      vertex 20.111140467226505 -34.662939228117466 0
      vertex 20.268786571919918 -34.54602091014385 0
      vertex 20.161138705909252 -36.827761344611645 0
    endloop
  endfacet
  facet normal 0 0 -1
    outer loop
      vertex 20.530733726918697 -36.695518128573895 0
      vertex 20.268786571919918 -34.54602091014385 0
      vertex 20.414213560521603 -34.4142135605216 0
    endloop
  endfacet
  facet normal 0 0 -1
    outer loop
      vertex 20.530733726918697 -36.695518128573895 0
      vertex 20.546020910143852 -34.26878657191992 0
      vertex 20.885586947202682 -36.527685061097145 0
    endloop
  endfacet
  facet normal 0 0 -1
    outer loop
      vertex 20.530733726918697 -36.695518128573895 0
      vertex 20.414213560521603 -34.4142135605216 0
      vertex 20.546020910143852 -34.26878657191992 0
    endloop
  endfacet
  facet normal 0 0 -1
    outer loop
      vertex 20.885586947202682 -36.527685061097145 0
      vertex 20.546020910143852 -34.26878657191992 0
      vertex 20.662939228117466 -34.111140467226505 0
    endloop
  endfacet
  facet normal 0 0 -1
    outer loop
      vertex 20.885586947202682 -36.527685061097145 0
      vertex 20.662939228117466 -34.111140467226505 0
      vertex 20.763842530548573 -33.94279347360134 0
    endloop
  endfacet
  facet normal 0 0 -1
    outer loop
      vertex 20.885586947202682 -36.527685061097145 0
      vertex 20.763842530548573 -33.94279347360134 0
      vertex 20.847759068012238 -33.76536686718464 0
    endloop
  endfacet
  facet normal 0 0 -1
    outer loop
      vertex 20.885586947202682 -36.527685061097145 0
      vertex 20.913880668580532 -33.580569356679916 0
      vertex 21.22228093445301 -36.32587844878435 0
    endloop
  endfacet
  facet normal 0 0 -1
    outer loop
      vertex 20.885586947202682 -36.527685061097145 0
      vertex 20.847759068012238 -33.76536686718464 0
      vertex 20.913880668580532 -33.580569356679916 0
    endloop
  endfacet
  facet normal 0 0 -1
    outer loop
      vertex 21.22228093445301 -36.32587844878435 0
      vertex 20.913880668580532 -33.580569356679916 0
      vertex 20.96157056093216 -33.3901806473732 0
    endloop
  endfacet
  facet normal 0 0 -1
    outer loop
      vertex 21.22228093445301 -36.32587844878435 0
      vertex 20.96157056093216 -33.3901806473732 0
      vertex 20.990369454026222 -33.19603428244591 0
    endloop
  endfacet
  facet normal 0 0 -1
    outer loop
      vertex 21.22228093445301 -36.32587844878435 0
      vertex 20.990369454026222 -33.19603428244591 0
      vertex 21 -33 0
    endloop
  endfacet
  facet normal 0.049067670415704694 -0.9987954563973425 0
    outer loop
      vertex 19 -37 0
      vertex 19.392068564891815 -36.980738908052444 0
      vertex 19 -37 32.2
    endloop
  endfacet
  facet normal 0.14673047883339677 -0.9891765093153608 0
    outer loop
      vertex 19.392068564891815 -36.980738908052444 0
      vertex 19.78036128729582 -36.92314112186432 0
      vertex 19.392068564891815 -36.980738908052444 32.2
    endloop
  endfacet
  facet normal 0.2429801778770028 -0.970031253702096 0
    outer loop
      vertex 19.78036128729582 -36.92314112186432 0
      vertex 20.161138705909252 -36.827761344611645 0
      vertex 19.78036128729582 -36.92314112186432 32.2
    endloop
  endfacet
  facet normal 0.3368898600571533 -0.9415440627982695 0
    outer loop
      vertex 20.161138705909252 -36.827761344611645 0
      vertex 20.530733726918697 -36.695518128573895 0
      vertex 20.161138705909252 -36.827761344611645 32.2
    endloop
  endfacet
  facet normal 0.42755508025413363 -0.9039892993552973 0
    outer loop
      vertex 20.530733726918697 -36.695518128573895 0
      vertex 20.885586947202682 -36.527685061097145 0
      vertex 20.530733726918697 -36.695518128573895 32.2
    endloop
  endfacet
  facet normal 0.5141027491514958 -0.8577286070283969 0
    outer loop
      vertex 20.885586947202682 -36.527685061097145 0
      vertex 21.22228093445301 -36.32587844878435 0
      vertex 20.885586947202682 -36.527685061097145 32.2
    endloop
  endfacet
  facet normal 0.5956993080192206 -0.8032075288650011 0
    outer loop
      vertex 21.22228093445301 -36.32587844878435 0
      vertex 21.537573136389256 -36.092041812837124 0
      vertex 21.22228093445301 -36.32587844878435 32.2
    endloop
  endfacet
  facet normal 0.6715589635251563 -0.7409511174895534 0
    outer loop
      vertex 21.537573136389256 -36.092041812837124 0
      vertex 21.828427121043205 -35.828427121043205 0
      vertex 21.537573136389256 -36.092041812837124 32.2
    endloop
  endfacet
  facet normal 0.7409511174895534 -0.6715589635251563 0
    outer loop
      vertex 21.828427121043205 -35.828427121043205 0
      vertex 22.092041812837124 -35.537573136389256 0
      vertex 21.828427121043205 -35.828427121043205 32.2
    endloop
  endfacet
  facet normal 0.8032075288650011 -0.5956993080192206 0
    outer loop
      vertex 22.092041812837124 -35.537573136389256 0
      vertex 22.32587844878435 -35.22228093445301 0
      vertex 22.092041812837124 -35.537573136389256 32.2
    endloop
  endfacet
  facet normal 0.8577286070283969 -0.5141027491514958 0
    outer loop
      vertex 22.32587844878435 -35.22228093445301 0
      vertex 22.527685061097145 -34.88558694720268 0
      vertex 22.32587844878435 -35.22228093445301 32.2
    endloop
  endfacet
  facet normal 0.9039892993552973 -0.42755508025413363 0
    outer loop
      vertex 22.527685061097145 -34.88558694720268 0
      vertex 22.695518128573895 -34.5307337269187 0
      vertex 22.527685061097145 -34.88558694720268 32.2
    endloop
  endfacet
  facet normal 0.9415440627982695 -0.3368898600571533 0
    outer loop
      vertex 22.695518128573895 -34.5307337269187 0
      vertex 22.827761344611645 -34.16113870590925 0
      vertex 22.695518128573895 -34.5307337269187 32.2
    endloop
  endfacet
  facet normal 0.970031253702096 -0.2429801778770028 0
    outer loop
      vertex 22.827761344611645 -34.16113870590925 0
      vertex 22.92314112186432 -33.78036128729582 0
      vertex 22.827761344611645 -34.16113870590925 32.2
    endloop
  endfacet
  facet normal 0.9891765093153608 -0.14673047883339677 0
    outer loop
      vertex 22.92314112186432 -33.78036128729582 0
      vertex 22.980738908052444 -33.392068564891815 0
      vertex 22.92314112186432 -33.78036128729582 32.2
    endloop
  endfacet
  facet normal 0.9987954563973425 -0.049067670415704694 0
    outer loop
      vertex 22.980738908052444 -33.392068564891815 0
      vertex 23 -33 0
      vertex 22.980738908052444 -33.392068564891815 32.2
    endloop
  endfacet
  facet normal 0 0 -1
    outer loop
      vertex 21.22228093445301 -36.32587844878435 0
      vertex 21 -33 0
      vertex 21 33 0
    endloop
  endfacet
  facet normal 0 0 -1
    outer loop
      vertex 21.22228093445301 -36.32587844878435 0
      vertex 21.22228093445301 36.32587844878435 0
      vertex 21.537573136389256 -36.092041812837124 0
    endloop
  endfacet
  facet normal 0 0 -1
    outer loop
      vertex 21.537573136389256 -36.092041812837124 0
      vertex 21.537573136389256 36.092041812837124 0
      vertex 21.828427121043205 -35.828427121043205 0
    endloop
  endfacet
  facet normal 0 0 -1
    outer loop
      vertex 21.828427121043205 -35.828427121043205 0
      vertex 21.828427121043205 35.828427121043205 0
      vertex 22.092041812837124 -35.537573136389256 0
    endloop
  endfacet
  facet normal 0 0 -1
    outer loop
      vertex 22.092041812837124 -35.537573136389256 0
      vertex 22.092041812837124 35.537573136389256 0
      vertex 22.32587844878435 -35.22228093445301 0
    endloop
  endfacet
  facet normal 0 0 -1
    outer loop
      vertex 22.32587844878435 -35.22228093445301 0
      vertex 22.32587844878435 35.22228093445301 0
      vertex 22.527685061097145 -34.88558694720268 0
    endloop
  endfacet
  facet normal 0 0 -1
    outer loop
      vertex 22.527685061097145 -34.88558694720268 0
      vertex 22.527685061097145 34.88558694720268 0
      vertex 22.695518128573895 -34.5307337269187 0
    endloop
  endfacet
  facet normal 0 0 -1
    outer loop
      vertex 22.695518128573895 -34.5307337269187 0
      vertex 22.695518128573895 34.5307337269187 0
      vertex 22.827761344611645 -34.16113870590925 0
    endloop
  endfacet
  facet normal 0 0 -1
    outer loop
      vertex 22.827761344611645 -34.16113870590925 0
      vertex 22.827761344611645 34.16113870590925 0
      vertex 22.92314112186432 -33.78036128729582 0
    endloop
  endfacet
  facet normal 0 0 -1
    outer loop
      vertex 22.92314112186432 -33.78036128729582 0
      vertex 22.92314112186432 33.78036128729582 0
      vertex 22.980738908052444 -33.392068564891815 0
    endloop
  endfacet
  facet normal 0 0 -1
    outer loop
      vertex 22.980738908052444 -33.392068564891815 0
      vertex 22.980738908052444 33.392068564891815 0
      vertex 23 -33 0
    endloop
  endfacet
  facet normal 1 0 0
    outer loop
      vertex 23 -33 0
      vertex 23 33 0
      vertex 23 -33 32.2
    endloop
  endfacet
  facet normal 0 -1 0
    outer loop
      vertex -19 -37 32.2
      vertex 19 -37 0
      vertex 19 -37 32.2
    endloop
  endfacet
  facet normal 0 0 1
    outer loop
      vertex -19 -37 32.2
      vertex 19 -37 32.2
      vertex 4.9 -29.6 32.2
    endloop
  endfacet
  facet normal 0 0 1
    outer loop
      vertex 19 -37 32.2
      vertex 4.9 -24.400000000000002 32.2
      vertex 4.9 -29.6 32.2
    endloop
  endfacet
  facet normal 0 0 1
    outer loop
      vertex 19 -37 32.2
      vertex -3.5 -1 32.2
      vertex 4.9 -24.400000000000002 32.2
    endloop
  endfacet
  facet normal 0 0 1
    outer loop
      vertex 19 -37 32.2
      vertex -3.5072229099917047 -0.8529742895056591 32.2
      vertex -3.5 -1 32.2
    endloop
  endfacet
  facet normal 0 0 1
    outer loop
      vertex 19 -37 32.2
      vertex -3.5288220793951544 -0.7073645169758076 32.2
      vertex -3.5072229099917047 -0.8529742895056591 32.2
    endloop
  endfacet
  facet normal 0 0 1
    outer loop
      vertex 19 -37 32.2
      vertex -3.5645894964016867 -0.5645729841183065 32.2
      vertex -3.5288220793951544 -0.7073645169758076 32.2
    endloop
  endfacet
  facet normal 0 0 1
    outer loop
      vertex 19 -37 32.2
      vertex -3.61418070123307 -0.42597485145236536 32.2
      vertex -3.5645894964016867 -0.5645729841183065 32.2
    endloop
  endfacet
  facet normal 0 0 1
    outer loop
      vertex -19 37 32.2
      vertex 16.960635525924804 -32.430518861410725 32.2
      vertex 16.923442122301264 -32.32657026191127 32.2
    endloop
  endfacet
  facet normal 0 0 1
    outer loop
      vertex -19 37 32.2
      vertex 17.0078385776081 -32.53032132892925 32.2
      vertex 16.960635525924804 -32.430518861410725 32.2
    endloop
  endfacet
  facet normal 0 0 1
    outer loop
      vertex -19 37 32.2
      vertex 19 -37 32.2
      vertex 17.0078385776081 -32.53032132892925 32.2
    endloop
  endfacet
  facet normal 0 0 1
    outer loop
      vertex -8.8146165735328 19.388872743678437 32.2
      vertex 16.923442122301264 -32.32657026191127 32.2
      vertex 3.6771181034774676 -1.7070951052389964 32.2
    endloop
  endfacet
  facet normal 0 0 1
    outer loop
      vertex 3.752795581546182 -1.8333553495294033 32.2
      vertex 16.896616559546366 -32.219476612268146 32.2
      vertex 3.8404843199558947 -1.9515899262454681 32.2
    endloop
  endfacet
  facet normal 0 0 1
    outer loop
      vertex 3.6771181034774676 -1.7070951052389964 32.2
      vertex 16.923442122301264 -32.32657026191127 32.2
      vertex 3.752795581546182 -1.8333553495294033 32.2
    endloop
  endfacet
  facet normal 0 0 1
    outer loop
      vertex 3.8404843199558947 -1.9515899262454681 32.2
      vertex 16.88041718249378 -32.11026928287075 32.2
      vertex 3.9393398282201786 -2.0606601717798214 32.2
    endloop
  endfacet
  facet normal 0 0 1
    outer loop
      vertex 4.048410073754532 -2.1595156800441053 32.2
      vertex 3.9393398282201786 -2.0606601717798214 32.2
      vertex 16.875 -32 32.2
    endloop
  endfacet
  facet normal 0 0 1
    outer loop
      vertex 4.166644650470596 -2.247204418453818 32.2
      vertex 4.048410073754532 -2.1595156800441053 32.2
      vertex 16.88041718249378 -31.889730717129243 32.2
    endloop
  endfacet
  facet normal 0 0 1
    outer loop
      vertex 4.292904894761003 -2.3228818965225324 32.2
      vertex 4.166644650470596 -2.247204418453818 32.2
      vertex 16.896616559546366 -31.780523387731854 32.2
    endloop
  endfacet
  facet normal 0 0 1
    outer loop
      vertex 4.425974851452366 -2.38581929876693 32.2
      vertex 4.292904894761003 -2.3228818965225324 32.2
      vertex 16.923442122301264 -31.67342973808873 32.2
    endloop
  endfacet
  facet normal 0 0 1
    outer loop
      vertex 4.564572984118307 -2.4354105035983133 32.2
      vertex 4.425974851452366 -2.38581929876693 32.2
      vertex 16.960635525924804 -31.569481138589275 32.2
    endloop
  endfacet
  facet normal 0 0 1
    outer loop
      vertex 4.707364516975808 -2.4711779206048456 32.2
      vertex 4.564572984118307 -2.4354105035983133 32.2
      vertex 17.0078385776081 -31.469678671070753 32.2
    endloop
  endfacet
  facet normal 0 0 1
    outer loop
      vertex 4.852974289505659 -2.4927770900082953 32.2
      vertex 4.707364516975808 -2.4711779206048456 32.2
      vertex 17.064596686159636 -31.374983487852948 32.2
    endloop
  endfacet
  facet normal 0 0 1
    outer loop
      vertex 5 -2.5 32.2
      vertex 4.852974289505659 -2.4927770900082953 32.2
      vertex 17.130363239966922 -31.286307555315897 32.2
    endloop
  endfacet
  facet normal 0 0 1
    outer loop
      vertex 5.147025710494341 -2.4927770900082953 32.2
      vertex 5 -2.5 32.2
      vertex 17.204504871165135 -31.204504871165135 32.2
    endloop
  endfacet
  facet normal 0 0 1
    outer loop
      vertex 5.292635483024192 -2.4711779206048456 32.2
      vertex 5.147025710494341 -2.4927770900082953 32.2
      vertex 17.286307555315897 -31.130363239966922 32.2
    endloop
  endfacet
  facet normal 0 0 1
    outer loop
      vertex 5.435427015881693 -2.4354105035983133 32.2
      vertex 5.292635483024192 -2.4711779206048456 32.2
      vertex 17.374983487852948 -31.064596686159636 32.2
    endloop
  endfacet
  facet normal 0 0 1
    outer loop
      vertex 5.574025148547634 -2.38581929876693 32.2
      vertex 5.435427015881693 -2.4354105035983133 32.2
      vertex 17.469678671070753 -31.0078385776081 32.2
    endloop
  endfacet
  facet normal 0 0 1
    outer loop
      vertex 5.707095105238997 -2.3228818965225324 32.2
      vertex 5.574025148547634 -2.38581929876693 32.2
      vertex 17.67342973808873 -30.923442122301264 32.2
    endloop
  endfacet
  facet normal 0 0 1
    outer loop
      vertex 5.833355349529404 -2.247204418453818 32.2
      vertex 5.707095105238997 -2.3228818965225324 32.2
      vertex 17.889730717129243 -30.88041718249378 32.2
    endloop
  endfacet
  facet normal 0 0 1
    outer loop
      vertex 5.951589926245468 -2.1595156800441053 32.2
      vertex 5.833355349529404 -2.247204418453818 32.2
      vertex 18 -30.875 32.2
    endloop
  endfacet
  facet normal 0 0 1
    outer loop
      vertex 6.060660171779821 -2.0606601717798214 32.2
      vertex 5.951589926245468 -2.1595156800441053 32.2
      vertex 18.110269282870757 -30.88041718249378 32.2
    endloop
  endfacet
  facet normal 0 0 1
    outer loop
      vertex 6.060660171779821 -2.0606601717798214 32.2
      vertex 18.219476612268146 -30.896616559546366 32.2
      vertex 6.159515680044105 -1.9515899262454681 32.2
    endloop
  endfacet
  facet normal 0 0 1
    outer loop
      vertex 6.159515680044105 -1.9515899262454681 32.2
      vertex 18.32657026191127 -30.923442122301264 32.2
      vertex 6.247204418453817 -1.8333553495294033 32.2
    endloop
  endfacet
  facet normal 0 0 1
    outer loop
      vertex 6.247204418453817 -1.8333553495294033 32.2
      vertex 18.430518861410725 -30.960635525924804 32.2
      vertex 6.322881896522532 -1.7070951052389964 32.2
    endloop
  endfacet
  facet normal 0 0 1
    outer loop
      vertex 6.322881896522532 -1.7070951052389964 32.2
      vertex 18.625016512147052 -31.064596686159636 32.2
      vertex 6.38581929876693 -1.5740251485476346 32.2
    endloop
  endfacet
  facet normal 0 0 1
    outer loop
      vertex 6.38581929876693 -1.5740251485476346 32.2
      vertex 18.713692444684103 -31.130363239966922 32.2
      vertex 6.435410503598313 -1.4354270158816935 32.2
    endloop
  endfacet
  facet normal 0 0 1
    outer loop
      vertex 6.435410503598313 -1.4354270158816935 32.2
      vertex 18.795495128834865 -31.204504871165135 32.2
      vertex 6.471177920604846 -1.2926354830241924 32.2
    endloop
  endfacet
  facet normal 0 0 1
    outer loop
      vertex 6.471177920604846 -1.2926354830241924 32.2
      vertex 18.869636760033078 -31.286307555315897 32.2
      vertex 6.492777090008295 -1.1470257104943409 32.2
    endloop
  endfacet
  facet normal 0 0 1
    outer loop
      vertex 6.492777090008295 -1.1470257104943409 32.2
      vertex 18.935403313840364 -31.374983487852948 32.2
      vertex 6.5 -1 32.2
    endloop
  endfacet
  facet normal 0.049067670415704694 -0.9987954563973425 0
    outer loop
      vertex 19.392068564891815 -36.980738908052444 0
      vertex 19.392068564891815 -36.980738908052444 32.2
      vertex 19 -37 32.2
    endloop
  endfacet
  facet normal 0.14673047883339677 -0.9891765093153608 0
    outer loop
      vertex 19.78036128729582 -36.92314112186432 0
      vertex 19.78036128729582 -36.92314112186432 32.2
      vertex 19.392068564891815 -36.980738908052444 32.2
    endloop
  endfacet
  facet normal 0.2429801778770028 -0.970031253702096 0
    outer loop
      vertex 20.161138705909252 -36.827761344611645 0
      vertex 20.161138705909252 -36.827761344611645 32.2
      vertex 19.78036128729582 -36.92314112186432 32.2
    endloop
  endfacet
  facet normal 0.3368898600571533 -0.9415440627982695 0
    outer loop
      vertex 20.530733726918697 -36.695518128573895 0
      vertex 20.530733726918697 -36.695518128573895 32.2
      vertex 20.161138705909252 -36.827761344611645 32.2
    endloop
  endfacet
  facet normal 0.42755508025413363 -0.9039892993552973 0
    outer loop
      vertex 20.885586947202682 -36.527685061097145 0
      vertex 20.885586947202682 -36.527685061097145 32.2
      vertex 20.530733726918697 -36.695518128573895 32.2
    endloop
  endfacet
  facet normal 0.5141027491514958 -0.8577286070283969 0
    outer loop
      vertex 21.22228093445301 -36.32587844878435 0
      vertex 21.22228093445301 -36.32587844878435 32.2
      vertex 20.885586947202682 -36.527685061097145 32.2
    endloop
  endfacet
  facet normal 0.5956993080192206 -0.8032075288650011 0
    outer loop
      vertex 21.537573136389256 -36.092041812837124 0
      vertex 21.537573136389256 -36.092041812837124 32.2
      vertex 21.22228093445301 -36.32587844878435 32.2
    endloop
  endfacet
  facet normal 0.6715589635251563 -0.7409511174895534 0
    outer loop
      vertex 21.828427121043205 -35.828427121043205 0
      vertex 21.828427121043205 -35.828427121043205 32.2
      vertex 21.537573136389256 -36.092041812837124 32.2
    endloop
  endfacet
  facet normal 0.7409511174895534 -0.6715589635251563 0
    outer loop
      vertex 22.092041812837124 -35.537573136389256 0
      vertex 22.092041812837124 -35.537573136389256 32.2
      vertex 21.828427121043205 -35.828427121043205 32.2
    endloop
  endfacet
  facet normal 0.8032075288650011 -0.5956993080192206 0
    outer loop
      vertex 22.32587844878435 -35.22228093445301 0
      vertex 22.32587844878435 -35.22228093445301 32.2
      vertex 22.092041812837124 -35.537573136389256 32.2
    endloop
  endfacet
  facet normal 0.8577286070283969 -0.5141027491514958 0
    outer loop
      vertex 22.527685061097145 -34.88558694720268 0
      vertex 22.527685061097145 -34.88558694720268 32.2
      vertex 22.32587844878435 -35.22228093445301 32.2
    endloop
  endfacet
  facet normal 0.9039892993552973 -0.42755508025413363 0
    outer loop
      vertex 22.695518128573895 -34.5307337269187 0
      vertex 22.695518128573895 -34.5307337269187 32.2
      vertex 22.527685061097145 -34.88558694720268 32.2
    endloop
  endfacet
  facet normal 0.9415440627982695 -0.3368898600571533 0
    outer loop
      vertex 22.827761344611645 -34.16113870590925 0
      vertex 22.827761344611645 -34.16113870590925 32.2
      vertex 22.695518128573895 -34.5307337269187 32.2
    endloop
  endfacet
  facet normal 0.970031253702096 -0.2429801778770028 0
    outer loop
      vertex 22.92314112186432 -33.78036128729582 0
      vertex 22.92314112186432 -33.78036128729582 32.2
      vertex 22.827761344611645 -34.16113870590925 32.2
    endloop
  endfacet
  facet normal 0.9891765093153608 -0.14673047883339677 0
    outer loop
      vertex 22.980738908052444 -33.392068564891815 0
      vertex 22.980738908052444 -33.392068564891815 32.2
      vertex 22.92314112186432 -33.78036128729582 32.2
    endloop
  endfacet
  facet normal 0.9987954563973425 -0.049067670415704694 0
    outer loop
      vertex 23 -33 0
      vertex 23 -33 32.2
      vertex 22.980738908052444 -33.392068564891815 32.2
    endloop
  endfacet
  facet normal 0 0 1
    outer loop
      vertex 16.896616559546366 -32.219476612268146 32.2
      vertex 3.752795581546182 -1.8333553495294033 32.2
      vertex 16.923442122301264 -32.32657026191127 32.2
    endloop
  endfacet
  facet normal 0 0 1
    outer loop
      vertex 16.875 -32 32.2
      vertex 3.9393398282201786 -2.0606601717798214 32.2
      vertex 16.88041718249378 -32.11026928287075 32.2
    endloop
  endfacet
  facet normal 0 0 1
    outer loop
      vertex 16.88041718249378 -32.11026928287075 32.2
      vertex 3.8404843199558947 -1.9515899262454681 32.2
      vertex 16.896616559546366 -32.219476612268146 32.2
    endloop
  endfacet
  facet normal 0 0 1
    outer loop
      vertex 4.048410073754532 -2.1595156800441053 32.2
      vertex 16.875 -32 32.2
      vertex 16.88041718249378 -31.889730717129243 32.2
    endloop
  endfacet
  facet normal 0 0 1
    outer loop
      vertex 4.166644650470596 -2.247204418453818 32.2
      vertex 16.88041718249378 -31.889730717129243 32.2
      vertex 16.896616559546366 -31.780523387731854 32.2
    endloop
  endfacet
  facet normal 0 0 1
    outer loop
      vertex 4.292904894761003 -2.3228818965225324 32.2
      vertex 16.896616559546366 -31.780523387731854 32.2
      vertex 16.923442122301264 -31.67342973808873 32.2
    endloop
  endfacet
  facet normal 0 0 1
    outer loop
      vertex 4.425974851452366 -2.38581929876693 32.2
      vertex 16.923442122301264 -31.67342973808873 32.2
      vertex 16.960635525924804 -31.569481138589275 32.2
    endloop
  endfacet
  facet normal 0 0 1
    outer loop
      vertex 4.564572984118307 -2.4354105035983133 32.2
      vertex 16.960635525924804 -31.569481138589275 32.2
      vertex 17.0078385776081 -31.469678671070753 32.2
    endloop
  endfacet
  facet normal 0 0 1
    outer loop
      vertex 4.707364516975808 -2.4711779206048456 32.2
      vertex 17.0078385776081 -31.469678671070753 32.2
      vertex 17.064596686159636 -31.374983487852948 32.2
    endloop
  endfacet
  facet normal 0 0 1
    outer loop
      vertex 4.852974289505659 -2.4927770900082953 32.2
      vertex 17.064596686159636 -31.374983487852948 32.2
      vertex 17.130363239966922 -31.286307555315897 32.2
    endloop
  endfacet
  facet normal 0 0 1
    outer loop
      vertex 5 -2.5 32.2
      vertex 17.130363239966922 -31.286307555315897 32.2
      vertex 17.204504871165135 -31.204504871165135 32.2
    endloop
  endfacet
  facet normal 0 0 1
    outer loop
      vertex 5.147025710494341 -2.4927770900082953 32.2
      vertex 17.204504871165135 -31.204504871165135 32.2
      vertex 17.286307555315897 -31.130363239966922 32.2
    endloop
  endfacet
  facet normal 0 0 1
    outer loop
      vertex 5.292635483024192 -2.4711779206048456 32.2
      vertex 17.286307555315897 -31.130363239966922 32.2
      vertex 17.374983487852948 -31.064596686159636 32.2
    endloop
  endfacet
  facet normal 0 0 1
    outer loop
      vertex 5.435427015881693 -2.4354105035983133 32.2
      vertex 17.374983487852948 -31.064596686159636 32.2
      vertex 17.469678671070753 -31.0078385776081 32.2
    endloop
  endfacet
  facet normal 0 0 1
    outer loop
      vertex 5.574025148547634 -2.38581929876693 32.2
      vertex 17.469678671070753 -31.0078385776081 32.2
      vertex 17.569481138589275 -30.960635525924804 32.2
    endloop
  endfacet
  facet normal 0 0 1
    outer loop
      vertex 5.574025148547634 -2.38581929876693 32.2
      vertex 17.569481138589275 -30.960635525924804 32.2
      vertex 17.67342973808873 -30.923442122301264 32.2
    endloop
  endfacet
  facet normal 0 0 1
    outer loop
      vertex 5.707095105238997 -2.3228818965225324 32.2
      vertex 17.67342973808873 -30.923442122301264 32.2
      vertex 17.780523387731854 -30.896616559546366 32.2
    endloop
  endfacet
  facet normal 0 0 1
    outer loop
      vertex 17.780523387731854 -30.896616559546366 32.2
      vertex 17.889730717129243 -30.88041718249378 32.2
      vertex 5.707095105238997 -2.3228818965225324 32.2
    endloop
  endfacet
  facet normal 0 0 1
    outer loop
      vertex 5.833355349529404 -2.247204418453818 32.2
      vertex 17.889730717129243 -30.88041718249378 32.2
      vertex 18 -30.875 32.2
    endloop
  endfacet
  facet normal 0 0 1
    outer loop
      vertex 5.951589926245468 -2.1595156800441053 32.2
      vertex 18 -30.875 32.2
      vertex 18.110269282870757 -30.88041718249378 32.2
    endloop
  endfacet
  facet normal 0 0 1
    outer loop
      vertex 6.060660171779821 -2.0606601717798214 32.2
      vertex 18.110269282870757 -30.88041718249378 32.2
      vertex 18.219476612268146 -30.896616559546366 32.2
    endloop
  endfacet
  facet normal 0 0 1
    outer loop
      vertex 6.159515680044105 -1.9515899262454681 32.2
      vertex 18.219476612268146 -30.896616559546366 32.2
      vertex 18.32657026191127 -30.923442122301264 32.2
    endloop
  endfacet
  facet normal 0 0 1
    outer loop
      vertex 6.247204418453817 -1.8333553495294033 32.2
      vertex 18.32657026191127 -30.923442122301264 32.2
      vertex 18.430518861410725 -30.960635525924804 32.2
    endloop
  endfacet
  facet normal 0 0 1
    outer loop
      vertex 18.430518861410725 -30.960635525924804 32.2
      vertex 18.530321328929247 -31.0078385776081 32.2
      vertex 6.322881896522532 -1.7070951052389964 32.2
    endloop
  endfacet
  facet normal 0 0 1
    outer loop
      vertex 6.322881896522532 -1.7070951052389964 32.2
      vertex 18.530321328929247 -31.0078385776081 32.2
      vertex 18.625016512147052 -31.064596686159636 32.2
    endloop
  endfacet
  facet normal 0 0 1
    outer loop
      vertex 6.38581929876693 -1.5740251485476346 32.2
      vertex 18.625016512147052 -31.064596686159636 32.2
      vertex 18.713692444684103 -31.130363239966922 32.2
    endloop
  endfacet
  facet normal 0 0 1
    outer loop
      vertex 6.435410503598313 -1.4354270158816935 32.2
      vertex 18.713692444684103 -31.130363239966922 32.2
      vertex 18.795495128834865 -31.204504871165135 32.2
    endloop
  endfacet
  facet normal 0 0 1
    outer loop
      vertex 6.471177920604846 -1.2926354830241924 32.2
      vertex 18.795495128834865 -31.204504871165135 32.2
      vertex 18.869636760033078 -31.286307555315897 32.2
    endloop
  endfacet
  facet normal 0 0 1
    outer loop
      vertex 6.492777090008295 -1.1470257104943409 32.2
      vertex 18.869636760033078 -31.286307555315897 32.2
      vertex 18.935403313840364 -31.374983487852948 32.2
    endloop
  endfacet
  facet normal 0 0 1
    outer loop
      vertex 18.9921614223919 -31.469678671070753 32.2
      vertex 6.5 -1 32.2
      vertex 18.935403313840364 -31.374983487852948 32.2
    endloop
  endfacet
  facet normal 0 0 1
    outer loop
      vertex 19.039364474075196 -31.569481138589275 32.2
      vertex 6.5 -1 32.2
      vertex 18.9921614223919 -31.469678671070753 32.2
    endloop
  endfacet
  facet normal 0 0 1
    outer loop
      vertex 19 -37 32.2
      vertex 17.130363239966922 -32.7136924446841 32.2
      vertex 17.064596686159636 -32.625016512147056 32.2
    endloop
  endfacet
  facet normal 0 0 1
    outer loop
      vertex 19 -37 32.2
      vertex 17.204504871165135 -32.795495128834865 32.2
      vertex 17.130363239966922 -32.7136924446841 32.2
    endloop
  endfacet
  facet normal 0 0 1
    outer loop
      vertex 19 -37 32.2
      vertex 17.286307555315897 -32.86963676003308 32.2
      vertex 17.204504871165135 -32.795495128834865 32.2
    endloop
  endfacet
  facet normal 0 0 1
    outer loop
      vertex 19 -37 32.2
      vertex 17.374983487852948 -32.93540331384036 32.2
      vertex 17.286307555315897 -32.86963676003308 32.2
    endloop
  endfacet
  facet normal 0 0 1
    outer loop
      vertex 19 -37 32.2
      vertex 17.469678671070753 -32.9921614223919 32.2
      vertex 17.374983487852948 -32.93540331384036 32.2
    endloop
  endfacet
  facet normal 0 0 1
    outer loop
      vertex 19 -37 32.2
      vertex 17.064596686159636 -32.625016512147056 32.2
      vertex 17.0078385776081 -32.53032132892925 32.2
    endloop
  endfacet
  facet normal 0 0 1
    outer loop
      vertex 19 -37 32.2
      vertex 17.569481138589275 -33.0393644740752 32.2
      vertex 17.469678671070753 -32.9921614223919 32.2
    endloop
  endfacet
  facet normal 0 0 1
    outer loop
      vertex 19 -37 32.2
      vertex 17.67342973808873 -33.07655787769873 32.2
      vertex 17.569481138589275 -33.0393644740752 32.2
    endloop
  endfacet
  facet normal 0 0 1
    outer loop
      vertex 19 -37 32.2
      vertex 17.889730717129243 -33.11958281750622 32.2
      vertex 17.780523387731854 -33.103383440453634 32.2
    endloop
  endfacet
  facet normal 0 0 1
    outer loop
      vertex 19 -37 32.2
      vertex 18 -33.125 32.2
      vertex 17.889730717129243 -33.11958281750622 32.2
    endloop
  endfacet
  facet normal 0 0 1
    outer loop
      vertex 19 -37 32.2
      vertex 17.780523387731854 -33.103383440453634 32.2
      vertex 17.67342973808873 -33.07655787769873 32.2
    endloop
  endfacet
  facet normal 0 0 1
    outer loop
      vertex 19 -37 32.2
      vertex 18.110269282870757 -33.11958281750622 32.2
      vertex 18 -33.125 32.2
    endloop
  endfacet
  facet normal 0 0 1
    outer loop
      vertex 19 -37 32.2
      vertex 18.219476612268146 -33.103383440453634 32.2
      vertex 18.110269282870757 -33.11958281750622 32.2
    endloop
  endfacet
  facet normal 0 0 1
    outer loop
      vertex 19 -37 32.2
      vertex 18.32657026191127 -33.07655787769873 32.2
      vertex 18.219476612268146 -33.103383440453634 32.2
    endloop
  endfacet
  facet normal 0 0 1
    outer loop
      vertex 19 -37 32.2
      vertex 18.430518861410725 -33.0393644740752 32.2
      vertex 18.32657026191127 -33.07655787769873 32.2
    endloop
  endfacet
  facet normal 0 0 1
    outer loop
      vertex 19 -37 32.2
      vertex 18.530321328929247 -32.9921614223919 32.2
      vertex 18.430518861410725 -33.0393644740752 32.2
    endloop
  endfacet
  facet normal 0 0 1
    outer loop
      vertex 19 -37 32.2
      vertex 19.392068564891815 -36.980738908052444 32.2
      vertex 18.9921614223919 -32.53032132892925 32.2
    endloop
  endfacet
  facet normal 0 0 1
    outer loop
      vertex 19 -37 32.2
      vertex 18.625016512147052 -32.93540331384036 32.2
      vertex 18.530321328929247 -32.9921614223919 32.2
    endloop
  endfacet
  facet normal 0 0 1
    outer loop
      vertex 19 -37 32.2
      vertex 18.713692444684103 -32.86963676003308 32.2
      vertex 18.625016512147052 -32.93540331384036 32.2
    endloop
  endfacet
  facet normal 0 0 1
    outer loop
      vertex 19 -37 32.2
      vertex 18.795495128834865 -32.795495128834865 32.2
      vertex 18.713692444684103 -32.86963676003308 32.2
    endloop
  endfacet
  facet normal 0 0 1
    outer loop
      vertex 19 -37 32.2
      vertex 18.869636760033078 -32.7136924446841 32.2
      vertex 18.795495128834865 -32.795495128834865 32.2
    endloop
  endfacet
  facet normal 0 0 1
    outer loop
      vertex 19 -37 32.2
      vertex 18.935403313840364 -32.625016512147056 32.2
      vertex 18.869636760033078 -32.7136924446841 32.2
    endloop
  endfacet
  facet normal 0 0 1
    outer loop
      vertex 19 -37 32.2
      vertex 18.9921614223919 -32.53032132892925 32.2
      vertex 18.935403313840364 -32.625016512147056 32.2
    endloop
  endfacet
  facet normal 0 0 1
    outer loop
      vertex 19.392068564891815 -36.980738908052444 32.2
      vertex 19.039364474075196 -32.430518861410725 32.2
      vertex 18.9921614223919 -32.53032132892925 32.2
    endloop
  endfacet
  facet normal 0 0 1
    outer loop
      vertex 19.392068564891815 -36.980738908052444 32.2
      vertex 19.076557877698736 -32.32657026191127 32.2
      vertex 19.039364474075196 -32.430518861410725 32.2
    endloop
  endfacet
  facet normal 0 0 1
    outer loop
      vertex 19.392068564891815 -36.980738908052444 32.2
      vertex 19.103383440453634 -32.219476612268146 32.2
      vertex 19.076557877698736 -32.32657026191127 32.2
    endloop
  endfacet
  facet normal 0 0 1
    outer loop
      vertex 19.392068564891815 -36.980738908052444 32.2
      vertex 19.11958281750622 -32.11026928287075 32.2
      vertex 19.103383440453634 -32.219476612268146 32.2
    endloop
  endfacet
  facet normal 0 0 1
    outer loop
      vertex 19.392068564891815 -36.980738908052444 32.2
      vertex 19.125 -32 32.2
      vertex 19.11958281750622 -32.11026928287075 32.2
    endloop
  endfacet
  facet normal 0 0 1
    outer loop
      vertex 19.392068564891815 -36.980738908052444 32.2
      vertex 19.11958281750622 -31.889730717129243 32.2
      vertex 19.125 -32 32.2
    endloop
  endfacet
  facet normal 0 0 1
    outer loop
      vertex 19.039364474075196 -31.569481138589275 32.2
      vertex 8.978863808443554 19.78540064578226 32.2
      vertex 6.5 -1 32.2
    endloop
  endfacet
  facet normal 0 0 1
    outer loop
      vertex 19.392068564891815 -36.980738908052444 32.2
      vertex 18.9921614223919 31.469678671070753 32.2
      vertex 19.11958281750622 -31.889730717129243 32.2
    endloop
  endfacet
  facet normal 0 0 1
    outer loop
      vertex 19.392068564891815 -36.980738908052444 32.2
      vertex 19.78036128729582 -36.92314112186432 32.2
      vertex 19.392068564891815 36.980738908052444 32.2
    endloop
  endfacet
  facet normal 0 0 1
    outer loop
      vertex 19.78036128729582 -36.92314112186432 32.2
      vertex 20.161138705909252 -36.827761344611645 32.2
      vertex 19.78036128729582 36.92314112186432 32.2
    endloop
  endfacet
  facet normal 0 0 1
    outer loop
      vertex 18.9921614223919 31.469678671070753 32.2
      vertex 19.039364474075196 -31.569481138589275 32.2
      vertex 19.076557877698736 -31.67342973808873 32.2
    endloop
  endfacet
  facet normal 0 0 1
    outer loop
      vertex 18.9921614223919 31.469678671070753 32.2
      vertex 19.103383440453634 -31.780523387731854 32.2
      vertex 19.11958281750622 -31.889730717129243 32.2
    endloop
  endfacet
  facet normal 0 0 1
    outer loop
      vertex 18.9921614223919 31.469678671070753 32.2
      vertex 19.076557877698736 -31.67342973808873 32.2
      vertex 19.103383440453634 -31.780523387731854 32.2
    endloop
  endfacet
  facet normal 0 0 1
    outer loop
      vertex 20.161138705909252 -36.827761344611645 32.2
      vertex 20.530733726918697 -36.695518128573895 32.2
      vertex 20.161138705909252 36.827761344611645 32.2
    endloop
  endfacet
  facet normal 0 0 1
    outer loop
      vertex 20.530733726918697 -36.695518128573895 32.2
      vertex 20.885586947202682 -36.527685061097145 32.2
      vertex 20.530733726918697 36.695518128573895 32.2
    endloop
  endfacet
  facet normal 0 0 1
    outer loop
      vertex 20.885586947202682 -36.527685061097145 32.2
      vertex 21.22228093445301 -36.32587844878435 32.2
      vertex 20.885586947202682 36.527685061097145 32.2
    endloop
  endfacet
  facet normal 0 0 1
    outer loop
      vertex 21.22228093445301 -36.32587844878435 32.2
      vertex 21.537573136389256 -36.092041812837124 32.2
      vertex 21.22228093445301 36.32587844878435 32.2
    endloop
  endfacet
  facet normal 0 0 1
    outer loop
      vertex 21.537573136389256 -36.092041812837124 32.2
      vertex 21.828427121043205 -35.828427121043205 32.2
      vertex 21.537573136389256 36.092041812837124 32.2
    endloop
  endfacet
  facet normal 0 0 1
    outer loop
      vertex 21.828427121043205 -35.828427121043205 32.2
      vertex 22.092041812837124 -35.537573136389256 32.2
      vertex 21.828427121043205 35.828427121043205 32.2
    endloop
  endfacet
  facet normal 0 0 1
    outer loop
      vertex 22.092041812837124 -35.537573136389256 32.2
      vertex 22.32587844878435 -35.22228093445301 32.2
      vertex 22.092041812837124 35.537573136389256 32.2
    endloop
  endfacet
  facet normal 0 0 1
    outer loop
      vertex 22.32587844878435 -35.22228093445301 32.2
      vertex 22.527685061097145 -34.88558694720268 32.2
      vertex 22.32587844878435 35.22228093445301 32.2
    endloop
  endfacet
  facet normal 0 0 1
    outer loop
      vertex 22.527685061097145 -34.88558694720268 32.2
      vertex 22.695518128573895 -34.5307337269187 32.2
      vertex 22.527685061097145 34.88558694720268 32.2
    endloop
  endfacet
  facet normal 0 0 1
    outer loop
      vertex 22.695518128573895 -34.5307337269187 32.2
      vertex 22.827761344611645 -34.16113870590925 32.2
      vertex 22.695518128573895 34.5307337269187 32.2
    endloop
  endfacet
  facet normal 0 0 1
    outer loop
      vertex 22.827761344611645 -34.16113870590925 32.2
      vertex 22.92314112186432 -33.78036128729582 32.2
      vertex 22.827761344611645 34.16113870590925 32.2
    endloop
  endfacet
  facet normal 0 0 1
    outer loop
      vertex 22.92314112186432 -33.78036128729582 32.2
      vertex 22.980738908052444 -33.392068564891815 32.2
      vertex 22.92314112186432 33.78036128729582 32.2
    endloop
  endfacet
  facet normal 0 0 1
    outer loop
      vertex 22.980738908052444 -33.392068564891815 32.2
      vertex 23 -33 32.2
      vertex 22.980738908052444 33.392068564891815 32.2
    endloop
  endfacet
  facet normal 0 0 -1
    outer loop
      vertex -19 35 0
      vertex 19 37 0
      vertex 19 35 0
    endloop
  endfacet
  facet normal 0 1 0
    outer loop
      vertex -19 37 0
      vertex 19 37 32.2
      vertex 19 37 0
    endloop
  endfacet
  facet normal 0 0 -1
    outer loop
      vertex 21.22228093445301 -36.32587844878435 0
      vertex 21 33 0
      vertex 21.22228093445301 36.32587844878435 0
    endloop
  endfacet
  facet normal 0 0 -1
    outer loop
      vertex 21.537573136389256 -36.092041812837124 0
      vertex 21.22228093445301 36.32587844878435 0
      vertex 21.537573136389256 36.092041812837124 0
    endloop
  endfacet
  facet normal 0 0 -1
    outer loop
      vertex 22.827761344611645 -34.16113870590925 0
      vertex 22.695518128573895 34.5307337269187 0
      vertex 22.827761344611645 34.16113870590925 0
    endloop
  endfacet
  facet normal 0 0 -1
    outer loop
      vertex 23 -33 0
      vertex 22.980738908052444 33.392068564891815 0
      vertex 23 33 0
    endloop
  endfacet
  facet normal 0 0 -1
    outer loop
      vertex 22.980738908052444 -33.392068564891815 0
      vertex 22.92314112186432 33.78036128729582 0
      vertex 22.980738908052444 33.392068564891815 0
    endloop
  endfacet
  facet normal 0 0 -1
    outer loop
      vertex 22.92314112186432 -33.78036128729582 0
      vertex 22.827761344611645 34.16113870590925 0
      vertex 22.92314112186432 33.78036128729582 0
    endloop
  endfacet
  facet normal 0 0 -1
    outer loop
      vertex 21.828427121043205 -35.828427121043205 0
      vertex 21.537573136389256 36.092041812837124 0
      vertex 21.828427121043205 35.828427121043205 0
    endloop
  endfacet
  facet normal 0 0 -1
    outer loop
      vertex 22.092041812837124 -35.537573136389256 0
      vertex 21.828427121043205 35.828427121043205 0
      vertex 22.092041812837124 35.537573136389256 0
    endloop
  endfacet
  facet normal 0 0 -1
    outer loop
      vertex 22.32587844878435 -35.22228093445301 0
      vertex 22.092041812837124 35.537573136389256 0
      vertex 22.32587844878435 35.22228093445301 0
    endloop
  endfacet
  facet normal 0 0 -1
    outer loop
      vertex 22.527685061097145 -34.88558694720268 0
      vertex 22.32587844878435 35.22228093445301 0
      vertex 22.527685061097145 34.88558694720268 0
    endloop
  endfacet
  facet normal 0 0 -1
    outer loop
      vertex 22.695518128573895 -34.5307337269187 0
      vertex 22.527685061097145 34.88558694720268 0
      vertex 22.695518128573895 34.5307337269187 0
    endloop
  endfacet
  facet normal 0 0 -1
    outer loop
      vertex 19 35 0
      vertex 19.392068564891815 36.980738908052444 0
      vertex 19.196034282445908 34.99036945402622 0
    endloop
  endfacet
  facet normal 0 0 -1
    outer loop
      vertex 19.196034282445908 34.99036945402622 0
      vertex 19.392068564891815 36.980738908052444 0
      vertex 19.3901806473732 34.96157056093216 0
    endloop
  endfacet
  facet normal 0 0 -1
    outer loop
      vertex 19 35 0
      vertex 19 37 0
      vertex 19.392068564891815 36.980738908052444 0
    endloop
  endfacet
  facet normal 0 0 -1
    outer loop
      vertex 19.3901806473732 34.96157056093216 0
      vertex 19.78036128729582 36.92314112186432 0
      vertex 19.580569356679916 34.91388066858053 0
    endloop
  endfacet
  facet normal 0 0 -1
    outer loop
      vertex 19.580569356679916 34.91388066858053 0
      vertex 19.78036128729582 36.92314112186432 0
      vertex 19.76536686718464 34.84775906801224 0
    endloop
  endfacet
  facet normal 0 0 -1
    outer loop
      vertex 19.76536686718464 34.84775906801224 0
      vertex 20.161138705909252 36.827761344611645 0
      vertex 19.94279347360134 34.76384253054857 0
    endloop
  endfacet
  facet normal 0 0 -1
    outer loop
      vertex 20.111140467226505 34.662939228117466 0
      vertex 19.94279347360134 34.76384253054857 0
      vertex 20.161138705909252 36.827761344611645 0
    endloop
  endfacet
  facet normal 0 0 -1
    outer loop
      vertex 19.3901806473732 34.96157056093216 0
      vertex 19.392068564891815 36.980738908052444 0
      vertex 19.78036128729582 36.92314112186432 0
    endloop
  endfacet
  facet normal 0 0 -1
    outer loop
      vertex 19.76536686718464 34.84775906801224 0
      vertex 19.78036128729582 36.92314112186432 0
      vertex 20.161138705909252 36.827761344611645 0
    endloop
  endfacet
  facet normal 0 0 -1
    outer loop
      vertex 20.913880668580532 33.580569356679916 0
      vertex 20.847759068012238 33.76536686718464 0
      vertex 21.22228093445301 36.32587844878435 0
    endloop
  endfacet
  facet normal 0 0 -1
    outer loop
      vertex 21 33 0
      vertex 20.990369454026222 33.19603428244591 0
      vertex 21.22228093445301 36.32587844878435 0
    endloop
  endfacet
  facet normal 0 0 -1
    outer loop
      vertex 20.990369454026222 33.19603428244591 0
      vertex 20.96157056093216 33.3901806473732 0
      vertex 21.22228093445301 36.32587844878435 0
    endloop
  endfacet
  facet normal 0 0 -1
    outer loop
      vertex 20.96157056093216 33.3901806473732 0
      vertex 20.913880668580532 33.580569356679916 0
      vertex 21.22228093445301 36.32587844878435 0
    endloop
  endfacet
  facet normal 0 0 -1
    outer loop
      vertex 20.268786571919918 34.54602091014385 0
      vertex 20.530733726918697 36.695518128573895 0
      vertex 20.414213560521603 34.4142135605216 0
    endloop
  endfacet
  facet normal 0 0 -1
    outer loop
      vertex 20.111140467226505 34.662939228117466 0
      vertex 20.530733726918697 36.695518128573895 0
      vertex 20.268786571919918 34.54602091014385 0
    endloop
  endfacet
  facet normal 0 0 -1
    outer loop
      vertex 20.414213560521603 34.4142135605216 0
      vertex 20.885586947202682 36.527685061097145 0
      vertex 20.546020910143852 34.26878657191992 0
    endloop
  endfacet
  facet normal 0 0 -1
    outer loop
      vertex 20.546020910143852 34.26878657191992 0
      vertex 20.885586947202682 36.527685061097145 0
      vertex 20.662939228117466 34.111140467226505 0
    endloop
  endfacet
  facet normal 0 0 -1
    outer loop
      vertex 20.763842530548573 33.94279347360134 0
      vertex 20.885586947202682 36.527685061097145 0
      vertex 20.847759068012238 33.76536686718464 0
    endloop
  endfacet
  facet normal 0 0 -1
    outer loop
      vertex 20.763842530548573 33.94279347360134 0
      vertex 20.662939228117466 34.111140467226505 0
      vertex 20.885586947202682 36.527685061097145 0
    endloop
  endfacet
  facet normal 0 0 -1
    outer loop
      vertex 20.111140467226505 34.662939228117466 0
      vertex 20.161138705909252 36.827761344611645 0
      vertex 20.530733726918697 36.695518128573895 0
    endloop
  endfacet
  facet normal 0 0 -1
    outer loop
      vertex 20.414213560521603 34.4142135605216 0
      vertex 20.530733726918697 36.695518128573895 0
      vertex 20.885586947202682 36.527685061097145 0
    endloop
  endfacet
  facet normal 0 0 -1
    outer loop
      vertex 20.847759068012238 33.76536686718464 0
      vertex 20.885586947202682 36.527685061097145 0
      vertex 21.22228093445301 36.32587844878435 0
    endloop
  endfacet
  facet normal 0.049067670415704694 0.9987954563973425 0
    outer loop
      vertex 19 37 0
      vertex 19.392068564891815 36.980738908052444 32.2
      vertex 19.392068564891815 36.980738908052444 0
    endloop
  endfacet
  facet normal 0.14673047883339677 0.9891765093153608 0
    outer loop
      vertex 19.392068564891815 36.980738908052444 0
      vertex 19.78036128729582 36.92314112186432 32.2
      vertex 19.78036128729582 36.92314112186432 0
    endloop
  endfacet
  facet normal 0.2429801778770028 0.970031253702096 0
    outer loop
      vertex 19.78036128729582 36.92314112186432 0
      vertex 20.161138705909252 36.827761344611645 32.2
      vertex 20.161138705909252 36.827761344611645 0
    endloop
  endfacet
  facet normal 0.3368898600571533 0.9415440627982695 0
    outer loop
      vertex 20.161138705909252 36.827761344611645 0
      vertex 20.530733726918697 36.695518128573895 32.2
      vertex 20.530733726918697 36.695518128573895 0
    endloop
  endfacet
  facet normal 0.42755508025413363 0.9039892993552973 0
    outer loop
      vertex 20.530733726918697 36.695518128573895 0
      vertex 20.885586947202682 36.527685061097145 32.2
      vertex 20.885586947202682 36.527685061097145 0
    endloop
  endfacet
  facet normal 0.5141027491514958 0.8577286070283969 0
    outer loop
      vertex 20.885586947202682 36.527685061097145 0
      vertex 21.22228093445301 36.32587844878435 32.2
      vertex 21.22228093445301 36.32587844878435 0
    endloop
  endfacet
  facet normal 0.5956993080192206 0.8032075288650011 0
    outer loop
      vertex 21.22228093445301 36.32587844878435 0
      vertex 21.537573136389256 36.092041812837124 32.2
      vertex 21.537573136389256 36.092041812837124 0
    endloop
  endfacet
  facet normal 0.9987954563973425 0.049067670415704694 0
    outer loop
      vertex 23 33 0
      vertex 22.980738908052444 33.392068564891815 0
      vertex 23 33 32.2
    endloop
  endfacet
  facet normal 0.9891765093153608 0.14673047883339677 0
    outer loop
      vertex 22.980738908052444 33.392068564891815 0
      vertex 22.92314112186432 33.78036128729582 0
      vertex 22.980738908052444 33.392068564891815 32.2
    endloop
  endfacet
  facet normal 0.9039892993552973 0.42755508025413363 0
    outer loop
      vertex 22.695518128573895 34.5307337269187 0
      vertex 22.527685061097145 34.88558694720268 0
      vertex 22.695518128573895 34.5307337269187 32.2
    endloop
  endfacet
  facet normal 0.970031253702096 0.2429801778770028 0
    outer loop
      vertex 22.92314112186432 33.78036128729582 0
      vertex 22.827761344611645 34.16113870590925 0
      vertex 22.92314112186432 33.78036128729582 32.2
    endloop
  endfacet
  facet normal 0.9415440627982695 0.3368898600571533 0
    outer loop
      vertex 22.695518128573895 34.5307337269187 0
      vertex 22.827761344611645 34.16113870590925 32.2
      vertex 22.827761344611645 34.16113870590925 0
    endloop
  endfacet
  facet normal 0.7409511174895534 0.6715589635251563 0
    outer loop
      vertex 21.828427121043205 35.828427121043205 0
      vertex 22.092041812837124 35.537573136389256 32.2
      vertex 22.092041812837124 35.537573136389256 0
    endloop
  endfacet
  facet normal 0.8032075288650011 0.5956993080192206 0
    outer loop
      vertex 22.092041812837124 35.537573136389256 0
      vertex 22.32587844878435 35.22228093445301 32.2
      vertex 22.32587844878435 35.22228093445301 0
    endloop
  endfacet
  facet normal 0.6715589635251563 0.7409511174895534 0
    outer loop
      vertex 21.537573136389256 36.092041812837124 0
      vertex 21.828427121043205 35.828427121043205 32.2
      vertex 21.828427121043205 35.828427121043205 0
    endloop
  endfacet
  facet normal 0.8577286070283969 0.5141027491514958 0
    outer loop
      vertex 22.32587844878435 35.22228093445301 0
      vertex 22.527685061097145 34.88558694720268 32.2
      vertex 22.527685061097145 34.88558694720268 0
    endloop
  endfacet
  facet normal 0 0 1
    outer loop
      vertex 3.9393398282201786 0.060660171779821415 32.2
      vertex 4.048410073754532 0.15951568004410555 32.2
      vertex -7.9 18.9 32.2
    endloop
  endfacet
  facet normal 0 0 1
    outer loop
      vertex 4.048410073754532 0.15951568004410555 32.2
      vertex 4.166644650470596 0.2472044184538178 32.2
      vertex -7.9 18.9 32.2
    endloop
  endfacet
  facet normal 0 0 1
    outer loop
      vertex 4.166644650470596 0.2472044184538178 32.2
      vertex 4.292904894761003 0.32288189652253263 32.2
      vertex -7.9 18.9 32.2
    endloop
  endfacet
  facet normal 0 0 1
    outer loop
      vertex 4.292904894761003 0.32288189652253263 32.2
      vertex 4.425974851452366 0.38581929876693 32.2
      vertex -7.9 18.9 32.2
    endloop
  endfacet
  facet normal 0 0 1
    outer loop
      vertex 4.425974851452366 0.38581929876693 32.2
      vertex 4.564572984118307 0.43541050359831335 32.2
      vertex -7.9 18.9 32.2
    endloop
  endfacet
  facet normal 0 0 1
    outer loop
      vertex 4.564572984118307 0.43541050359831335 32.2
      vertex 4.707364516975808 0.47117792060484565 32.2
      vertex -7.9 18.9 32.2
    endloop
  endfacet
  facet normal 0 0 1
    outer loop
      vertex 4.707364516975808 0.47117792060484565 32.2
      vertex 4.852974289505659 0.4927770900082953 32.2
      vertex -7.9 18.9 32.2
    endloop
  endfacet
  facet normal 0 0 1
    outer loop
      vertex 4.852974289505659 0.4927770900082953 32.2
      vertex 5 0.5 32.2
      vertex -7.9 18.9 32.2
    endloop
  endfacet
  facet normal 0 0 1
    outer loop
      vertex 5 0.5 32.2
      vertex 5.147025710494341 0.4927770900082953 32.2
      vertex -7.9 18.9 32.2
    endloop
  endfacet
  facet normal 0 0 1
    outer loop
      vertex 5.147025710494341 0.4927770900082953 32.2
      vertex 7.9 18.9 32.2
      vertex -7.9 18.9 32.2
    endloop
  endfacet
  facet normal 0 0 1
    outer loop
      vertex 5.147025710494341 0.4927770900082953 32.2
      vertex 5.292635483024192 0.47117792060484565 32.2
      vertex 7.9 18.9 32.2
    endloop
  endfacet
  facet normal 0 0 1
    outer loop
      vertex 5.292635483024192 0.47117792060484565 32.2
      vertex 5.435427015881693 0.43541050359831335 32.2
      vertex 7.9 18.9 32.2
    endloop
  endfacet
  facet normal 0 0 1
    outer loop
      vertex 5.435427015881693 0.43541050359831335 32.2
      vertex 5.574025148547634 0.38581929876693 32.2
      vertex 8.007818854362517 18.905296800660583 32.2
    endloop
  endfacet
  facet normal 0 0 1
    outer loop
      vertex 5.574025148547634 0.38581929876693 32.2
      vertex 5.707095105238997 0.32288189652253263 32.2
      vertex 8.114599354217741 18.921136191556446 32.2
    endloop
  endfacet
  facet normal 0 0 1
    outer loop
      vertex 5.707095105238997 0.32288189652253263 32.2
      vertex 5.833355349529404 0.2472044184538178 32.2
      vertex 8.219313144979909 18.94736563069457 32.2
    endloop
  endfacet
  facet normal 0 0 1
    outer loop
      vertex 5.833355349529404 0.2472044184538178 32.2
      vertex 5.951589926245468 0.15951568004410555 32.2
      vertex 8.3209517756016 18.983732514237584 32.2
    endloop
  endfacet
  facet normal 0 0 1
    outer loop
      vertex 5.951589926245468 0.15951568004410555 32.2
      vertex 6.060660171779821 0.060660171779821415 32.2
      vertex 8.418536410508597 19.02988660921681 32.2
    endloop
  endfacet
  facet normal 0 0 1
    outer loop
      vertex 6.247204418453817 -0.16664465047059673 32.2
      vertex 8.677817459305203 19.2221825406948 32.2
      vertex 6.159515680044105 -0.04841007375453177 32.2
    endloop
  endfacet
  facet normal 0 0 1
    outer loop
      vertex 6.322881896522532 -0.29290489476100356 32.2
      vertex 8.750311498699011 19.30216738741999 32.2
      vertex 6.247204418453817 -0.16664465047059673 32.2
    endloop
  endfacet
  facet normal 0 0 1
    outer loop
      vertex 8.59783261258001 19.14968850130099 32.2
      vertex 6.060660171779821 0.060660171779821415 32.2
      vertex 6.159515680044105 -0.04841007375453177 32.2
    endloop
  endfacet
  facet normal 0 0 1
    outer loop
      vertex 6.5 -1 32.2
      vertex 8.978863808443554 19.78540064578226 32.2
      vertex 6.492777090008295 -0.8529742895056591 32.2
    endloop
  endfacet
  facet normal 0 0 1
    outer loop
      vertex 6.435410503598313 -0.5645729841183065 32.2
      vertex 8.916267485762416 19.579048224398402 32.2
      vertex 6.38581929876693 -0.42597485145236536 32.2
    endloop
  endfacet
  facet normal 0 0 1
    outer loop
      vertex 6.38581929876693 -0.42597485145236536 32.2
      vertex 8.87011339078319 19.4814635894914 32.2
      vertex 6.322881896522532 -0.29290489476100356 32.2
    endloop
  endfacet
  facet normal 0 0 1
    outer loop
      vertex 6.492777090008295 -0.8529742895056591 32.2
      vertex 8.978863808443554 19.78540064578226 32.2
      vertex 6.471177920604846 -0.7073645169758076 32.2
    endloop
  endfacet
  facet normal 0 0 1
    outer loop
      vertex 6.471177920604846 -0.7073645169758076 32.2
      vertex 8.95263436930543 19.68068685502009 32.2
      vertex 6.435410503598313 -0.5645729841183065 32.2
    endloop
  endfacet
  facet normal 0 0 1
    outer loop
      vertex 5.435427015881693 0.43541050359831335 32.2
      vertex 8.007818854362517 18.905296800660583 32.2
      vertex 7.9 18.9 32.2
    endloop
  endfacet
  facet normal 0 0 1
    outer loop
      vertex 5.574025148547634 0.38581929876693 32.2
      vertex 8.114599354217741 18.921136191556446 32.2
      vertex 8.007818854362517 18.905296800660583 32.2
    endloop
  endfacet
  facet normal 0 0 1
    outer loop
      vertex 5.707095105238997 0.32288189652253263 32.2
      vertex 8.219313144979909 18.94736563069457 32.2
      vertex 8.114599354217741 18.921136191556446 32.2
    endloop
  endfacet
  facet normal 0 0 1
    outer loop
      vertex 8.219313144979909 18.94736563069457 32.2
      vertex 5.833355349529404 0.2472044184538178 32.2
      vertex 8.3209517756016 18.983732514237584 32.2
    endloop
  endfacet
  facet normal 0 0 1
    outer loop
      vertex 8.3209517756016 18.983732514237584 32.2
      vertex 5.951589926245468 0.15951568004410555 32.2
      vertex 8.418536410508597 19.02988660921681 32.2
    endloop
  endfacet
  facet normal 0 0 1
    outer loop
      vertex 8.418536410508597 19.02988660921681 32.2
      vertex 6.060660171779821 0.060660171779821415 32.2
      vertex 8.511127256321563 19.0853834264672 32.2
    endloop
  endfacet
  facet normal 0 0 1
    outer loop
      vertex 8.511127256321563 19.0853834264672 32.2
      vertex 6.060660171779821 0.060660171779821415 32.2
      vertex 8.59783261258001 19.14968850130099 32.2
    endloop
  endfacet
  facet normal 0 0 1
    outer loop
      vertex 6.159515680044105 -0.04841007375453177 32.2
      vertex 8.677817459305203 19.2221825406948 32.2
      vertex 8.59783261258001 19.14968850130099 32.2
    endloop
  endfacet
  facet normal 0 0 1
    outer loop
      vertex 6.247204418453817 -0.16664465047059673 32.2
      vertex 8.750311498699011 19.30216738741999 32.2
      vertex 8.677817459305203 19.2221825406948 32.2
    endloop
  endfacet
  facet normal 0 0 1
    outer loop
      vertex 6.322881896522532 -0.29290489476100356 32.2
      vertex 8.8146165735328 19.388872743678437 32.2
      vertex 8.750311498699011 19.30216738741999 32.2
    endloop
  endfacet
  facet normal 0 0 1
    outer loop
      vertex 6.322881896522532 -0.29290489476100356 32.2
      vertex 8.87011339078319 19.4814635894914 32.2
      vertex 8.8146165735328 19.388872743678437 32.2
    endloop
  endfacet
  facet normal 0 0 1
    outer loop
      vertex 6.38581929876693 -0.42597485145236536 32.2
      vertex 8.916267485762416 19.579048224398402 32.2
      vertex 8.87011339078319 19.4814635894914 32.2
    endloop
  endfacet
  facet normal 0 0 1
    outer loop
      vertex 6.435410503598313 -0.5645729841183065 32.2
      vertex 8.95263436930543 19.68068685502009 32.2
      vertex 8.916267485762416 19.579048224398402 32.2
    endloop
  endfacet
  facet normal 0 0 1
    outer loop
      vertex 6.471177920604846 -0.7073645169758076 32.2
      vertex 8.978863808443554 19.78540064578226 32.2
      vertex 8.95263436930543 19.68068685502009 32.2
    endloop
  endfacet
  facet normal 0 0 1
    outer loop
      vertex 7.9 21.1 32.2
      vertex 7.9 23.9 32.2
      vertex -7.9 23.9 32.2
    endloop
  endfacet
  facet normal 0 0 1
    outer loop
      vertex 7.9 26.1 32.2
      vertex 7.9 28.9 32.2
      vertex -7.9 28.9 32.2
    endloop
  endfacet
  facet normal 0 0 1
    outer loop
      vertex -19 37 32.2
      vertex 8.114599354217741 31.078863808443554 32.2
      vertex 17.204504871165135 32.795495128834865 32.2
    endloop
  endfacet
  facet normal 0 0 1
    outer loop
      vertex -19 37 32.2
      vertex 17.204504871165135 32.795495128834865 32.2
      vertex 17.286307555315897 32.86963676003308 32.2
    endloop
  endfacet
  facet normal 0 0 1
    outer loop
      vertex -19 37 32.2
      vertex 17.286307555315897 32.86963676003308 32.2
      vertex 17.374983487852948 32.93540331384036 32.2
    endloop
  endfacet
  facet normal 0 0 1
    outer loop
      vertex 8.59783261258001 20.85031149869901 32.2
      vertex 8.511127256321563 24.0853834264672 32.2
      vertex 8.511127256321563 20.9146165735328 32.2
    endloop
  endfacet
  facet normal 0 0 1
    outer loop
      vertex 8.677817459305203 20.7778174593052 32.2
      vertex 8.59783261258001 24.14968850130099 32.2
      vertex 8.59783261258001 20.85031149869901 32.2
    endloop
  endfacet
  facet normal 0 0 1
    outer loop
      vertex 8.007818854362517 21.094703199339417 32.2
      vertex 7.9 23.9 32.2
      vertex 7.9 21.1 32.2
    endloop
  endfacet
  facet normal 0 0 1
    outer loop
      vertex 8.114599354217741 21.078863808443554 32.2
      vertex 8.007818854362517 23.905296800660583 32.2
      vertex 8.007818854362517 21.094703199339417 32.2
    endloop
  endfacet
  facet normal 0 0 1
    outer loop
      vertex 8.219313144979909 21.05263436930543 32.2
      vertex 8.114599354217741 23.921136191556446 32.2
      vertex 8.114599354217741 21.078863808443554 32.2
    endloop
  endfacet
  facet normal 0 0 1
    outer loop
      vertex 8.3209517756016 21.016267485762416 32.2
      vertex 8.219313144979909 23.94736563069457 32.2
      vertex 8.219313144979909 21.05263436930543 32.2
    endloop
  endfacet
  facet normal 0 0 1
    outer loop
      vertex 8.007818854362517 21.094703199339417 32.2
      vertex 8.007818854362517 23.905296800660583 32.2
      vertex 7.9 23.9 32.2
    endloop
  endfacet
  facet normal 0 0 1
    outer loop
      vertex 8.114599354217741 21.078863808443554 32.2
      vertex 8.114599354217741 23.921136191556446 32.2
      vertex 8.007818854362517 23.905296800660583 32.2
    endloop
  endfacet
  facet normal 0 0 1
    outer loop
      vertex 8.219313144979909 21.05263436930543 32.2
      vertex 8.219313144979909 23.94736563069457 32.2
      vertex 8.114599354217741 23.921136191556446 32.2
    endloop
  endfacet
  facet normal 0 0 1
    outer loop
      vertex 8.3209517756016 23.983732514237584 32.2
      vertex 8.3209517756016 21.016267485762416 32.2
      vertex 8.418536410508597 20.97011339078319 32.2
    endloop
  endfacet
  facet normal 0 0 1
    outer loop
      vertex 8.511127256321563 20.9146165735328 32.2
      vertex 8.418536410508597 24.02988660921681 32.2
      vertex 8.418536410508597 20.97011339078319 32.2
    endloop
  endfacet
  facet normal 0 0 1
    outer loop
      vertex 8.3209517756016 21.016267485762416 32.2
      vertex 8.3209517756016 23.983732514237584 32.2
      vertex 8.219313144979909 23.94736563069457 32.2
    endloop
  endfacet
  facet normal 0 0 1
    outer loop
      vertex 8.3209517756016 23.983732514237584 32.2
      vertex 8.418536410508597 20.97011339078319 32.2
      vertex 8.418536410508597 24.02988660921681 32.2
    endloop
  endfacet
  facet normal 0 0 1
    outer loop
      vertex 8.511127256321563 20.9146165735328 32.2
      vertex 8.511127256321563 24.0853834264672 32.2
      vertex 8.418536410508597 24.02988660921681 32.2
    endloop
  endfacet
  facet normal 0 0 1
    outer loop
      vertex 8.59783261258001 20.85031149869901 32.2
      vertex 8.59783261258001 24.14968850130099 32.2
      vertex 8.511127256321563 24.0853834264672 32.2
    endloop
  endfacet
  facet normal 0 0 1
    outer loop
      vertex 8.007818854362517 26.094703199339417 32.2
      vertex 7.9 28.9 32.2
      vertex 7.9 26.1 32.2
    endloop
  endfacet
  facet normal 0 0 1
    outer loop
      vertex 8.114599354217741 26.078863808443554 32.2
      vertex 8.007818854362517 28.905296800660583 32.2
      vertex 8.007818854362517 26.094703199339417 32.2
    endloop
  endfacet
  facet normal 0 0 1
    outer loop
      vertex 8.219313144979909 26.05263436930543 32.2
      vertex 8.114599354217741 28.921136191556446 32.2
      vertex 8.114599354217741 26.078863808443554 32.2
    endloop
  endfacet
  facet normal 0 0 1
    outer loop
      vertex 8.3209517756016 26.016267485762416 32.2
      vertex 8.219313144979909 28.94736563069457 32.2
      vertex 8.219313144979909 26.05263436930543 32.2
    endloop
  endfacet
  facet normal 0 0 1
    outer loop
      vertex 8.418536410508597 25.97011339078319 32.2
      vertex 8.3209517756016 28.983732514237584 32.2
      vertex 8.3209517756016 26.016267485762416 32.2
    endloop
  endfacet
  facet normal 0 0 1
    outer loop
      vertex 8.511127256321563 25.9146165735328 32.2
      vertex 8.418536410508597 29.02988660921681 32.2
      vertex 8.418536410508597 25.97011339078319 32.2
    endloop
  endfacet
  facet normal 0 0 1
    outer loop
      vertex 8.59783261258001 25.85031149869901 32.2
      vertex 8.511127256321563 29.0853834264672 32.2
      vertex 8.511127256321563 25.9146165735328 32.2
    endloop
  endfacet
  facet normal 0 0 1
    outer loop
      vertex 8.750311498699011 20.69783261258001 32.2
      vertex 8.677817459305203 24.2221825406948 32.2
      vertex 8.677817459305203 20.7778174593052 32.2
    endloop
  endfacet
  facet normal 0 0 1
    outer loop
      vertex 8.8146165735328 20.611127256321563 32.2
      vertex 8.750311498699011 24.30216738741999 32.2
      vertex 8.750311498699011 20.69783261258001 32.2
    endloop
  endfacet
  facet normal 0 0 1
    outer loop
      vertex 8.916267485762416 20.420951775601598 32.2
      vertex 8.87011339078319 24.4814635894914 32.2
      vertex 8.87011339078319 20.5185364105086 32.2
    endloop
  endfacet
  facet normal 0 0 1
    outer loop
      vertex 8.87011339078319 20.5185364105086 32.2
      vertex 8.8146165735328 24.388872743678437 32.2
      vertex 8.8146165735328 20.611127256321563 32.2
    endloop
  endfacet
  facet normal 0 0 1
    outer loop
      vertex 8.95263436930543 20.31931314497991 32.2
      vertex 8.916267485762416 24.579048224398402 32.2
      vertex 8.916267485762416 20.420951775601598 32.2
    endloop
  endfacet
  facet normal 0 0 1
    outer loop
      vertex 8.994703199339417 20.107818854362517 32.2
      vertex 8.978863808443554 24.78540064578226 32.2
      vertex 8.978863808443554 20.21459935421774 32.2
    endloop
  endfacet
  facet normal 0 0 1
    outer loop
      vertex 8.978863808443554 20.21459935421774 32.2
      vertex 8.95263436930543 24.68068685502009 32.2
      vertex 8.95263436930543 20.31931314497991 32.2
    endloop
  endfacet
  facet normal 0 0 1
    outer loop
      vertex 9 20 32.2
      vertex 8.994703199339417 24.892181145637483 32.2
      vertex 8.994703199339417 20.107818854362517 32.2
    endloop
  endfacet
  facet normal 0 0 1
    outer loop
      vertex 8.677817459305203 20.7778174593052 32.2
      vertex 8.677817459305203 24.2221825406948 32.2
      vertex 8.59783261258001 24.14968850130099 32.2
    endloop
  endfacet
  facet normal 0 0 1
    outer loop
      vertex 8.750311498699011 20.69783261258001 32.2
      vertex 8.750311498699011 24.30216738741999 32.2
      vertex 8.677817459305203 24.2221825406948 32.2
    endloop
  endfacet
  facet normal 0 0 1
    outer loop
      vertex 8.8146165735328 20.611127256321563 32.2
      vertex 8.8146165735328 24.388872743678437 32.2
      vertex 8.750311498699011 24.30216738741999 32.2
    endloop
  endfacet
  facet normal 0 0 1
    outer loop
      vertex 8.87011339078319 20.5185364105086 32.2
      vertex 8.87011339078319 24.4814635894914 32.2
      vertex 8.8146165735328 24.388872743678437 32.2
    endloop
  endfacet
  facet normal 0 0 1
    outer loop
      vertex 8.916267485762416 20.420951775601598 32.2
      vertex 8.916267485762416 24.579048224398402 32.2
      vertex 8.87011339078319 24.4814635894914 32.2
    endloop
  endfacet
  facet normal 0 0 1
    outer loop
      vertex 8.95263436930543 20.31931314497991 32.2
      vertex 8.95263436930543 24.68068685502009 32.2
      vertex 8.916267485762416 24.579048224398402 32.2
    endloop
  endfacet
  facet normal 0 0 1
    outer loop
      vertex 8.978863808443554 20.21459935421774 32.2
      vertex 8.978863808443554 24.78540064578226 32.2
      vertex 8.95263436930543 24.68068685502009 32.2
    endloop
  endfacet
  facet normal 0 0 1
    outer loop
      vertex 8.994703199339417 20.107818854362517 32.2
      vertex 8.994703199339417 24.892181145637483 32.2
      vertex 8.978863808443554 24.78540064578226 32.2
    endloop
  endfacet
  facet normal 0 0 1
    outer loop
      vertex 9 20 32.2
      vertex 9 25 32.2
      vertex 8.994703199339417 24.892181145637483 32.2
    endloop
  endfacet
  facet normal 0 0 1
    outer loop
      vertex 8.007818854362517 26.094703199339417 32.2
      vertex 8.007818854362517 28.905296800660583 32.2
      vertex 7.9 28.9 32.2
    endloop
  endfacet
  facet normal 0 0 1
    outer loop
      vertex 8.114599354217741 26.078863808443554 32.2
      vertex 8.114599354217741 28.921136191556446 32.2
      vertex 8.007818854362517 28.905296800660583 32.2
    endloop
  endfacet
  facet normal 0 0 1
    outer loop
      vertex 8.219313144979909 26.05263436930543 32.2
      vertex 8.219313144979909 28.94736563069457 32.2
      vertex 8.114599354217741 28.921136191556446 32.2
    endloop
  endfacet
  facet normal 0 0 1
    outer loop
      vertex 8.3209517756016 26.016267485762416 32.2
      vertex 8.3209517756016 28.983732514237584 32.2
      vertex 8.219313144979909 28.94736563069457 32.2
    endloop
  endfacet
  facet normal 0 0 1
    outer loop
      vertex 8.418536410508597 25.97011339078319 32.2
      vertex 8.418536410508597 29.02988660921681 32.2
      vertex 8.3209517756016 28.983732514237584 32.2
    endloop
  endfacet
  facet normal 0 0 1
    outer loop
      vertex 8.511127256321563 25.9146165735328 32.2
      vertex 8.511127256321563 29.0853834264672 32.2
      vertex 8.418536410508597 29.02988660921681 32.2
    endloop
  endfacet
  facet normal 0 0 1
    outer loop
      vertex 8.59783261258001 25.85031149869901 32.2
      vertex 8.59783261258001 29.14968850130099 32.2
      vertex 8.511127256321563 29.0853834264672 32.2
    endloop
  endfacet
  facet normal 0 0 1
    outer loop
      vertex 8.59783261258001 29.14968850130099 32.2
      vertex 8.59783261258001 25.85031149869901 32.2
      vertex 8.677817459305203 29.2221825406948 32.2
    endloop
  endfacet
  facet normal 0 0 1
    outer loop
      vertex -19 37 32.2
      vertex 17.374983487852948 32.93540331384036 32.2
      vertex 19 37 32.2
    endloop
  endfacet
  facet normal 0 0 1
    outer loop
      vertex 8.677817459305203 29.2221825406948 32.2
      vertex 8.59783261258001 25.85031149869901 32.2
      vertex 8.750311498699011 29.30216738741999 32.2
    endloop
  endfacet
  facet normal 0 0 1
    outer loop
      vertex 8.750311498699011 29.30216738741999 32.2
      vertex 8.59783261258001 25.85031149869901 32.2
      vertex 8.8146165735328 29.388872743678437 32.2
    endloop
  endfacet
  facet normal 0 0 1
    outer loop
      vertex 8.8146165735328 29.388872743678437 32.2
      vertex 8.59783261258001 25.85031149869901 32.2
      vertex 8.87011339078319 29.4814635894914 32.2
    endloop
  endfacet
  facet normal 0 0 1
    outer loop
      vertex 8.8146165735328 30.611127256321563 32.2
      vertex 16.923442122301264 32.32657026191127 32.2
      vertex 8.750311498699011 30.69783261258001 32.2
    endloop
  endfacet
  facet normal 0 0 1
    outer loop
      vertex 8.219313144979909 31.05263436930543 32.2
      vertex 17.204504871165135 32.795495128834865 32.2
      vertex 8.114599354217741 31.078863808443554 32.2
    endloop
  endfacet
  facet normal 0 0 1
    outer loop
      vertex 8.3209517756016 31.016267485762416 32.2
      vertex 17.204504871165135 32.795495128834865 32.2
      vertex 8.219313144979909 31.05263436930543 32.2
    endloop
  endfacet
  facet normal 0 0 1
    outer loop
      vertex 8.418536410508597 30.97011339078319 32.2
      vertex 17.130363239966922 32.7136924446841 32.2
      vertex 8.3209517756016 31.016267485762416 32.2
    endloop
  endfacet
  facet normal 0 0 1
    outer loop
      vertex 8.59783261258001 30.85031149869901 32.2
      vertex 17.064596686159636 32.625016512147056 32.2
      vertex 8.511127256321563 30.9146165735328 32.2
    endloop
  endfacet
  facet normal 0 0 1
    outer loop
      vertex 8.750311498699011 30.69783261258001 32.2
      vertex 16.960635525924804 32.430518861410725 32.2
      vertex 8.677817459305203 30.7778174593052 32.2
    endloop
  endfacet
  facet normal 0 0 1
    outer loop
      vertex 8.677817459305203 30.7778174593052 32.2
      vertex 17.0078385776081 32.53032132892925 32.2
      vertex 8.59783261258001 30.85031149869901 32.2
    endloop
  endfacet
  facet normal 0 0 1
    outer loop
      vertex 8.511127256321563 30.9146165735328 32.2
      vertex 17.130363239966922 32.7136924446841 32.2
      vertex 8.418536410508597 30.97011339078319 32.2
    endloop
  endfacet
  facet normal 1 0 0
    outer loop
      vertex 23 -33 32.2
      vertex 23 33 0
      vertex 23 33 32.2
    endloop
  endfacet
  facet normal 0 0 1
    outer loop
      vertex 19.039364474075196 -31.569481138589275 32.2
      vertex 18.869636760033078 31.286307555315897 32.2
      vertex 8.978863808443554 19.78540064578226 32.2
    endloop
  endfacet
  facet normal 0 0 1
    outer loop
      vertex 19.392068564891815 -36.980738908052444 32.2
      vertex 19.039364474075196 31.569481138589275 32.2
      vertex 18.9921614223919 31.469678671070753 32.2
    endloop
  endfacet
  facet normal 0 0 1
    outer loop
      vertex 19.392068564891815 -36.980738908052444 32.2
      vertex 19.076557877698736 31.67342973808873 32.2
      vertex 19.039364474075196 31.569481138589275 32.2
    endloop
  endfacet
  facet normal 0 0 1
    outer loop
      vertex 19.392068564891815 -36.980738908052444 32.2
      vertex 19.103383440453634 31.780523387731854 32.2
      vertex 19.076557877698736 31.67342973808873 32.2
    endloop
  endfacet
  facet normal 0 0 1
    outer loop
      vertex 19.392068564891815 -36.980738908052444 32.2
      vertex 19.11958281750622 31.889730717129243 32.2
      vertex 19.103383440453634 31.780523387731854 32.2
    endloop
  endfacet
  facet normal 0 0 1
    outer loop
      vertex 19.039364474075196 -31.569481138589275 32.2
      vertex 18.935403313840364 31.374983487852948 32.2
      vertex 18.869636760033078 31.286307555315897 32.2
    endloop
  endfacet
  facet normal 0 0 1
    outer loop
      vertex 19.039364474075196 -31.569481138589275 32.2
      vertex 18.9921614223919 31.469678671070753 32.2
      vertex 18.935403313840364 31.374983487852948 32.2
    endloop
  endfacet
  facet normal 0 0 1
    outer loop
      vertex 19.392068564891815 -36.980738908052444 32.2
      vertex 19.392068564891815 36.980738908052444 32.2
      vertex 19.11958281750622 31.889730717129243 32.2
    endloop
  endfacet
  facet normal 0 0 1
    outer loop
      vertex 19.78036128729582 -36.92314112186432 32.2
      vertex 19.78036128729582 36.92314112186432 32.2
      vertex 19.392068564891815 36.980738908052444 32.2
    endloop
  endfacet
  facet normal 0 0 1
    outer loop
      vertex 20.161138705909252 -36.827761344611645 32.2
      vertex 20.161138705909252 36.827761344611645 32.2
      vertex 19.78036128729582 36.92314112186432 32.2
    endloop
  endfacet
  facet normal 0 0 1
    outer loop
      vertex 20.530733726918697 -36.695518128573895 32.2
      vertex 20.530733726918697 36.695518128573895 32.2
      vertex 20.161138705909252 36.827761344611645 32.2
    endloop
  endfacet
  facet normal 0 0 1
    outer loop
      vertex 20.885586947202682 -36.527685061097145 32.2
      vertex 20.885586947202682 36.527685061097145 32.2
      vertex 20.530733726918697 36.695518128573895 32.2
    endloop
  endfacet
  facet normal 0 0 1
    outer loop
      vertex 21.22228093445301 -36.32587844878435 32.2
      vertex 21.22228093445301 36.32587844878435 32.2
      vertex 20.885586947202682 36.527685061097145 32.2
    endloop
  endfacet
  facet normal 0 0 1
    outer loop
      vertex 21.537573136389256 -36.092041812837124 32.2
      vertex 21.537573136389256 36.092041812837124 32.2
      vertex 21.22228093445301 36.32587844878435 32.2
    endloop
  endfacet
  facet normal 0 0 1
    outer loop
      vertex 22.827761344611645 -34.16113870590925 32.2
      vertex 22.827761344611645 34.16113870590925 32.2
      vertex 22.695518128573895 34.5307337269187 32.2
    endloop
  endfacet
  facet normal 0 0 1
    outer loop
      vertex 23 -33 32.2
      vertex 23 33 32.2
      vertex 22.980738908052444 33.392068564891815 32.2
    endloop
  endfacet
  facet normal 0 0 1
    outer loop
      vertex 22.980738908052444 -33.392068564891815 32.2
      vertex 22.980738908052444 33.392068564891815 32.2
      vertex 22.92314112186432 33.78036128729582 32.2
    endloop
  endfacet
  facet normal 0 0 1
    outer loop
      vertex 22.92314112186432 -33.78036128729582 32.2
      vertex 22.92314112186432 33.78036128729582 32.2
      vertex 22.827761344611645 34.16113870590925 32.2
    endloop
  endfacet
  facet normal 0 0 1
    outer loop
      vertex 21.828427121043205 -35.828427121043205 32.2
      vertex 21.828427121043205 35.828427121043205 32.2
      vertex 21.537573136389256 36.092041812837124 32.2
    endloop
  endfacet
  facet normal 0 0 1
    outer loop
      vertex 22.092041812837124 -35.537573136389256 32.2
      vertex 22.092041812837124 35.537573136389256 32.2
      vertex 21.828427121043205 35.828427121043205 32.2
    endloop
  endfacet
  facet normal 0 0 1
    outer loop
      vertex 22.32587844878435 -35.22228093445301 32.2
      vertex 22.32587844878435 35.22228093445301 32.2
      vertex 22.092041812837124 35.537573136389256 32.2
    endloop
  endfacet
  facet normal 0 0 1
    outer loop
      vertex 22.527685061097145 -34.88558694720268 32.2
      vertex 22.527685061097145 34.88558694720268 32.2
      vertex 22.32587844878435 35.22228093445301 32.2
    endloop
  endfacet
  facet normal 0 0 1
    outer loop
      vertex 22.695518128573895 -34.5307337269187 32.2
      vertex 22.695518128573895 34.5307337269187 32.2
      vertex 22.527685061097145 34.88558694720268 32.2
    endloop
  endfacet
  facet normal 0.049067670415704694 0.9987954563973425 0
    outer loop
      vertex 19 37 0
      vertex 19 37 32.2
      vertex 19.392068564891815 36.980738908052444 32.2
    endloop
  endfacet
  facet normal 0.14673047883339677 0.9891765093153608 0
    outer loop
      vertex 19.392068564891815 36.980738908052444 0
      vertex 19.392068564891815 36.980738908052444 32.2
      vertex 19.78036128729582 36.92314112186432 32.2
    endloop
  endfacet
  facet normal 0.2429801778770028 0.970031253702096 0
    outer loop
      vertex 19.78036128729582 36.92314112186432 0
      vertex 19.78036128729582 36.92314112186432 32.2
      vertex 20.161138705909252 36.827761344611645 32.2
    endloop
  endfacet
  facet normal 0.3368898600571533 0.9415440627982695 0
    outer loop
      vertex 20.161138705909252 36.827761344611645 0
      vertex 20.161138705909252 36.827761344611645 32.2
      vertex 20.530733726918697 36.695518128573895 32.2
    endloop
  endfacet
  facet normal 0.42755508025413363 0.9039892993552973 0
    outer loop
      vertex 20.530733726918697 36.695518128573895 0
      vertex 20.530733726918697 36.695518128573895 32.2
      vertex 20.885586947202682 36.527685061097145 32.2
    endloop
  endfacet
  facet normal 0.5141027491514958 0.8577286070283969 0
    outer loop
      vertex 20.885586947202682 36.527685061097145 0
      vertex 20.885586947202682 36.527685061097145 32.2
      vertex 21.22228093445301 36.32587844878435 32.2
    endloop
  endfacet
  facet normal 0.5956993080192206 0.8032075288650011 0
    outer loop
      vertex 21.22228093445301 36.32587844878435 0
      vertex 21.22228093445301 36.32587844878435 32.2
      vertex 21.537573136389256 36.092041812837124 32.2
    endloop
  endfacet
  facet normal 0.9987954563973425 0.049067670415704694 0
    outer loop
      vertex 22.980738908052444 33.392068564891815 0
      vertex 22.980738908052444 33.392068564891815 32.2
      vertex 23 33 32.2
    endloop
  endfacet
  facet normal 0.9891765093153608 0.14673047883339677 0
    outer loop
      vertex 22.92314112186432 33.78036128729582 0
      vertex 22.92314112186432 33.78036128729582 32.2
      vertex 22.980738908052444 33.392068564891815 32.2
    endloop
  endfacet
  facet normal 0.970031253702096 0.2429801778770028 0
    outer loop
      vertex 22.827761344611645 34.16113870590925 0
      vertex 22.827761344611645 34.16113870590925 32.2
      vertex 22.92314112186432 33.78036128729582 32.2
    endloop
  endfacet
  facet normal 0.9415440627982695 0.3368898600571533 0
    outer loop
      vertex 22.695518128573895 34.5307337269187 0
      vertex 22.695518128573895 34.5307337269187 32.2
      vertex 22.827761344611645 34.16113870590925 32.2
    endloop
  endfacet
  facet normal 0.7409511174895534 0.6715589635251563 0
    outer loop
      vertex 21.828427121043205 35.828427121043205 0
      vertex 21.828427121043205 35.828427121043205 32.2
      vertex 22.092041812837124 35.537573136389256 32.2
    endloop
  endfacet
  facet normal 0.8032075288650011 0.5956993080192206 0
    outer loop
      vertex 22.092041812837124 35.537573136389256 0
      vertex 22.092041812837124 35.537573136389256 32.2
      vertex 22.32587844878435 35.22228093445301 32.2
    endloop
  endfacet
  facet normal 0.6715589635251563 0.7409511174895534 0
    outer loop
      vertex 21.537573136389256 36.092041812837124 0
      vertex 21.537573136389256 36.092041812837124 32.2
      vertex 21.828427121043205 35.828427121043205 32.2
    endloop
  endfacet
  facet normal 0.8577286070283969 0.5141027491514958 0
    outer loop
      vertex 22.32587844878435 35.22228093445301 0
      vertex 22.32587844878435 35.22228093445301 32.2
      vertex 22.527685061097145 34.88558694720268 32.2
    endloop
  endfacet
  facet normal 0.9039892993552973 0.42755508025413363 0
    outer loop
      vertex 22.527685061097145 34.88558694720268 0
      vertex 22.527685061097145 34.88558694720268 32.2
      vertex 22.695518128573895 34.5307337269187 32.2
    endloop
  endfacet
  facet normal 0 0 1
    outer loop
      vertex 18.625016512147052 31.064596686159636 32.2
      vertex 9 25 32.2
      vertex 9 20 32.2
    endloop
  endfacet
  facet normal 0 0 1
    outer loop
      vertex 8.978863808443554 19.78540064578226 32.2
      vertex 18.869636760033078 31.286307555315897 32.2
      vertex 8.994703199339417 19.892181145637483 32.2
    endloop
  endfacet
  facet normal 0 0 1
    outer loop
      vertex 8.994703199339417 19.892181145637483 32.2
      vertex 18.869636760033078 31.286307555315897 32.2
      vertex 9 20 32.2
    endloop
  endfacet
  facet normal 0 0 1
    outer loop
      vertex 8.750311498699011 25.69783261258001 32.2
      vertex 18.110269282870757 30.88041718249378 32.2
      vertex 8.677817459305203 25.7778174593052 32.2
    endloop
  endfacet
  facet normal 0 0 1
    outer loop
      vertex 8.677817459305203 25.7778174593052 32.2
      vertex 18.110269282870757 30.88041718249378 32.2
      vertex 8.59783261258001 25.85031149869901 32.2
    endloop
  endfacet
  facet normal 0 0 1
    outer loop
      vertex 8.994703199339417 25.107818854362517 32.2
      vertex 18.110269282870757 30.88041718249378 32.2
      vertex 8.978863808443554 25.21459935421774 32.2
    endloop
  endfacet
  facet normal 0 0 1
    outer loop
      vertex 8.978863808443554 25.21459935421774 32.2
      vertex 18.110269282870757 30.88041718249378 32.2
      vertex 8.95263436930543 25.31931314497991 32.2
    endloop
  endfacet
  facet normal 0 0 1
    outer loop
      vertex 9 25 32.2
      vertex 18.430518861410725 30.960635525924804 32.2
      vertex 8.994703199339417 25.107818854362517 32.2
    endloop
  endfacet
  facet normal 0 0 1
    outer loop
      vertex 8.8146165735328 25.611127256321563 32.2
      vertex 18.110269282870757 30.88041718249378 32.2
      vertex 8.750311498699011 25.69783261258001 32.2
    endloop
  endfacet
  facet normal 0 0 1
    outer loop
      vertex 8.87011339078319 25.5185364105086 32.2
      vertex 18.110269282870757 30.88041718249378 32.2
      vertex 8.8146165735328 25.611127256321563 32.2
    endloop
  endfacet
  facet normal 0 0 1
    outer loop
      vertex 8.95263436930543 25.31931314497991 32.2
      vertex 18.110269282870757 30.88041718249378 32.2
      vertex 8.916267485762416 25.420951775601598 32.2
    endloop
  endfacet
  facet normal 0 0 1
    outer loop
      vertex 8.916267485762416 25.420951775601598 32.2
      vertex 18.110269282870757 30.88041718249378 32.2
      vertex 8.87011339078319 25.5185364105086 32.2
    endloop
  endfacet
  facet normal 0 0 1
    outer loop
      vertex 18.713692444684103 31.130363239966922 32.2
      vertex 18.625016512147052 31.064596686159636 32.2
      vertex 9 20 32.2
    endloop
  endfacet
  facet normal 0 0 1
    outer loop
      vertex 18.795495128834865 31.204504871165135 32.2
      vertex 18.713692444684103 31.130363239966922 32.2
      vertex 9 20 32.2
    endloop
  endfacet
  facet normal 0 0 1
    outer loop
      vertex 18.795495128834865 31.204504871165135 32.2
      vertex 9 20 32.2
      vertex 18.869636760033078 31.286307555315897 32.2
    endloop
  endfacet
  facet normal 0 0 1
    outer loop
      vertex 18.110269282870757 30.88041718249378 32.2
      vertex 8.87011339078319 29.4814635894914 32.2
      vertex 8.59783261258001 25.85031149869901 32.2
    endloop
  endfacet
  facet normal 0 0 1
    outer loop
      vertex 8.87011339078319 29.4814635894914 32.2
      vertex 18.110269282870757 30.88041718249378 32.2
      vertex 8.916267485762416 29.579048224398402 32.2
    endloop
  endfacet
  facet normal 0 0 1
    outer loop
      vertex 8.916267485762416 29.579048224398402 32.2
      vertex 18.110269282870757 30.88041718249378 32.2
      vertex 8.95263436930543 29.68068685502009 32.2
    endloop
  endfacet
  facet normal 0 0 1
    outer loop
      vertex 9 30 32.2
      vertex 16.923442122301264 31.67342973808873 32.2
      vertex 8.994703199339417 30.107818854362517 32.2
    endloop
  endfacet
  facet normal 0 0 1
    outer loop
      vertex 8.95263436930543 30.31931314497991 32.2
      vertex 16.875 32 32.2
      vertex 8.916267485762416 30.420951775601598 32.2
    endloop
  endfacet
  facet normal 0 0 1
    outer loop
      vertex 8.994703199339417 30.107818854362517 32.2
      vertex 16.896616559546366 31.780523387731854 32.2
      vertex 8.978863808443554 30.21459935421774 32.2
    endloop
  endfacet
  facet normal 0 0 1
    outer loop
      vertex 8.978863808443554 30.21459935421774 32.2
      vertex 16.88041718249378 31.889730717129243 32.2
      vertex 8.95263436930543 30.31931314497991 32.2
    endloop
  endfacet
  facet normal 0 0 1
    outer loop
      vertex 8.916267485762416 30.420951775601598 32.2
      vertex 16.88041718249378 32.11026928287075 32.2
      vertex 8.87011339078319 30.5185364105086 32.2
    endloop
  endfacet
  facet normal 0 0 1
    outer loop
      vertex 8.87011339078319 30.5185364105086 32.2
      vertex 16.896616559546366 32.219476612268146 32.2
      vertex 8.8146165735328 30.611127256321563 32.2
    endloop
  endfacet
  facet normal 0 0 1
    outer loop
      vertex 8.95263436930543 29.68068685502009 32.2
      vertex 18.110269282870757 30.88041718249378 32.2
      vertex 8.978863808443554 29.78540064578226 32.2
    endloop
  endfacet
  facet normal 0 0 1
    outer loop
      vertex 8.978863808443554 29.78540064578226 32.2
      vertex 18.110269282870757 30.88041718249378 32.2
      vertex 8.994703199339417 29.892181145637483 32.2
    endloop
  endfacet
  facet normal 0 0 1
    outer loop
      vertex 8.994703199339417 29.892181145637483 32.2
      vertex 18.110269282870757 30.88041718249378 32.2
      vertex 9 30 32.2
    endloop
  endfacet
  facet normal 0 0 1
    outer loop
      vertex 8.994703199339417 30.107818854362517 32.2
      vertex 16.923442122301264 31.67342973808873 32.2
      vertex 16.896616559546366 31.780523387731854 32.2
    endloop
  endfacet
  facet normal 0 0 1
    outer loop
      vertex 16.960635525924804 31.569481138589275 32.2
      vertex 9 30 32.2
      vertex 17.0078385776081 31.469678671070753 32.2
    endloop
  endfacet
  facet normal 0 0 1
    outer loop
      vertex 17.0078385776081 31.469678671070753 32.2
      vertex 9 30 32.2
      vertex 17.064596686159636 31.374983487852948 32.2
    endloop
  endfacet
  facet normal 0 0 1
    outer loop
      vertex 9 30 32.2
      vertex 16.960635525924804 31.569481138589275 32.2
      vertex 16.923442122301264 31.67342973808873 32.2
    endloop
  endfacet
  facet normal 0 0 1
    outer loop
      vertex 16.88041718249378 31.889730717129243 32.2
      vertex 8.978863808443554 30.21459935421774 32.2
      vertex 16.896616559546366 31.780523387731854 32.2
    endloop
  endfacet
  facet normal 0 0 1
    outer loop
      vertex 16.875 32 32.2
      vertex 8.95263436930543 30.31931314497991 32.2
      vertex 16.88041718249378 31.889730717129243 32.2
    endloop
  endfacet
  facet normal 0 0 1
    outer loop
      vertex 16.88041718249378 32.11026928287075 32.2
      vertex 8.916267485762416 30.420951775601598 32.2
      vertex 16.875 32 32.2
    endloop
  endfacet
  facet normal 0 0 1
    outer loop
      vertex 16.896616559546366 32.219476612268146 32.2
      vertex 8.87011339078319 30.5185364105086 32.2
      vertex 16.88041718249378 32.11026928287075 32.2
    endloop
  endfacet
  facet normal 0 0 1
    outer loop
      vertex 8.8146165735328 30.611127256321563 32.2
      vertex 16.896616559546366 32.219476612268146 32.2
      vertex 16.923442122301264 32.32657026191127 32.2
    endloop
  endfacet
  facet normal 0 0 1
    outer loop
      vertex 8.750311498699011 30.69783261258001 32.2
      vertex 16.923442122301264 32.32657026191127 32.2
      vertex 16.960635525924804 32.430518861410725 32.2
    endloop
  endfacet
  facet normal 0 0 1
    outer loop
      vertex 8.677817459305203 30.7778174593052 32.2
      vertex 16.960635525924804 32.430518861410725 32.2
      vertex 17.0078385776081 32.53032132892925 32.2
    endloop
  endfacet
  facet normal 0 0 1
    outer loop
      vertex 8.59783261258001 30.85031149869901 32.2
      vertex 17.0078385776081 32.53032132892925 32.2
      vertex 17.064596686159636 32.625016512147056 32.2
    endloop
  endfacet
  facet normal 0 0 1
    outer loop
      vertex 8.511127256321563 30.9146165735328 32.2
      vertex 17.064596686159636 32.625016512147056 32.2
      vertex 17.130363239966922 32.7136924446841 32.2
    endloop
  endfacet
  facet normal 0 0 1
    outer loop
      vertex 17.204504871165135 32.795495128834865 32.2
      vertex 8.3209517756016 31.016267485762416 32.2
      vertex 17.130363239966922 32.7136924446841 32.2
    endloop
  endfacet
  facet normal 0 0 1
    outer loop
      vertex 18.219476612268146 30.896616559546366 32.2
      vertex 18.110269282870757 30.88041718249378 32.2
      vertex 8.994703199339417 25.107818854362517 32.2
    endloop
  endfacet
  facet normal 0 0 1
    outer loop
      vertex 18.32657026191127 30.923442122301264 32.2
      vertex 18.219476612268146 30.896616559546366 32.2
      vertex 8.994703199339417 25.107818854362517 32.2
    endloop
  endfacet
  facet normal 0 0 1
    outer loop
      vertex 18.430518861410725 30.960635525924804 32.2
      vertex 18.32657026191127 30.923442122301264 32.2
      vertex 8.994703199339417 25.107818854362517 32.2
    endloop
  endfacet
  facet normal 0 0 1
    outer loop
      vertex 18.530321328929247 31.0078385776081 32.2
      vertex 18.430518861410725 30.960635525924804 32.2
      vertex 9 25 32.2
    endloop
  endfacet
  facet normal 0 0 1
    outer loop
      vertex 18.625016512147052 31.064596686159636 32.2
      vertex 18.530321328929247 31.0078385776081 32.2
      vertex 9 25 32.2
    endloop
  endfacet
  facet normal 0 0 1
    outer loop
      vertex 17.064596686159636 31.374983487852948 32.2
      vertex 9 30 32.2
      vertex 17.130363239966922 31.286307555315897 32.2
    endloop
  endfacet
  facet normal 0 0 1
    outer loop
      vertex 17.130363239966922 31.286307555315897 32.2
      vertex 9 30 32.2
      vertex 17.204504871165135 31.204504871165135 32.2
    endloop
  endfacet
  facet normal 0 0 1
    outer loop
      vertex 17.286307555315897 31.130363239966922 32.2
      vertex 17.204504871165135 31.204504871165135 32.2
      vertex 9 30 32.2
    endloop
  endfacet
  facet normal 0 0 1
    outer loop
      vertex 17.374983487852948 31.064596686159636 32.2
      vertex 17.286307555315897 31.130363239966922 32.2
      vertex 9 30 32.2
    endloop
  endfacet
  facet normal 0 0 1
    outer loop
      vertex 17.469678671070753 31.0078385776081 32.2
      vertex 17.374983487852948 31.064596686159636 32.2
      vertex 9 30 32.2
    endloop
  endfacet
  facet normal 0 0 1
    outer loop
      vertex 17.569481138589275 30.960635525924804 32.2
      vertex 17.469678671070753 31.0078385776081 32.2
      vertex 9 30 32.2
    endloop
  endfacet
  facet normal 0 0 1
    outer loop
      vertex 17.67342973808873 30.923442122301264 32.2
      vertex 17.569481138589275 30.960635525924804 32.2
      vertex 9 30 32.2
    endloop
  endfacet
  facet normal 0 0 1
    outer loop
      vertex 17.780523387731854 30.896616559546366 32.2
      vertex 17.67342973808873 30.923442122301264 32.2
      vertex 9 30 32.2
    endloop
  endfacet
  facet normal 0 0 1
    outer loop
      vertex 17.889730717129243 30.88041718249378 32.2
      vertex 17.780523387731854 30.896616559546366 32.2
      vertex 9 30 32.2
    endloop
  endfacet
  facet normal 0 0 1
    outer loop
      vertex 18 30.875 32.2
      vertex 17.889730717129243 30.88041718249378 32.2
      vertex 9 30 32.2
    endloop
  endfacet
  facet normal 0 0 1
    outer loop
      vertex 18.110269282870757 30.88041718249378 32.2
      vertex 18 30.875 32.2
      vertex 9 30 32.2
    endloop
  endfacet
  facet normal 0 0 1
    outer loop
      vertex 19 37 32.2
      vertex 17.374983487852948 32.93540331384036 32.2
      vertex 17.469678671070753 32.9921614223919 32.2
    endloop
  endfacet
  facet normal 0 0 1
    outer loop
      vertex 19 37 32.2
      vertex 17.469678671070753 32.9921614223919 32.2
      vertex 17.569481138589275 33.0393644740752 32.2
    endloop
  endfacet
  facet normal 0 0 1
    outer loop
      vertex 19 37 32.2
      vertex 17.569481138589275 33.0393644740752 32.2
      vertex 17.67342973808873 33.07655787769873 32.2
    endloop
  endfacet
  facet normal 0 0 1
    outer loop
      vertex 19 37 32.2
      vertex 17.67342973808873 33.07655787769873 32.2
      vertex 17.780523387731854 33.103383440453634 32.2
    endloop
  endfacet
  facet normal 0 0 1
    outer loop
      vertex 19 37 32.2
      vertex 17.780523387731854 33.103383440453634 32.2
      vertex 17.889730717129243 33.11958281750622 32.2
    endloop
  endfacet
  facet normal 0 0 1
    outer loop
      vertex 19 37 32.2
      vertex 17.889730717129243 33.11958281750622 32.2
      vertex 18 33.125 32.2
    endloop
  endfacet
  facet normal 0 0 1
    outer loop
      vertex 19 37 32.2
      vertex 18 33.125 32.2
      vertex 18.110269282870757 33.11958281750622 32.2
    endloop
  endfacet
  facet normal 0 0 1
    outer loop
      vertex 19 37 32.2
      vertex 18.110269282870757 33.11958281750622 32.2
      vertex 18.219476612268146 33.103383440453634 32.2
    endloop
  endfacet
  facet normal 0 0 1
    outer loop
      vertex 19 37 32.2
      vertex 18.219476612268146 33.103383440453634 32.2
      vertex 18.32657026191127 33.07655787769873 32.2
    endloop
  endfacet
  facet normal 0 0 1
    outer loop
      vertex 19 37 32.2
      vertex 18.32657026191127 33.07655787769873 32.2
      vertex 18.430518861410725 33.0393644740752 32.2
    endloop
  endfacet
  facet normal 0 0 1
    outer loop
      vertex 19 37 32.2
      vertex 18.430518861410725 33.0393644740752 32.2
      vertex 18.530321328929247 32.9921614223919 32.2
    endloop
  endfacet
  facet normal 0 0 1
    outer loop
      vertex 19 37 32.2
      vertex 18.935403313840364 32.625016512147056 32.2
      vertex 18.9921614223919 32.53032132892925 32.2
    endloop
  endfacet
  facet normal 0 0 1
    outer loop
      vertex 19 37 32.2
      vertex 18.9921614223919 32.53032132892925 32.2
      vertex 19.039364474075196 32.430518861410725 32.2
    endloop
  endfacet
  facet normal 0 0 1
    outer loop
      vertex 19 37 32.2
      vertex 18.530321328929247 32.9921614223919 32.2
      vertex 18.625016512147052 32.93540331384036 32.2
    endloop
  endfacet
  facet normal 0 0 1
    outer loop
      vertex 19 37 32.2
      vertex 18.713692444684103 32.86963676003308 32.2
      vertex 18.795495128834865 32.795495128834865 32.2
    endloop
  endfacet
  facet normal 0 0 1
    outer loop
      vertex 19 37 32.2
      vertex 18.625016512147052 32.93540331384036 32.2
      vertex 18.713692444684103 32.86963676003308 32.2
    endloop
  endfacet
  facet normal 0 0 1
    outer loop
      vertex 19 37 32.2
      vertex 18.795495128834865 32.795495128834865 32.2
      vertex 18.869636760033078 32.7136924446841 32.2
    endloop
  endfacet
  facet normal 0 0 1
    outer loop
      vertex 19 37 32.2
      vertex 18.869636760033078 32.7136924446841 32.2
      vertex 18.935403313840364 32.625016512147056 32.2
    endloop
  endfacet
  facet normal 0 0 1
    outer loop
      vertex 19.392068564891815 36.980738908052444 32.2
      vertex 19.125 32 32.2
      vertex 19.11958281750622 31.889730717129243 32.2
    endloop
  endfacet
  facet normal 0 0 1
    outer loop
      vertex 19.392068564891815 36.980738908052444 32.2
      vertex 19.11958281750622 32.11026928287075 32.2
      vertex 19.125 32 32.2
    endloop
  endfacet
  facet normal 0 0 1
    outer loop
      vertex 19.392068564891815 36.980738908052444 32.2
      vertex 19.103383440453634 32.219476612268146 32.2
      vertex 19.11958281750622 32.11026928287075 32.2
    endloop
  endfacet
  facet normal 0 0 1
    outer loop
      vertex 19.392068564891815 36.980738908052444 32.2
      vertex 19.039364474075196 32.430518861410725 32.2
      vertex 19.076557877698736 32.32657026191127 32.2
    endloop
  endfacet
  facet normal 0 0 1
    outer loop
      vertex 19.392068564891815 36.980738908052444 32.2
      vertex 19.076557877698736 32.32657026191127 32.2
      vertex 19.103383440453634 32.219476612268146 32.2
    endloop
  endfacet
  facet normal 0 0 1
    outer loop
      vertex 19 37 32.2
      vertex 19.039364474075196 32.430518861410725 32.2
      vertex 19.392068564891815 36.980738908052444 32.2
    endloop
  endfacet
  facet normal 0.9415440748392879 0.33688982640476 0
    outer loop
      vertex -20.847759068012238 -33.76536686718464 0
      vertex -20.913880668580532 -33.580569356679916 0
      vertex -20.913880668580532 -33.580569356679916 30
    endloop
  endfacet
  facet normal 0.970031249228454 0.24298019573678306 0
    outer loop
      vertex -20.913880668580532 -33.580569356679916 0
      vertex -20.96157056093216 -33.3901806473732 0
      vertex -20.96157056093216 -33.3901806473732 30
    endloop
  endfacet
  facet normal 0.9891765097240051 0.14673047607854156 0
    outer loop
      vertex -20.96157056093216 -33.3901806473732 0
      vertex -20.990369454026222 -33.19603428244591 0
      vertex -20.990369454026222 -33.19603428244591 30
    endloop
  endfacet
  facet normal 0.9987954563973426 0.0490676704157047 0
    outer loop
      vertex -20.990369454026222 -33.19603428244591 0
      vertex -21 -33 0
      vertex -21 -33 30
    endloop
  endfacet
  facet normal 0.8032075356003305 0.5956992989376801 0
    outer loop
      vertex -20.662939228117466 -34.111140467226505 0
      vertex -20.662939228117466 -34.111140467226505 30
      vertex -20.546020910143852 -34.26878657191992 0
    endloop
  endfacet
  facet normal 0.7409510994850822 0.671558983390028 0
    outer loop
      vertex -20.546020910143852 -34.26878657191992 0
      vertex -20.546020910143852 -34.26878657191992 30
      vertex -20.414213560521603 -34.4142135605216 0
    endloop
  endfacet
  facet normal 0.9039892885496102 0.42755510310083966 0
    outer loop
      vertex -20.847759068012238 -33.76536686718464 0
      vertex -20.847759068012238 -33.76536686718464 30
      vertex -20.763842530548573 -33.94279347360134 0
    endloop
  endfacet
  facet normal 0.8577286153979926 0.5141027351876691 0
    outer loop
      vertex -20.662939228117466 -34.111140467226505 0
      vertex -20.763842530548573 -33.94279347360134 0
      vertex -20.763842530548573 -33.94279347360134 30
    endloop
  endfacet
  facet normal 0.671558983390028 0.7409510994850822 0
    outer loop
      vertex -20.414213560521603 -34.4142135605216 0
      vertex -20.414213560521603 -34.4142135605216 30
      vertex -20.268786571919918 -34.54602091014385 0
    endloop
  endfacet
  facet normal 0.5956992989376801 0.8032075356003305 0
    outer loop
      vertex -20.268786571919918 -34.54602091014385 0
      vertex -20.268786571919918 -34.54602091014385 30
      vertex -20.111140467226505 -34.662939228117466 0
    endloop
  endfacet
  facet normal 0.5141027351876691 0.8577286153979926 0
    outer loop
      vertex -19.94279347360134 -34.76384253054857 0
      vertex -20.111140467226505 -34.662939228117466 0
      vertex -20.111140467226505 -34.662939228117466 30
    endloop
  endfacet
  facet normal 0.42755510310083966 0.9039892885496102 0
    outer loop
      vertex -19.94279347360134 -34.76384253054857 0
      vertex -19.94279347360134 -34.76384253054857 30
      vertex -19.76536686718464 -34.84775906801224 0
    endloop
  endfacet
  facet normal 0.33688982640476 0.9415440748392879 0
    outer loop
      vertex -19.76536686718464 -34.84775906801224 0
      vertex -19.76536686718464 -34.84775906801224 30
      vertex -19.580569356679916 -34.91388066858053 0
    endloop
  endfacet
  facet normal 0.24298019573678306 0.970031249228454 0
    outer loop
      vertex -19.580569356679916 -34.91388066858053 0
      vertex -19.580569356679916 -34.91388066858053 30
      vertex -19.3901806473732 -34.96157056093216 0
    endloop
  endfacet
  facet normal 0.14673047607854156 0.9891765097240051 0
    outer loop
      vertex -19.3901806473732 -34.96157056093216 0
      vertex -19.3901806473732 -34.96157056093216 30
      vertex -19.196034282445908 -34.99036945402622 0
    endloop
  endfacet
  facet normal 0.0490676704157047 0.9987954563973426 0
    outer loop
      vertex -19.196034282445908 -34.99036945402622 0
      vertex -19.196034282445908 -34.99036945402622 30
      vertex -19 -35 0
    endloop
  endfacet
  facet normal 0 1 0
    outer loop
      vertex -19 -35 0
      vertex -19 -35 30
      vertex 19 -35 0
    endloop
  endfacet
  facet normal 0.9415440748392879 0.33688982640476 0
    outer loop
      vertex -20.847759068012238 -33.76536686718464 0
      vertex -20.913880668580532 -33.580569356679916 30
      vertex -20.847759068012238 -33.76536686718464 30
    endloop
  endfacet
  facet normal 0.9891765097240051 0.14673047607854156 0
    outer loop
      vertex -20.96157056093216 -33.3901806473732 0
      vertex -20.990369454026222 -33.19603428244591 30
      vertex -20.96157056093216 -33.3901806473732 30
    endloop
  endfacet
  facet normal 0.970031249228454 0.24298019573678306 0
    outer loop
      vertex -20.913880668580532 -33.580569356679916 0
      vertex -20.96157056093216 -33.3901806473732 30
      vertex -20.913880668580532 -33.580569356679916 30
    endloop
  endfacet
  facet normal 0.9987954563973426 0.0490676704157047 0
    outer loop
      vertex -20.990369454026222 -33.19603428244591 0
      vertex -21 -33 30
      vertex -20.990369454026222 -33.19603428244591 30
    endloop
  endfacet
  facet normal 0.8032075356003305 0.5956992989376801 0
    outer loop
      vertex -20.546020910143852 -34.26878657191992 0
      vertex -20.662939228117466 -34.111140467226505 30
      vertex -20.546020910143852 -34.26878657191992 30
    endloop
  endfacet
  facet normal 0.9039892885496102 0.42755510310083966 0
    outer loop
      vertex -20.763842530548573 -33.94279347360134 0
      vertex -20.847759068012238 -33.76536686718464 30
      vertex -20.763842530548573 -33.94279347360134 30
    endloop
  endfacet
  facet normal 0.8577286153979926 0.5141027351876691 0
    outer loop
      vertex -20.662939228117466 -34.111140467226505 0
      vertex -20.763842530548573 -33.94279347360134 30
      vertex -20.662939228117466 -34.111140467226505 30
    endloop
  endfacet
  facet normal 0.671558983390028 0.7409510994850822 0
    outer loop
      vertex -20.268786571919918 -34.54602091014385 0
      vertex -20.414213560521603 -34.4142135605216 30
      vertex -20.268786571919918 -34.54602091014385 30
    endloop
  endfacet
  facet normal 0.7409510994850822 0.671558983390028 0
    outer loop
      vertex -20.414213560521603 -34.4142135605216 0
      vertex -20.546020910143852 -34.26878657191992 30
      vertex -20.414213560521603 -34.4142135605216 30
    endloop
  endfacet
  facet normal 0.5956992989376801 0.8032075356003305 0
    outer loop
      vertex -20.111140467226505 -34.662939228117466 0
      vertex -20.268786571919918 -34.54602091014385 30
      vertex -20.111140467226505 -34.662939228117466 30
    endloop
  endfacet
  facet normal 0.5141027351876691 0.8577286153979926 0
    outer loop
      vertex -19.94279347360134 -34.76384253054857 0
      vertex -20.111140467226505 -34.662939228117466 30
      vertex -19.94279347360134 -34.76384253054857 30
    endloop
  endfacet
  facet normal 0.42755510310083966 0.9039892885496102 0
    outer loop
      vertex -19.76536686718464 -34.84775906801224 0
      vertex -19.94279347360134 -34.76384253054857 30
      vertex -19.76536686718464 -34.84775906801224 30
    endloop
  endfacet
  facet normal 0.33688982640476 0.9415440748392879 0
    outer loop
      vertex -19.580569356679916 -34.91388066858053 0
      vertex -19.76536686718464 -34.84775906801224 30
      vertex -19.580569356679916 -34.91388066858053 30
    endloop
  endfacet
  facet normal 0.24298019573678306 0.970031249228454 0
    outer loop
      vertex -19.3901806473732 -34.96157056093216 0
      vertex -19.580569356679916 -34.91388066858053 30
      vertex -19.3901806473732 -34.96157056093216 30
    endloop
  endfacet
  facet normal 0.14673047607854156 0.9891765097240051 0
    outer loop
      vertex -19.196034282445908 -34.99036945402622 0
      vertex -19.3901806473732 -34.96157056093216 30
      vertex -19.196034282445908 -34.99036945402622 30
    endloop
  endfacet
  facet normal 0.0490676704157047 0.9987954563973426 0
    outer loop
      vertex -19 -35 0
      vertex -19.196034282445908 -34.99036945402622 30
      vertex -19 -35 30
    endloop
  endfacet
  facet normal 0 0 -1
    outer loop
      vertex -19.196034282445908 -34.99036945402622 30
      vertex -18.9921614223919 -32.53032132892925 30
      vertex -19 -35 30
    endloop
  endfacet
  facet normal 0 0 -1
    outer loop
      vertex -19 -35 30
      vertex -18.795495128834865 -32.795495128834865 30
      vertex -18.713692444684103 -32.86963676003308 30
    endloop
  endfacet
  facet normal 0 0 -1
    outer loop
      vertex -19 -35 30
      vertex -18.713692444684103 -32.86963676003308 30
      vertex -18.625016512147052 -32.93540331384036 30
    endloop
  endfacet
  facet normal 0 0 -1
    outer loop
      vertex -19 -35 30
      vertex -18.625016512147052 -32.93540331384036 30
      vertex -18.530321328929247 -32.9921614223919 30
    endloop
  endfacet
  facet normal 0 0 -1
    outer loop
      vertex -19.196034282445908 -34.99036945402622 30
      vertex -19.076557877698736 -32.32657026191127 30
      vertex -19.039364474075196 -32.430518861410725 30
    endloop
  endfacet
  facet normal 0 0 -1
    outer loop
      vertex -19.196034282445908 -34.99036945402622 30
      vertex -19.039364474075196 -32.430518861410725 30
      vertex -18.9921614223919 -32.53032132892925 30
    endloop
  endfacet
  facet normal 0 0 -1
    outer loop
      vertex -19.196034282445908 -34.99036945402622 30
      vertex -19.11958281750622 -32.11026928287075 30
      vertex -19.103383440453634 -32.219476612268146 30
    endloop
  endfacet
  facet normal 0 0 -1
    outer loop
      vertex -19.196034282445908 -34.99036945402622 30
      vertex -19.125 -32 30
      vertex -19.11958281750622 -32.11026928287075 30
    endloop
  endfacet
  facet normal 0 0 -1
    outer loop
      vertex -19.196034282445908 -34.99036945402622 30
      vertex -19.103383440453634 -32.219476612268146 30
      vertex -19.076557877698736 -32.32657026191127 30
    endloop
  endfacet
  facet normal 0 0 -1
    outer loop
      vertex -19 -35 30
      vertex -18.9921614223919 -32.53032132892925 30
      vertex -18.935403313840364 -32.625016512147056 30
    endloop
  endfacet
  facet normal 0 0 -1
    outer loop
      vertex -19 -35 30
      vertex -18.935403313840364 -32.625016512147056 30
      vertex -18.869636760033078 -32.7136924446841 30
    endloop
  endfacet
  facet normal 0 0 -1
    outer loop
      vertex -19 -35 30
      vertex -18.869636760033078 -32.7136924446841 30
      vertex -18.795495128834865 -32.795495128834865 30
    endloop
  endfacet
  facet normal 0 0 -1
    outer loop
      vertex -19 -35 30
      vertex -18.530321328929247 -32.9921614223919 30
      vertex -18.430518861410725 -33.0393644740752 30
    endloop
  endfacet
  facet normal 0 0 -1
    outer loop
      vertex -19 -35 30
      vertex -18.430518861410725 -33.0393644740752 30
      vertex -18.32657026191127 -33.07655787769873 30
    endloop
  endfacet
  facet normal 0 0 -1
    outer loop
      vertex -19 -35 30
      vertex -18.32657026191127 -33.07655787769873 30
      vertex -18.219476612268146 -33.103383440453634 30
    endloop
  endfacet
  facet normal 0 0 -1
    outer loop
      vertex -19 -35 30
      vertex -18.219476612268146 -33.103383440453634 30
      vertex -18.110269282870757 -33.11958281750622 30
    endloop
  endfacet
  facet normal 0 0 -1
    outer loop
      vertex -19 -35 30
      vertex -18.110269282870757 -33.11958281750622 30
      vertex -18 -33.125 30
    endloop
  endfacet
  facet normal 0 0 -1
    outer loop
      vertex -19 -35 30
      vertex -18 -33.125 30
      vertex -17.889730717129243 -33.11958281750622 30
    endloop
  endfacet
  facet normal 0 0 -1
    outer loop
      vertex -17.35276829338479 -14.110188247286379 30
      vertex -18.713692444684103 -31.130363239966922 30
      vertex -18.795495128834865 -31.204504871165135 30
    endloop
  endfacet
  facet normal 0 0 -1
    outer loop
      vertex -16.972247907784304 -14.455071821529454 30
      vertex -18.625016512147052 -31.064596686159636 30
      vertex -18.713692444684103 -31.130363239966922 30
    endloop
  endfacet
  facet normal 0 0 -1
    outer loop
      vertex -16.972247907784304 -14.455071821529454 30
      vertex -18.530321328929247 -31.0078385776081 30
      vertex -18.625016512147052 -31.064596686159636 30
    endloop
  endfacet
  facet normal 0 0 -1
    outer loop
      vertex -16.972247907784304 -14.455071821529454 30
      vertex -18.430518861410725 -30.960635525924804 30
      vertex -18.530321328929247 -31.0078385776081 30
    endloop
  endfacet
  facet normal 0 0 -1
    outer loop
      vertex -16.972247907784304 -14.455071821529454 30
      vertex -18.32657026191127 -30.923442122301264 30
      vertex -18.430518861410725 -30.960635525924804 30
    endloop
  endfacet
  facet normal 0 0 -1
    outer loop
      vertex -16.972247907784304 -14.455071821529454 30
      vertex -17.569481138589275 -30.960635525924804 30
      vertex -17.67342973808873 -30.923442122301264 30
    endloop
  endfacet
  facet normal 0 0 -1
    outer loop
      vertex -16.972247907784304 -14.455071821529454 30
      vertex -17.469678671070753 -31.0078385776081 30
      vertex -17.569481138589275 -30.960635525924804 30
    endloop
  endfacet
  facet normal 0 0 -1
    outer loop
      vertex -16.972247907784304 -14.455071821529454 30
      vertex -17.374983487852948 -31.064596686159636 30
      vertex -17.469678671070753 -31.0078385776081 30
    endloop
  endfacet
  facet normal 0 0 -1
    outer loop
      vertex -17.75 -13 30
      vertex -18.795495128834865 -31.204504871165135 30
      vertex -18.869636760033078 -31.286307555315897 30
    endloop
  endfacet
  facet normal 0 0 -1
    outer loop
      vertex -16.972247907784304 -14.455071821529454 30
      vertex -18.219476612268146 -30.896616559546366 30
      vertex -18.32657026191127 -30.923442122301264 30
    endloop
  endfacet
  facet normal 0 0 -1
    outer loop
      vertex -16.972247907784304 -14.455071821529454 30
      vertex -18.110269282870757 -30.88041718249378 30
      vertex -18.219476612268146 -30.896616559546366 30
    endloop
  endfacet
  facet normal 0 0 -1
    outer loop
      vertex -16.972247907784304 -14.455071821529454 30
      vertex -18 -30.875 30
      vertex -18.110269282870757 -30.88041718249378 30
    endloop
  endfacet
  facet normal 0 0 -1
    outer loop
      vertex -16.972247907784304 -14.455071821529454 30
      vertex -17.889730717129243 -30.88041718249378 30
      vertex -18 -30.875 30
    endloop
  endfacet
  facet normal 0 0 -1
    outer loop
      vertex -16.972247907784304 -14.455071821529454 30
      vertex -17.780523387731854 -30.896616559546366 30
      vertex -17.889730717129243 -30.88041718249378 30
    endloop
  endfacet
  facet normal 0 0 -1
    outer loop
      vertex -16.972247907784304 -14.455071821529454 30
      vertex -17.67342973808873 -30.923442122301264 30
      vertex -17.780523387731854 -30.896616559546366 30
    endloop
  endfacet
  facet normal 0 0 -1
    outer loop
      vertex -17.616789181894752 -13.669696006638906 30
      vertex -17.543362212609622 -13.824944289445495 30
      vertex -18.795495128834865 -31.204504871165135 30
    endloop
  endfacet
  facet normal 0 0 -1
    outer loop
      vertex -17.616789181894752 -13.669696006638906 30
      vertex -18.795495128834865 -31.204504871165135 30
      vertex -17.674645587531366 -13.507998185195309 30
    endloop
  endfacet
  facet normal 0 0 -1
    outer loop
      vertex -17.716374240705655 -13.341408063528224 30
      vertex -17.674645587531366 -13.507998185195309 30
      vertex -18.795495128834865 -31.204504871165135 30
    endloop
  endfacet
  facet normal 0 0 -1
    outer loop
      vertex -17.716374240705655 -13.341408063528224 30
      vertex -18.795495128834865 -31.204504871165135 30
      vertex -17.741573271676344 -13.171529995576732 30
    endloop
  endfacet
  facet normal 0 0 -1
    outer loop
      vertex -17.741573271676344 -13.171529995576732 30
      vertex -18.795495128834865 -31.204504871165135 30
      vertex -17.75 -13 30
    endloop
  endfacet
  facet normal 0 0 -1
    outer loop
      vertex -17.455071821529454 -13.972247907784304 30
      vertex -18.795495128834865 -31.204504871165135 30
      vertex -17.543362212609622 -13.824944289445495 30
    endloop
  endfacet
  facet normal 0 0 -1
    outer loop
      vertex -17.455071821529454 -13.972247907784304 30
      vertex -17.35276829338479 -14.110188247286379 30
      vertex -18.795495128834865 -31.204504871165135 30
    endloop
  endfacet
  facet normal 0 0 -1
    outer loop
      vertex -17.35276829338479 -14.110188247286379 30
      vertex -17.237436867076458 -14.237436867076458 30
      vertex -18.713692444684103 -31.130363239966922 30
    endloop
  endfacet
  facet normal 0 0 -1
    outer loop
      vertex -17.237436867076458 -14.237436867076458 30
      vertex -17.11018824728638 -14.35276829338479 30
      vertex -18.713692444684103 -31.130363239966922 30
    endloop
  endfacet
  facet normal 0 0 -1
    outer loop
      vertex -16.972247907784304 -14.455071821529454 30
      vertex -18.713692444684103 -31.130363239966922 30
      vertex -17.11018824728638 -14.35276829338479 30
    endloop
  endfacet
  facet normal 0 0 -1
    outer loop
      vertex -19 -35 30
      vertex -17.889730717129243 -33.11958281750622 30
      vertex -12.85 -33 30
    endloop
  endfacet
  facet normal 0 0 -1
    outer loop
      vertex -12.85 -33 30
      vertex -17.889730717129243 -33.11958281750622 30
      vertex -17.780523387731854 -33.103383440453634 30
    endloop
  endfacet
  facet normal 0 0 -1
    outer loop
      vertex -12.85 -33 30
      vertex -17.780523387731854 -33.103383440453634 30
      vertex -17.67342973808873 -33.07655787769873 30
    endloop
  endfacet
  facet normal 0 0 -1
    outer loop
      vertex -12.85 -33 30
      vertex -17.67342973808873 -33.07655787769873 30
      vertex -17.569481138589275 -33.0393644740752 30
    endloop
  endfacet
  facet normal 0 0 -1
    outer loop
      vertex -12.85 -33 30
      vertex -17.569481138589275 -33.0393644740752 30
      vertex -17.469678671070753 -32.9921614223919 30
    endloop
  endfacet
  facet normal 0 0 -1
    outer loop
      vertex -12.85 -33 30
      vertex -17.469678671070753 -32.9921614223919 30
      vertex -17.374983487852948 -32.93540331384036 30
    endloop
  endfacet
  facet normal 0 0 -1
    outer loop
      vertex -12.85 -33 30
      vertex -17.374983487852948 -32.93540331384036 30
      vertex -17.286307555315897 -32.86963676003308 30
    endloop
  endfacet
  facet normal 0 0 -1
    outer loop
      vertex -12.85 -33 30
      vertex -17.286307555315897 -32.86963676003308 30
      vertex -17.204504871165135 -32.795495128834865 30
    endloop
  endfacet
  facet normal 0 0 -1
    outer loop
      vertex -12.85 -33 30
      vertex -17.204504871165135 -32.795495128834865 30
      vertex -17.130363239966922 -32.7136924446841 30
    endloop
  endfacet
  facet normal 0 0 -1
    outer loop
      vertex -12.85 -33 30
      vertex -17.130363239966922 -32.7136924446841 30
      vertex -17.064596686159636 -32.625016512147056 30
    endloop
  endfacet
  facet normal 0 0 -1
    outer loop
      vertex -12.85 -33 30
      vertex -17.064596686159636 -32.625016512147056 30
      vertex -17.0078385776081 -32.53032132892925 30
    endloop
  endfacet
  facet normal 0 0 -1
    outer loop
      vertex -12.85 -33 30
      vertex -17.0078385776081 -32.53032132892925 30
      vertex -16.960635525924804 -32.430518861410725 30
    endloop
  endfacet
  facet normal 0 0 -1
    outer loop
      vertex -12.85 -33 30
      vertex -16.960635525924804 -32.430518861410725 30
      vertex -16.923442122301264 -32.32657026191127 30
    endloop
  endfacet
  facet normal 0 0 -1
    outer loop
      vertex -12.85 -33 30
      vertex -16.923442122301264 -32.32657026191127 30
      vertex -16.896616559546366 -32.219476612268146 30
    endloop
  endfacet
  facet normal 0 0 -1
    outer loop
      vertex -12.85 -33 30
      vertex -16.896616559546366 -32.219476612268146 30
      vertex -16.88041718249378 -32.11026928287075 30
    endloop
  endfacet
  facet normal 0 0 -1
    outer loop
      vertex -12.85 -33 30
      vertex -17.286307555315897 -31.130363239966922 30
      vertex -17.374983487852948 -31.064596686159636 30
    endloop
  endfacet
  facet normal 0 0 -1
    outer loop
      vertex -12.85 -33 30
      vertex -17.130363239966922 -31.286307555315897 30
      vertex -17.204504871165135 -31.204504871165135 30
    endloop
  endfacet
  facet normal 0 0 -1
    outer loop
      vertex -12.85 -33 30
      vertex -17.0078385776081 -31.469678671070753 30
      vertex -17.064596686159636 -31.374983487852948 30
    endloop
  endfacet
  facet normal 0 0 -1
    outer loop
      vertex -12.85 -33 30
      vertex -17.064596686159636 -31.374983487852948 30
      vertex -17.130363239966922 -31.286307555315897 30
    endloop
  endfacet
  facet normal 0 0 -1
    outer loop
      vertex -12.85 -33 30
      vertex -16.896616559546366 -31.780523387731854 30
      vertex -16.923442122301264 -31.67342973808873 30
    endloop
  endfacet
  facet normal 0 0 -1
    outer loop
      vertex -12.85 -33 30
      vertex -16.88041718249378 -32.11026928287075 30
      vertex -16.875 -32 30
    endloop
  endfacet
  facet normal 0 0 -1
    outer loop
      vertex -12.85 -33 30
      vertex -16.875 -32 30
      vertex -16.88041718249378 -31.889730717129243 30
    endloop
  endfacet
  facet normal 0 0 -1
    outer loop
      vertex -12.85 -33 30
      vertex -16.88041718249378 -31.889730717129243 30
      vertex -16.896616559546366 -31.780523387731854 30
    endloop
  endfacet
  facet normal 0 0 -1
    outer loop
      vertex -12.85 -33 30
      vertex -16.960635525924804 -31.569481138589275 30
      vertex -17.0078385776081 -31.469678671070753 30
    endloop
  endfacet
  facet normal 0 0 -1
    outer loop
      vertex -12.85 -33 30
      vertex -16.923442122301264 -31.67342973808873 30
      vertex -16.960635525924804 -31.569481138589275 30
    endloop
  endfacet
  facet normal 0 0 -1
    outer loop
      vertex -12.85 -33 30
      vertex -17.204504871165135 -31.204504871165135 30
      vertex -17.286307555315897 -31.130363239966922 30
    endloop
  endfacet
  facet normal 0 1 0
    outer loop
      vertex -19 -35 30
      vertex -10.85 -35 30
      vertex -10.85 -35 26.4
    endloop
  endfacet
  facet normal 0 0 -1
    outer loop
      vertex -19 -35 30
      vertex -12.85 -33 30
      vertex -10.85 -35 30
    endloop
  endfacet
  facet normal 0 0 -1
    outer loop
      vertex -12.85 -33 30
      vertex -10.85 -33 30
      vertex -10.85 -35 30
    endloop
  endfacet
  facet normal 0 0 -1
    outer loop
      vertex -12.85 -33 30
      vertex -17.374983487852948 -31.064596686159636 30
      vertex -16.972247907784304 -14.455071821529454 30
    endloop
  endfacet
  facet normal 0 0 -1
    outer loop
      vertex -12.85 -33 30
      vertex -16.341408063528224 -14.716374240705653 30
      vertex -16.17152999557673 -14.741573271676344 30
    endloop
  endfacet
  facet normal 0 0 -1
    outer loop
      vertex -12.85 -33 30
      vertex -16.17152999557673 -14.741573271676344 30
      vertex -16 -14.75 30
    endloop
  endfacet
  facet normal 0 0 -1
    outer loop
      vertex -12.85 -33 30
      vertex -16 -14.75 30
      vertex -15.828470004423268 -14.741573271676344 30
    endloop
  endfacet
  facet normal 0 0 -1
    outer loop
      vertex -12.85 -33 30
      vertex -15.828470004423268 -14.741573271676344 30
      vertex -15.658591936471776 -14.716374240705653 30
    endloop
  endfacet
  facet normal 0 0 -1
    outer loop
      vertex -12.85 -33 30
      vertex -16.972247907784304 -14.455071821529454 30
      vertex -16.824944289445497 -14.54336221260962 30
    endloop
  endfacet
  facet normal 0 0 -1
    outer loop
      vertex -12.85 -33 30
      vertex -16.824944289445497 -14.54336221260962 30
      vertex -16.669696006638908 -14.616789181894752 30
    endloop
  endfacet
  facet normal 0 0 -1
    outer loop
      vertex -12.85 -33 30
      vertex -16.669696006638908 -14.616789181894752 30
      vertex -16.50799818519531 -14.674645587531366 30
    endloop
  endfacet
  facet normal 0 0 -1
    outer loop
      vertex -12.85 -33 30
      vertex -16.50799818519531 -14.674645587531366 30
      vertex -16.341408063528224 -14.716374240705653 30
    endloop
  endfacet
  facet normal 0 0 -1
    outer loop
      vertex -12.85 -33 30
      vertex -15.658591936471776 -14.716374240705653 30
      vertex -15.492001814804691 -14.674645587531366 30
    endloop
  endfacet
  facet normal 0 0 -1
    outer loop
      vertex -12.85 -33 30
      vertex -15.492001814804691 -14.674645587531366 30
      vertex -15.330303993361094 -14.616789181894752 30
    endloop
  endfacet
  facet normal 0 0 -1
    outer loop
      vertex -12.85 -33 30
      vertex -15.330303993361094 -14.616789181894752 30
      vertex -15.175055710554505 -14.54336221260962 30
    endloop
  endfacet
  facet normal 0 0 -1
    outer loop
      vertex -12.85 -33 30
      vertex -15.175055710554505 -14.54336221260962 30
      vertex -15.027752092215696 -14.455071821529454 30
    endloop
  endfacet
  facet normal 0 0 -1
    outer loop
      vertex -12.85 -33 30
      vertex -15.027752092215696 -14.455071821529454 30
      vertex -14.889811752713621 -14.35276829338479 30
    endloop
  endfacet
  facet normal 0 0 -1
    outer loop
      vertex -12.85 -33 30
      vertex -14.889811752713621 -14.35276829338479 30
      vertex -14.762563132923542 -14.237436867076458 30
    endloop
  endfacet
  facet normal 0 0 -1
    outer loop
      vertex -12.85 -33 30
      vertex -14.762563132923542 -14.237436867076458 30
      vertex -14.64723170661521 -14.110188247286379 30
    endloop
  endfacet
  facet normal 0 0 -1
    outer loop
      vertex -12.85 -33 30
      vertex -14.64723170661521 -14.110188247286379 30
      vertex -14.544928178470546 -13.972247907784304 30
    endloop
  endfacet
  facet normal 0 0 -1
    outer loop
      vertex -12.85 -33 30
      vertex -14.544928178470546 -13.972247907784304 30
      vertex -14.45663778739038 -13.824944289445495 30
    endloop
  endfacet
  facet normal 0 0 -1
    outer loop
      vertex -12.85 -33 30
      vertex -14.45663778739038 -13.824944289445495 30
      vertex -14.383210818105248 -13.669696006638906 30
    endloop
  endfacet
  facet normal 0 0 -1
    outer loop
      vertex -12.85 -33 30
      vertex -14.383210818105248 -13.669696006638906 30
      vertex -14.325354412468634 -13.507998185195309 30
    endloop
  endfacet
  facet normal 0 0 -1
    outer loop
      vertex -12.85 -33 30
      vertex -14.325354412468634 -13.507998185195309 30
      vertex -14.283625759294347 -13.341408063528224 30
    endloop
  endfacet
  facet normal 0 0 -1
    outer loop
      vertex -12.85 -33 30
      vertex -14.283625759294347 -13.341408063528224 30
      vertex -14.258426728323656 -13.171529995576732 30
    endloop
  endfacet
  facet normal 0 0 -1
    outer loop
      vertex -12.85 -33 30
      vertex -14.258426728323656 -13.171529995576732 30
      vertex -14.25 -13 30
    endloop
  endfacet
  facet normal 1 0 0
    outer loop
      vertex -21 -33 0
      vertex -21 33 30
      vertex -21 -33 30
    endloop
  endfacet
  facet normal 0 0 -1
    outer loop
      vertex -20.96157056093216 -33.3901806473732 30
      vertex -20.990369454026222 -33.19603428244591 30
      vertex -20.990369454026222 33.19603428244591 30
    endloop
  endfacet
  facet normal 0 0 -1
    outer loop
      vertex -20.913880668580532 -33.580569356679916 30
      vertex -20.96157056093216 -33.3901806473732 30
      vertex -20.96157056093216 33.3901806473732 30
    endloop
  endfacet
  facet normal 0 0 -1
    outer loop
      vertex -20.990369454026222 -33.19603428244591 30
      vertex -21 -33 30
      vertex -21 33 30
    endloop
  endfacet
  facet normal 0 0 -1
    outer loop
      vertex -20.847759068012238 -33.76536686718464 30
      vertex -20.913880668580532 -33.580569356679916 30
      vertex -20.913880668580532 33.580569356679916 30
    endloop
  endfacet
  facet normal 0 0 -1
    outer loop
      vertex -20.847759068012238 -33.76536686718464 30
      vertex -20.847759068012238 33.76536686718464 30
      vertex -20.763842530548573 -33.94279347360134 30
    endloop
  endfacet
  facet normal 0 0 -1
    outer loop
      vertex -20.662939228117466 -34.111140467226505 30
      vertex -20.763842530548573 -33.94279347360134 30
      vertex -20.763842530548573 33.94279347360134 30
    endloop
  endfacet
  facet normal 0 0 -1
    outer loop
      vertex -20.662939228117466 -34.111140467226505 30
      vertex -20.662939228117466 34.111140467226505 30
      vertex -20.546020910143852 -34.26878657191992 30
    endloop
  endfacet
  facet normal 0 0 -1
    outer loop
      vertex -20.546020910143852 -34.26878657191992 30
      vertex -20.546020910143852 34.26878657191992 30
      vertex -20.414213560521603 -34.4142135605216 30
    endloop
  endfacet
  facet normal 0 0 -1
    outer loop
      vertex -20.414213560521603 -34.4142135605216 30
      vertex -20.414213560521603 34.4142135605216 30
      vertex -20.268786571919918 -34.54602091014385 30
    endloop
  endfacet
  facet normal 0 0 -1
    outer loop
      vertex -20.268786571919918 -34.54602091014385 30
      vertex -20.268786571919918 34.54602091014385 30
      vertex -20.111140467226505 -34.662939228117466 30
    endloop
  endfacet
  facet normal 0 0 -1
    outer loop
      vertex -19.94279347360134 -34.76384253054857 30
      vertex -20.111140467226505 -34.662939228117466 30
      vertex -20.111140467226505 34.662939228117466 30
    endloop
  endfacet
  facet normal 0 0 -1
    outer loop
      vertex -19.94279347360134 -34.76384253054857 30
      vertex -19.94279347360134 34.76384253054857 30
      vertex -19.76536686718464 -34.84775906801224 30
    endloop
  endfacet
  facet normal 0 0 -1
    outer loop
      vertex -19.76536686718464 -34.84775906801224 30
      vertex -19.76536686718464 34.84775906801224 30
      vertex -19.580569356679916 -34.91388066858053 30
    endloop
  endfacet
  facet normal 0 0 -1
    outer loop
      vertex -19.580569356679916 -34.91388066858053 30
      vertex -19.580569356679916 34.91388066858053 30
      vertex -19.3901806473732 -34.96157056093216 30
    endloop
  endfacet
  facet normal 0 0 -1
    outer loop
      vertex -19.3901806473732 -34.96157056093216 30
      vertex -19.3901806473732 34.96157056093216 30
      vertex -19.196034282445908 -34.99036945402622 30
    endloop
  endfacet
  facet normal 0 0 -1
    outer loop
      vertex -19.196034282445908 -34.99036945402622 30
      vertex -19.196034282445908 34.99036945402622 30
      vertex -19.125 -32 30
    endloop
  endfacet
  facet normal 0 0 -1
    outer loop
      vertex -19.039364474075196 -31.569481138589275 30
      vertex -18.9921614223919 31.469678671070753 30
      vertex -18.9921614223919 -31.469678671070753 30
    endloop
  endfacet
  facet normal 0 0 -1
    outer loop
      vertex -18.9921614223919 31.469678671070753 30
      vertex -18.935403313840364 -31.374983487852948 30
      vertex -18.9921614223919 -31.469678671070753 30
    endloop
  endfacet
  facet normal 0 0 -1
    outer loop
      vertex -19.196034282445908 34.99036945402622 30
      vertex -19.11958281750622 -31.889730717129243 30
      vertex -19.125 -32 30
    endloop
  endfacet
  facet normal 0 0 -1
    outer loop
      vertex -19.196034282445908 34.99036945402622 30
      vertex -19.103383440453634 -31.780523387731854 30
      vertex -19.11958281750622 -31.889730717129243 30
    endloop
  endfacet
  facet normal 0 0 -1
    outer loop
      vertex -19.196034282445908 34.99036945402622 30
      vertex -19.076557877698736 -31.67342973808873 30
      vertex -19.103383440453634 -31.780523387731854 30
    endloop
  endfacet
  facet normal 0 0 -1
    outer loop
      vertex -19.196034282445908 34.99036945402622 30
      vertex -19.039364474075196 -31.569481138589275 30
      vertex -19.076557877698736 -31.67342973808873 30
    endloop
  endfacet
  facet normal 0 0 -1
    outer loop
      vertex -18.9921614223919 31.469678671070753 30
      vertex -18.869636760033078 -31.286307555315897 30
      vertex -18.935403313840364 -31.374983487852948 30
    endloop
  endfacet
  facet normal 0 0 -1
    outer loop
      vertex -17.75 -13 30
      vertex -17.75 8 30
      vertex -17.741573271676344 -12.828470004423268 30
    endloop
  endfacet
  facet normal 0 0 -1
    outer loop
      vertex -17.741573271676344 -12.828470004423268 30
      vertex -17.716374240705655 7.658591936471775 30
      vertex -17.716374240705655 -12.658591936471776 30
    endloop
  endfacet
  facet normal 0 0 -1
    outer loop
      vertex -17.716374240705655 -12.658591936471776 30
      vertex -17.716374240705655 7.658591936471775 30
      vertex -17.674645587531366 -12.492001814804691 30
    endloop
  endfacet
  facet normal 0 0 -1
    outer loop
      vertex -17.674645587531366 -12.492001814804691 30
      vertex -17.616789181894752 7.330303993361093 30
      vertex -17.616789181894752 -12.330303993361094 30
    endloop
  endfacet
  facet normal 0 0 -1
    outer loop
      vertex -17.616789181894752 -12.330303993361094 30
      vertex -17.616789181894752 7.330303993361093 30
      vertex -17.543362212609622 -12.175055710554505 30
    endloop
  endfacet
  facet normal 0 0 -1
    outer loop
      vertex -17.543362212609622 -12.175055710554505 30
      vertex -17.543362212609622 7.1750557105545045 30
      vertex -17.455071821529454 -12.027752092215696 30
    endloop
  endfacet
  facet normal 0 0 -1
    outer loop
      vertex -17.455071821529454 -12.027752092215696 30
      vertex -17.455071821529454 7.027752092215696 30
      vertex -17.35276829338479 -11.889811752713621 30
    endloop
  endfacet
  facet normal 0 0 -1
    outer loop
      vertex -17.35276829338479 -11.889811752713621 30
      vertex -17.35276829338479 6.88981175271362 30
      vertex -17.237436867076458 -11.762563132923542 30
    endloop
  endfacet
  facet normal 0 0 -1
    outer loop
      vertex -17.75 -13 30
      vertex -18.869636760033078 -31.286307555315897 30
      vertex -18.9921614223919 31.469678671070753 30
    endloop
  endfacet
  facet normal 0 0 -1
    outer loop
      vertex -17.237436867076458 -11.762563132923542 30
      vertex -17.237436867076458 6.762563132923542 30
      vertex -17.11018824728638 -11.64723170661521 30
    endloop
  endfacet
  facet normal 0 0 -1
    outer loop
      vertex -17.11018824728638 -11.64723170661521 30
      vertex -17.11018824728638 6.6472317066152105 30
      vertex -16.972247907784304 -11.544928178470546 30
    endloop
  endfacet
  facet normal 0 0 -1
    outer loop
      vertex -16.972247907784304 -11.544928178470546 30
      vertex -16.972247907784304 6.5449281784705455 30
      vertex -16.824944289445497 -11.45663778739038 30
    endloop
  endfacet
  facet normal 0 0 -1
    outer loop
      vertex -16.824944289445497 -11.45663778739038 30
      vertex -16.824944289445497 6.456637787390378 30
      vertex -16.669696006638908 -11.383210818105248 30
    endloop
  endfacet
  facet normal 0 0 -1
    outer loop
      vertex -16.669696006638908 -11.383210818105248 30
      vertex -16.669696006638908 6.3832108181052485 30
      vertex -16.50799818519531 -11.325354412468634 30
    endloop
  endfacet
  facet normal 0 0 -1
    outer loop
      vertex -16.50799818519531 -11.325354412468634 30
      vertex -16.50799818519531 6.325354412468634 30
      vertex -16.341408063528224 -11.283625759294347 30
    endloop
  endfacet
  facet normal 0 0 -1
    outer loop
      vertex -16.341408063528224 -11.283625759294347 30
      vertex -16.341408063528224 6.283625759294347 30
      vertex -16.17152999557673 -11.258426728323656 30
    endloop
  endfacet
  facet normal 0 0 -1
    outer loop
      vertex -16.17152999557673 -11.258426728323656 30
      vertex -16.17152999557673 6.258426728323656 30
      vertex -16 -11.25 30
    endloop
  endfacet
  facet normal 0 0 -1
    outer loop
      vertex -16 -11.25 30
      vertex -16 6.25 30
      vertex -15.828470004423268 -11.258426728323656 30
    endloop
  endfacet
  facet normal 0 0 -1
    outer loop
      vertex -15.828470004423268 -11.258426728323656 30
      vertex -15.828470004423268 6.258426728323656 30
      vertex -15.658591936471776 -11.283625759294347 30
    endloop
  endfacet
  facet normal 0 0 -1
    outer loop
      vertex -15.658591936471776 -11.283625759294347 30
      vertex -15.658591936471776 6.283625759294347 30
      vertex -15.492001814804691 -11.325354412468634 30
    endloop
  endfacet
  facet normal 0 0 -1
    outer loop
      vertex -15.492001814804691 -11.325354412468634 30
      vertex -15.492001814804691 6.325354412468634 30
      vertex -15.330303993361094 -11.383210818105248 30
    endloop
  endfacet
  facet normal 0 0 -1
    outer loop
      vertex -15.175055710554505 -11.45663778739038 30
      vertex -15.175055710554505 6.456637787390378 30
      vertex -15.027752092215696 -11.544928178470546 30
    endloop
  endfacet
  facet normal 0 0 -1
    outer loop
      vertex -15.330303993361094 -11.383210818105248 30
      vertex -15.175055710554505 6.456637787390378 30
      vertex -15.175055710554505 -11.45663778739038 30
    endloop
  endfacet
  facet normal 0 0 -1
    outer loop
      vertex -14.889811752713621 -11.64723170661521 30
      vertex -15.027752092215696 -11.544928178470546 30
      vertex -15.027752092215696 6.5449281784705455 30
    endloop
  endfacet
  facet normal 0 0 -1
    outer loop
      vertex -14.889811752713621 -11.64723170661521 30
      vertex -14.762563132923542 6.762563132923542 30
      vertex -14.762563132923542 -11.762563132923542 30
    endloop
  endfacet
  facet normal 0 0 -1
    outer loop
      vertex -14.762563132923542 -11.762563132923542 30
      vertex -14.762563132923542 6.762563132923542 30
      vertex -14.64723170661521 -11.889811752713621 30
    endloop
  endfacet
  facet normal 0 0 -1
    outer loop
      vertex -14.64723170661521 -11.889811752713621 30
      vertex -14.64723170661521 6.88981175271362 30
      vertex -14.544928178470546 -12.027752092215696 30
    endloop
  endfacet
  facet normal 0 0 -1
    outer loop
      vertex -14.45663778739038 -12.175055710554505 30
      vertex -14.544928178470546 -12.027752092215696 30
      vertex -14.544928178470546 7.027752092215696 30
    endloop
  endfacet
  facet normal 0 0 -1
    outer loop
      vertex -14.383210818105248 -12.330303993361094 30
      vertex -14.45663778739038 -12.175055710554505 30
      vertex -14.383210818105248 7.330303993361093 30
    endloop
  endfacet
  facet normal 0 0 -1
    outer loop
      vertex -12.85 -33 30
      vertex -14.25 -13 30
      vertex -12.85 19 30
    endloop
  endfacet
  facet normal 0 0 -1
    outer loop
      vertex -14.383210818105248 -12.330303993361094 30
      vertex -14.383210818105248 7.330303993361093 30
      vertex -14.325354412468634 -12.492001814804691 30
    endloop
  endfacet
  facet normal 0 0 -1
    outer loop
      vertex -14.325354412468634 -12.492001814804691 30
      vertex -14.283625759294347 7.658591936471775 30
      vertex -14.283625759294347 -12.658591936471776 30
    endloop
  endfacet
  facet normal 0 0 -1
    outer loop
      vertex -14.258426728323656 -12.828470004423268 30
      vertex -14.283625759294347 -12.658591936471776 30
      vertex -14.283625759294347 7.658591936471775 30
    endloop
  endfacet
  facet normal 0 0 -1
    outer loop
      vertex -14.25 -13 30
      vertex -14.258426728323656 -12.828470004423268 30
      vertex -12.85 19 30
    endloop
  endfacet
  facet normal 0 1 0
    outer loop
      vertex -19 -35 30
      vertex -10.85 -35 26.4
      vertex 19 -35 0
    endloop
  endfacet
  facet normal 0 0 -1
    outer loop
      vertex -10.85 -33 30
      vertex -4.9 -24.400000000000002 30
      vertex -4.9 -29.6 30
    endloop
  endfacet
  facet normal 0 0 -1
    outer loop
      vertex -10.85 -33 30
      vertex -4.9 -29.6 30
      vertex 4.9 -29.6 30
    endloop
  endfacet
  facet normal 0 0 -1
    outer loop
      vertex -10.85 -33 30
      vertex 3.5 -1 30
      vertex -4.9 -24.400000000000002 30
    endloop
  endfacet
  facet normal 0 0 -1
    outer loop
      vertex -10.85 -33 30
      vertex -6.471177920604846 -1.2926354830241924 30
      vertex -6.435410503598313 -1.4354270158816935 30
    endloop
  endfacet
  facet normal 0 0 -1
    outer loop
      vertex -10.85 -33 30
      vertex -6.492777090008295 -1.1470257104943409 30
      vertex -6.471177920604846 -1.2926354830241924 30
    endloop
  endfacet
  facet normal 0 0 -1
    outer loop
      vertex -10.85 -33 30
      vertex -6.5 -1 30
      vertex -6.492777090008295 -1.1470257104943409 30
    endloop
  endfacet
  facet normal 0 0 -1
    outer loop
      vertex -10.85 -33 30
      vertex -6.322881896522532 -1.7070951052389964 30
      vertex -6.247204418453817 -1.8333553495294033 30
    endloop
  endfacet
  facet normal 0 0 -1
    outer loop
      vertex -10.85 -33 30
      vertex -6.247204418453817 -1.8333553495294033 30
      vertex -6.159515680044105 -1.9515899262454681 30
    endloop
  endfacet
  facet normal 0 0 -1
    outer loop
      vertex -10.85 -33 30
      vertex -6.159515680044105 -1.9515899262454681 30
      vertex -6.060660171779821 -2.0606601717798214 30
    endloop
  endfacet
  facet normal 0 0 -1
    outer loop
      vertex -10.85 -33 30
      vertex -6.060660171779821 -2.0606601717798214 30
      vertex -5.951589926245468 -2.1595156800441053 30
    endloop
  endfacet
  facet normal 0 0 -1
    outer loop
      vertex -10.85 -33 30
      vertex -6.435410503598313 -1.4354270158816935 30
      vertex -6.38581929876693 -1.5740251485476346 30
    endloop
  endfacet
  facet normal 0 0 -1
    outer loop
      vertex -10.85 -33 30
      vertex -6.38581929876693 -1.5740251485476346 30
      vertex -6.322881896522532 -1.7070951052389964 30
    endloop
  endfacet
  facet normal 0 0 -1
    outer loop
      vertex -10.85 -33 30
      vertex -5.951589926245468 -2.1595156800441053 30
      vertex -5.833355349529404 -2.247204418453818 30
    endloop
  endfacet
  facet normal 0 0 -1
    outer loop
      vertex -10.85 -33 30
      vertex -5.833355349529404 -2.247204418453818 30
      vertex -5.707095105238997 -2.3228818965225324 30
    endloop
  endfacet
  facet normal 0 0 -1
    outer loop
      vertex -10.85 -33 30
      vertex -5.707095105238997 -2.3228818965225324 30
      vertex -5.574025148547634 -2.38581929876693 30
    endloop
  endfacet
  facet normal 0 0 -1
    outer loop
      vertex -10.85 -33 30
      vertex -5.574025148547634 -2.38581929876693 30
      vertex -5.435427015881693 -2.4354105035983133 30
    endloop
  endfacet
  facet normal 0 0 -1
    outer loop
      vertex -10.85 -33 30
      vertex -5.435427015881693 -2.4354105035983133 30
      vertex -5.292635483024192 -2.4711779206048456 30
    endloop
  endfacet
  facet normal 0 0 -1
    outer loop
      vertex -10.85 -33 30
      vertex -5.292635483024192 -2.4711779206048456 30
      vertex -5.147025710494341 -2.4927770900082953 30
    endloop
  endfacet
  facet normal 0 0 -1
    outer loop
      vertex -10.85 -33 30
      vertex -5.147025710494341 -2.4927770900082953 30
      vertex -5 -2.5 30
    endloop
  endfacet
  facet normal 0 0 -1
    outer loop
      vertex -10.85 -33 30
      vertex -5 -2.5 30
      vertex -4.852974289505659 -2.4927770900082953 30
    endloop
  endfacet
  facet normal 0 0 -1
    outer loop
      vertex -10.85 -33 30
      vertex -4.852974289505659 -2.4927770900082953 30
      vertex -4.707364516975808 -2.4711779206048456 30
    endloop
  endfacet
  facet normal 0 0 -1
    outer loop
      vertex -10.85 -33 30
      vertex -4.707364516975808 -2.4711779206048456 30
      vertex -4.564572984118307 -2.4354105035983133 30
    endloop
  endfacet
  facet normal 0 0 -1
    outer loop
      vertex -10.85 -33 30
      vertex -4.564572984118307 -2.4354105035983133 30
      vertex -4.425974851452366 -2.38581929876693 30
    endloop
  endfacet
  facet normal 0 0 -1
    outer loop
      vertex -10.85 -33 30
      vertex -4.425974851452366 -2.38581929876693 30
      vertex -4.292904894761003 -2.3228818965225324 30
    endloop
  endfacet
  facet normal 0 0 -1
    outer loop
      vertex -10.85 -33 30
      vertex -4.292904894761003 -2.3228818965225324 30
      vertex -4.166644650470596 -2.247204418453818 30
    endloop
  endfacet
  facet normal 0 0 -1
    outer loop
      vertex -10.85 -33 30
      vertex -4.166644650470596 -2.247204418453818 30
      vertex -4.048410073754532 -2.1595156800441053 30
    endloop
  endfacet
  facet normal 0 0 -1
    outer loop
      vertex -10.85 -33 30
      vertex -4.048410073754532 -2.1595156800441053 30
      vertex -3.9393398282201786 -2.0606601717798214 30
    endloop
  endfacet
  facet normal 0 0 -1
    outer loop
      vertex -10.85 -33 30
      vertex -3.9393398282201786 -2.0606601717798214 30
      vertex -3.8404843199558947 -1.9515899262454681 30
    endloop
  endfacet
  facet normal 0 0 -1
    outer loop
      vertex -10.85 -33 30
      vertex -3.8404843199558947 -1.9515899262454681 30
      vertex -3.752795581546182 -1.8333553495294033 30
    endloop
  endfacet
  facet normal 0 0 -1
    outer loop
      vertex -10.85 -33 30
      vertex -3.752795581546182 -1.8333553495294033 30
      vertex -3.6771181034774676 -1.7070951052389964 30
    endloop
  endfacet
  facet normal 0 0 -1
    outer loop
      vertex -10.85 -33 30
      vertex -3.6771181034774676 -1.7070951052389964 30
      vertex -3.61418070123307 -1.5740251485476346 30
    endloop
  endfacet
  facet normal 0 0 -1
    outer loop
      vertex -10.85 -33 30
      vertex -3.61418070123307 -1.5740251485476346 30
      vertex -3.5645894964016867 -1.4354270158816935 30
    endloop
  endfacet
  facet normal 0 0 -1
    outer loop
      vertex -10.85 -33 30
      vertex -3.5645894964016867 -1.4354270158816935 30
      vertex -3.5288220793951544 -1.2926354830241924 30
    endloop
  endfacet
  facet normal 0 0 -1
    outer loop
      vertex -10.85 -33 30
      vertex -10.85 19 30
      vertex -6.5 -1 30
    endloop
  endfacet
  facet normal 0 0 -1
    outer loop
      vertex -10.85 -33 30
      vertex 3.5072229099917047 -0.8529742895056591 30
      vertex 3.5 -1 30
    endloop
  endfacet
  facet normal 0 0 -1
    outer loop
      vertex -10.85 -33 30
      vertex 3.5288220793951544 -0.7073645169758076 30
      vertex 3.5072229099917047 -0.8529742895056591 30
    endloop
  endfacet
  facet normal 0 0 -1
    outer loop
      vertex -10.85 -33 30
      vertex 3.5645894964016867 -0.5645729841183065 30
      vertex 3.5288220793951544 -0.7073645169758076 30
    endloop
  endfacet
  facet normal 0 0 -1
    outer loop
      vertex -10.85 -33 30
      vertex 3.61418070123307 -0.42597485145236536 30
      vertex 3.5645894964016867 -0.5645729841183065 30
    endloop
  endfacet
  facet normal 0 0 -1
    outer loop
      vertex -10.85 -33 30
      vertex -3.5288220793951544 -1.2926354830241924 30
      vertex 10.85 19 30
    endloop
  endfacet
  facet normal 1 0 0
    outer loop
      vertex -21 -33 0
      vertex -21 33 0
      vertex -21 33 30
    endloop
  endfacet
  facet normal 0.9987954563973426 -0.0490676704157047 0
    outer loop
      vertex -21 33 0
      vertex -20.990369454026222 33.19603428244591 0
      vertex -20.990369454026222 33.19603428244591 30
    endloop
  endfacet
  facet normal 0.9891765097240051 -0.14673047607854156 0
    outer loop
      vertex -20.990369454026222 33.19603428244591 0
      vertex -20.96157056093216 33.3901806473732 0
      vertex -20.96157056093216 33.3901806473732 30
    endloop
  endfacet
  facet normal 0.970031249228454 -0.24298019573678306 0
    outer loop
      vertex -20.96157056093216 33.3901806473732 0
      vertex -20.913880668580532 33.580569356679916 0
      vertex -20.913880668580532 33.580569356679916 30
    endloop
  endfacet
  facet normal 0.9415440748392879 -0.33688982640476 0
    outer loop
      vertex -20.913880668580532 33.580569356679916 0
      vertex -20.847759068012238 33.76536686718464 0
      vertex -20.847759068012238 33.76536686718464 30
    endloop
  endfacet
  facet normal 0.9039892885496102 -0.42755510310083966 0
    outer loop
      vertex -20.847759068012238 33.76536686718464 0
      vertex -20.763842530548573 33.94279347360134 0
      vertex -20.763842530548573 33.94279347360134 30
    endloop
  endfacet
  facet normal 0.8577286153979926 -0.5141027351876691 0
    outer loop
      vertex -20.763842530548573 33.94279347360134 0
      vertex -20.662939228117466 34.111140467226505 0
      vertex -20.662939228117466 34.111140467226505 30
    endloop
  endfacet
  facet normal 0.8032075356003305 -0.5956992989376801 0
    outer loop
      vertex -20.662939228117466 34.111140467226505 0
      vertex -20.546020910143852 34.26878657191992 0
      vertex -20.546020910143852 34.26878657191992 30
    endloop
  endfacet
  facet normal 0.7409510994850822 -0.671558983390028 0
    outer loop
      vertex -20.546020910143852 34.26878657191992 0
      vertex -20.414213560521603 34.4142135605216 0
      vertex -20.414213560521603 34.4142135605216 30
    endloop
  endfacet
  facet normal 0.671558983390028 -0.7409510994850822 0
    outer loop
      vertex -20.414213560521603 34.4142135605216 0
      vertex -20.268786571919918 34.54602091014385 0
      vertex -20.268786571919918 34.54602091014385 30
    endloop
  endfacet
  facet normal 0.5956992989376801 -0.8032075356003305 0
    outer loop
      vertex -20.268786571919918 34.54602091014385 0
      vertex -20.111140467226505 34.662939228117466 0
      vertex -20.111140467226505 34.662939228117466 30
    endloop
  endfacet
  facet normal 0.5141027351876691 -0.8577286153979926 0
    outer loop
      vertex -20.111140467226505 34.662939228117466 0
      vertex -19.94279347360134 34.76384253054857 0
      vertex -19.94279347360134 34.76384253054857 30
    endloop
  endfacet
  facet normal 0.42755510310083966 -0.9039892885496102 0
    outer loop
      vertex -19.94279347360134 34.76384253054857 0
      vertex -19.76536686718464 34.84775906801224 0
      vertex -19.76536686718464 34.84775906801224 30
    endloop
  endfacet
  facet normal 0.33688982640476 -0.9415440748392879 0
    outer loop
      vertex -19.76536686718464 34.84775906801224 0
      vertex -19.580569356679916 34.91388066858053 0
      vertex -19.580569356679916 34.91388066858053 30
    endloop
  endfacet
  facet normal 0.24298019573678306 -0.970031249228454 0
    outer loop
      vertex -19.580569356679916 34.91388066858053 0
      vertex -19.3901806473732 34.96157056093216 0
      vertex -19.3901806473732 34.96157056093216 30
    endloop
  endfacet
  facet normal 0.14673047607854156 -0.9891765097240051 0
    outer loop
      vertex -19.3901806473732 34.96157056093216 0
      vertex -19.196034282445908 34.99036945402622 0
      vertex -19.196034282445908 34.99036945402622 30
    endloop
  endfacet
  facet normal 0.0490676704157047 -0.9987954563973426 0
    outer loop
      vertex -19.196034282445908 34.99036945402622 0
      vertex -19 35 0
      vertex -19 35 30
    endloop
  endfacet
  facet normal 0 0 -1
    outer loop
      vertex -17.674645587531366 -12.492001814804691 30
      vertex -17.674645587531366 7.492001814804691 30
      vertex -17.616789181894752 7.330303993361093 30
    endloop
  endfacet
  facet normal 0 0 -1
    outer loop
      vertex -17.741573271676344 -12.828470004423268 30
      vertex -17.75 8 30
      vertex -17.741573271676344 7.828470004423269 30
    endloop
  endfacet
  facet normal 0 0 -1
    outer loop
      vertex -17.741573271676344 -12.828470004423268 30
      vertex -17.741573271676344 7.828470004423269 30
      vertex -17.716374240705655 7.658591936471775 30
    endloop
  endfacet
  facet normal 0 0 -1
    outer loop
      vertex -17.674645587531366 -12.492001814804691 30
      vertex -17.716374240705655 7.658591936471775 30
      vertex -17.674645587531366 7.492001814804691 30
    endloop
  endfacet
  facet normal 0 0 -1
    outer loop
      vertex -17.543362212609622 -12.175055710554505 30
      vertex -17.616789181894752 7.330303993361093 30
      vertex -17.543362212609622 7.1750557105545045 30
    endloop
  endfacet
  facet normal 0 0 -1
    outer loop
      vertex -17.455071821529454 -12.027752092215696 30
      vertex -17.543362212609622 7.1750557105545045 30
      vertex -17.455071821529454 7.027752092215696 30
    endloop
  endfacet
  facet normal 0 0 -1
    outer loop
      vertex -17.35276829338479 -11.889811752713621 30
      vertex -17.455071821529454 7.027752092215696 30
      vertex -17.35276829338479 6.88981175271362 30
    endloop
  endfacet
  facet normal 0 0 -1
    outer loop
      vertex -17.237436867076458 -11.762563132923542 30
      vertex -17.35276829338479 6.88981175271362 30
      vertex -17.237436867076458 6.762563132923542 30
    endloop
  endfacet
  facet normal 0 0 -1
    outer loop
      vertex -17.75 -13 30
      vertex -18.869636760033078 31.286307555315897 30
      vertex -17.75 8 30
    endloop
  endfacet
  facet normal 0 0 -1
    outer loop
      vertex -20.990369454026222 -33.19603428244591 30
      vertex -21 33 30
      vertex -20.990369454026222 33.19603428244591 30
    endloop
  endfacet
  facet normal 0 0 -1
    outer loop
      vertex -20.96157056093216 -33.3901806473732 30
      vertex -20.990369454026222 33.19603428244591 30
      vertex -20.96157056093216 33.3901806473732 30
    endloop
  endfacet
  facet normal 0 0 -1
    outer loop
      vertex -20.913880668580532 -33.580569356679916 30
      vertex -20.96157056093216 33.3901806473732 30
      vertex -20.913880668580532 33.580569356679916 30
    endloop
  endfacet
  facet normal 0 0 -1
    outer loop
      vertex -20.847759068012238 -33.76536686718464 30
      vertex -20.913880668580532 33.580569356679916 30
      vertex -20.847759068012238 33.76536686718464 30
    endloop
  endfacet
  facet normal 0 0 -1
    outer loop
      vertex -20.763842530548573 -33.94279347360134 30
      vertex -20.847759068012238 33.76536686718464 30
      vertex -20.763842530548573 33.94279347360134 30
    endloop
  endfacet
  facet normal 0 0 -1
    outer loop
      vertex -20.662939228117466 -34.111140467226505 30
      vertex -20.763842530548573 33.94279347360134 30
      vertex -20.662939228117466 34.111140467226505 30
    endloop
  endfacet
  facet normal 0 0 -1
    outer loop
      vertex -20.546020910143852 -34.26878657191992 30
      vertex -20.662939228117466 34.111140467226505 30
      vertex -20.546020910143852 34.26878657191992 30
    endloop
  endfacet
  facet normal 0 0 -1
    outer loop
      vertex -20.414213560521603 -34.4142135605216 30
      vertex -20.546020910143852 34.26878657191992 30
      vertex -20.414213560521603 34.4142135605216 30
    endloop
  endfacet
  facet normal 0 0 -1
    outer loop
      vertex -20.268786571919918 -34.54602091014385 30
      vertex -20.414213560521603 34.4142135605216 30
      vertex -20.268786571919918 34.54602091014385 30
    endloop
  endfacet
  facet normal 0 0 -1
    outer loop
      vertex -20.111140467226505 -34.662939228117466 30
      vertex -20.268786571919918 34.54602091014385 30
      vertex -20.111140467226505 34.662939228117466 30
    endloop
  endfacet
  facet normal 0 0 -1
    outer loop
      vertex -19.94279347360134 -34.76384253054857 30
      vertex -20.111140467226505 34.662939228117466 30
      vertex -19.94279347360134 34.76384253054857 30
    endloop
  endfacet
  facet normal 0 0 -1
    outer loop
      vertex -19.039364474075196 -31.569481138589275 30
      vertex -19.076557877698736 31.67342973808873 30
      vertex -19.039364474075196 31.569481138589275 30
    endloop
  endfacet
  facet normal 0 0 -1
    outer loop
      vertex -19.039364474075196 -31.569481138589275 30
      vertex -19.103383440453634 31.780523387731854 30
      vertex -19.076557877698736 31.67342973808873 30
    endloop
  endfacet
  facet normal 0 0 -1
    outer loop
      vertex -19.039364474075196 -31.569481138589275 30
      vertex -19.125 32 30
      vertex -19.11958281750622 31.889730717129243 30
    endloop
  endfacet
  facet normal 0 0 -1
    outer loop
      vertex -19.039364474075196 -31.569481138589275 30
      vertex -19.11958281750622 31.889730717129243 30
      vertex -19.103383440453634 31.780523387731854 30
    endloop
  endfacet
  facet normal 0 0 -1
    outer loop
      vertex -19.039364474075196 -31.569481138589275 30
      vertex -19.039364474075196 31.569481138589275 30
      vertex -18.9921614223919 31.469678671070753 30
    endloop
  endfacet
  facet normal 0 0 -1
    outer loop
      vertex -19.76536686718464 -34.84775906801224 30
      vertex -19.94279347360134 34.76384253054857 30
      vertex -19.76536686718464 34.84775906801224 30
    endloop
  endfacet
  facet normal 0 0 -1
    outer loop
      vertex -19.580569356679916 -34.91388066858053 30
      vertex -19.76536686718464 34.84775906801224 30
      vertex -19.580569356679916 34.91388066858053 30
    endloop
  endfacet
  facet normal 0 0 -1
    outer loop
      vertex -19.3901806473732 -34.96157056093216 30
      vertex -19.580569356679916 34.91388066858053 30
      vertex -19.3901806473732 34.96157056093216 30
    endloop
  endfacet
  facet normal 0 0 -1
    outer loop
      vertex -19.196034282445908 -34.99036945402622 30
      vertex -19.3901806473732 34.96157056093216 30
      vertex -19.196034282445908 34.99036945402622 30
    endloop
  endfacet
  facet normal 0 0 -1
    outer loop
      vertex -19.196034282445908 34.99036945402622 30
      vertex -19.125 32 30
      vertex -19.039364474075196 -31.569481138589275 30
    endloop
  endfacet
  facet normal 0 0 -1
    outer loop
      vertex -17.75 8 30
      vertex -18.795495128834865 31.204504871165135 30
      vertex -17.741573271676344 8.171529995576732 30
    endloop
  endfacet
  facet normal 0 0 -1
    outer loop
      vertex -17.741573271676344 8.171529995576732 30
      vertex -18.795495128834865 31.204504871165135 30
      vertex -17.716374240705655 8.341408063528224 30
    endloop
  endfacet
  facet normal 0 0 -1
    outer loop
      vertex -17.716374240705655 8.341408063528224 30
      vertex -18.795495128834865 31.204504871165135 30
      vertex -17.674645587531366 8.507998185195309 30
    endloop
  endfacet
  facet normal 0 0 -1
    outer loop
      vertex -17.674645587531366 8.507998185195309 30
      vertex -18.795495128834865 31.204504871165135 30
      vertex -17.616789181894752 8.669696006638906 30
    endloop
  endfacet
  facet normal 0 0 -1
    outer loop
      vertex -17.75 -13 30
      vertex -18.9921614223919 31.469678671070753 30
      vertex -18.935403313840364 31.374983487852948 30
    endloop
  endfacet
  facet normal 0 0 -1
    outer loop
      vertex -17.75 -13 30
      vertex -18.935403313840364 31.374983487852948 30
      vertex -18.869636760033078 31.286307555315897 30
    endloop
  endfacet
  facet normal 0 0 -1
    outer loop
      vertex -17.616789181894752 8.669696006638906 30
      vertex -18.795495128834865 31.204504871165135 30
      vertex -17.543362212609622 8.824944289445495 30
    endloop
  endfacet
  facet normal 0 0 -1
    outer loop
      vertex -17.543362212609622 8.824944289445495 30
      vertex -18.713692444684103 31.130363239966922 30
      vertex -17.455071821529454 8.972247907784304 30
    endloop
  endfacet
  facet normal 0 0 -1
    outer loop
      vertex -17.455071821529454 8.972247907784304 30
      vertex -18.713692444684103 31.130363239966922 30
      vertex -17.35276829338479 9.110188247286379 30
    endloop
  endfacet
  facet normal 0 0 -1
    outer loop
      vertex -17.35276829338479 9.110188247286379 30
      vertex -18.713692444684103 31.130363239966922 30
      vertex -17.237436867076458 9.237436867076458 30
    endloop
  endfacet
  facet normal 0 0 -1
    outer loop
      vertex -17.237436867076458 9.237436867076458 30
      vertex -18.713692444684103 31.130363239966922 30
      vertex -17.11018824728638 9.35276829338479 30
    endloop
  endfacet
  facet normal 0 0 -1
    outer loop
      vertex -17.11018824728638 9.35276829338479 30
      vertex -18.713692444684103 31.130363239966922 30
      vertex -16.972247907784304 9.455071821529454 30
    endloop
  endfacet
  facet normal 0 0 -1
    outer loop
      vertex -16.972247907784304 9.455071821529454 30
      vertex -18.625016512147052 31.064596686159636 30
      vertex -16.824944289445497 9.54336221260962 30
    endloop
  endfacet
  facet normal 0 0 -1
    outer loop
      vertex -16.824944289445497 9.54336221260962 30
      vertex -18.625016512147052 31.064596686159636 30
      vertex -16.669696006638908 9.616789181894752 30
    endloop
  endfacet
  facet normal 0 0 -1
    outer loop
      vertex -16.669696006638908 9.616789181894752 30
      vertex -18.625016512147052 31.064596686159636 30
      vertex -16.50799818519531 9.674645587531366 30
    endloop
  endfacet
  facet normal 0 0 -1
    outer loop
      vertex -16.972247907784304 -11.544928178470546 30
      vertex -17.11018824728638 6.6472317066152105 30
      vertex -16.972247907784304 6.5449281784705455 30
    endloop
  endfacet
  facet normal 0 0 -1
    outer loop
      vertex -17.11018824728638 -11.64723170661521 30
      vertex -17.237436867076458 6.762563132923542 30
      vertex -17.11018824728638 6.6472317066152105 30
    endloop
  endfacet
  facet normal 0 0 -1
    outer loop
      vertex -16.824944289445497 -11.45663778739038 30
      vertex -16.972247907784304 6.5449281784705455 30
      vertex -16.824944289445497 6.456637787390378 30
    endloop
  endfacet
  facet normal 0 0 -1
    outer loop
      vertex -16.669696006638908 -11.383210818105248 30
      vertex -16.824944289445497 6.456637787390378 30
      vertex -16.669696006638908 6.3832108181052485 30
    endloop
  endfacet
  facet normal 0 0 -1
    outer loop
      vertex -16.50799818519531 -11.325354412468634 30
      vertex -16.669696006638908 6.3832108181052485 30
      vertex -16.50799818519531 6.325354412468634 30
    endloop
  endfacet
  facet normal 0 0 -1
    outer loop
      vertex -16.341408063528224 -11.283625759294347 30
      vertex -16.50799818519531 6.325354412468634 30
      vertex -16.341408063528224 6.283625759294347 30
    endloop
  endfacet
  facet normal 0 0 -1
    outer loop
      vertex -16.17152999557673 -11.258426728323656 30
      vertex -16.341408063528224 6.283625759294347 30
      vertex -16.17152999557673 6.258426728323656 30
    endloop
  endfacet
  facet normal 0 0 -1
    outer loop
      vertex -16 -11.25 30
      vertex -16.17152999557673 6.258426728323656 30
      vertex -16 6.25 30
    endloop
  endfacet
  facet normal 0 0 -1
    outer loop
      vertex -15.828470004423268 -11.258426728323656 30
      vertex -16 6.25 30
      vertex -15.828470004423268 6.258426728323656 30
    endloop
  endfacet
  facet normal 0 0 -1
    outer loop
      vertex -15.658591936471776 -11.283625759294347 30
      vertex -15.828470004423268 6.258426728323656 30
      vertex -15.658591936471776 6.283625759294347 30
    endloop
  endfacet
  facet normal 0 0 -1
    outer loop
      vertex -15.492001814804691 -11.325354412468634 30
      vertex -15.658591936471776 6.283625759294347 30
      vertex -15.492001814804691 6.325354412468634 30
    endloop
  endfacet
  facet normal 0 0 -1
    outer loop
      vertex -15.330303993361094 -11.383210818105248 30
      vertex -15.492001814804691 6.325354412468634 30
      vertex -15.330303993361094 6.3832108181052485 30
    endloop
  endfacet
  facet normal 0 0 -1
    outer loop
      vertex -15.330303993361094 -11.383210818105248 30
      vertex -15.330303993361094 6.3832108181052485 30
      vertex -15.175055710554505 6.456637787390378 30
    endloop
  endfacet
  facet normal 0 0 -1
    outer loop
      vertex -15.027752092215696 -11.544928178470546 30
      vertex -15.175055710554505 6.456637787390378 30
      vertex -15.027752092215696 6.5449281784705455 30
    endloop
  endfacet
  facet normal 0 0 -1
    outer loop
      vertex -14.889811752713621 -11.64723170661521 30
      vertex -15.027752092215696 6.5449281784705455 30
      vertex -14.889811752713621 6.6472317066152105 30
    endloop
  endfacet
  facet normal 0 0 -1
    outer loop
      vertex -14.889811752713621 -11.64723170661521 30
      vertex -14.889811752713621 6.6472317066152105 30
      vertex -14.762563132923542 6.762563132923542 30
    endloop
  endfacet
  facet normal 0 0 -1
    outer loop
      vertex -14.64723170661521 -11.889811752713621 30
      vertex -14.762563132923542 6.762563132923542 30
      vertex -14.64723170661521 6.88981175271362 30
    endloop
  endfacet
  facet normal 0 0 -1
    outer loop
      vertex -14.544928178470546 -12.027752092215696 30
      vertex -14.64723170661521 6.88981175271362 30
      vertex -14.544928178470546 7.027752092215696 30
    endloop
  endfacet
  facet normal 0 0 -1
    outer loop
      vertex -14.45663778739038 -12.175055710554505 30
      vertex -14.544928178470546 7.027752092215696 30
      vertex -14.45663778739038 7.1750557105545045 30
    endloop
  endfacet
  facet normal 0 0 -1
    outer loop
      vertex -14.45663778739038 -12.175055710554505 30
      vertex -14.45663778739038 7.1750557105545045 30
      vertex -14.383210818105248 7.330303993361093 30
    endloop
  endfacet
  facet normal 0 0 -1
    outer loop
      vertex -14.325354412468634 -12.492001814804691 30
      vertex -14.383210818105248 7.330303993361093 30
      vertex -14.325354412468634 7.492001814804691 30
    endloop
  endfacet
  facet normal 0 0 -1
    outer loop
      vertex -14.325354412468634 -12.492001814804691 30
      vertex -14.325354412468634 7.492001814804691 30
      vertex -14.283625759294347 7.658591936471775 30
    endloop
  endfacet
  facet normal 0 0 -1
    outer loop
      vertex -14.258426728323656 -12.828470004423268 30
      vertex -14.283625759294347 7.658591936471775 30
      vertex -14.258426728323656 7.828470004423269 30
    endloop
  endfacet
  facet normal 0 0 -1
    outer loop
      vertex -14.258426728323656 -12.828470004423268 30
      vertex -14.258426728323656 7.828470004423269 30
      vertex -12.85 19 30
    endloop
  endfacet
  facet normal 0 0 -1
    outer loop
      vertex -16.50799818519531 9.674645587531366 30
      vertex -18.530321328929247 31.0078385776081 30
      vertex -16.341408063528224 9.716374240705653 30
    endloop
  endfacet
  facet normal 0 0 -1
    outer loop
      vertex -16.341408063528224 9.716374240705653 30
      vertex -18.530321328929247 31.0078385776081 30
      vertex -16.17152999557673 9.741573271676344 30
    endloop
  endfacet
  facet normal 0 0 -1
    outer loop
      vertex -16.17152999557673 9.741573271676344 30
      vertex -18.430518861410725 30.960635525924804 30
      vertex -16 9.75 30
    endloop
  endfacet
  facet normal 0 0 -1
    outer loop
      vertex -16 9.75 30
      vertex -18.430518861410725 30.960635525924804 30
      vertex -15.828470004423268 9.741573271676344 30
    endloop
  endfacet
  facet normal 0 0 -1
    outer loop
      vertex -15.828470004423268 9.741573271676344 30
      vertex -18.430518861410725 30.960635525924804 30
      vertex -15.658591936471776 9.716374240705653 30
    endloop
  endfacet
  facet normal 0 0 -1
    outer loop
      vertex -15.492001814804691 9.674645587531366 30
      vertex -18.32657026191127 30.923442122301264 30
      vertex -15.330303993361094 9.616789181894752 30
    endloop
  endfacet
  facet normal 0 0 -1
    outer loop
      vertex -15.330303993361094 9.616789181894752 30
      vertex -18.32657026191127 30.923442122301264 30
      vertex -15.175055710554505 9.54336221260962 30
    endloop
  endfacet
  facet normal 0 0 -1
    outer loop
      vertex -15.175055710554505 9.54336221260962 30
      vertex -18.32657026191127 30.923442122301264 30
      vertex -15.027752092215696 9.455071821529454 30
    endloop
  endfacet
  facet normal 0 0 -1
    outer loop
      vertex -15.658591936471776 9.716374240705653 30
      vertex -18.430518861410725 30.960635525924804 30
      vertex -15.492001814804691 9.674645587531366 30
    endloop
  endfacet
  facet normal 0 0 -1
    outer loop
      vertex -15.027752092215696 9.455071821529454 30
      vertex -18.32657026191127 30.923442122301264 30
      vertex -14.889811752713621 9.35276829338479 30
    endloop
  endfacet
  facet normal 0 0 -1
    outer loop
      vertex -14.762563132923542 9.237436867076458 30
      vertex -14.889811752713621 9.35276829338479 30
      vertex -18.32657026191127 30.923442122301264 30
    endloop
  endfacet
  facet normal 0 0 -1
    outer loop
      vertex -14.762563132923542 9.237436867076458 30
      vertex -18.219476612268146 30.896616559546366 30
      vertex -14.64723170661521 9.110188247286379 30
    endloop
  endfacet
  facet normal 0 0 -1
    outer loop
      vertex -14.383210818105248 8.669696006638906 30
      vertex -18.219476612268146 30.896616559546366 30
      vertex -14.325354412468634 8.507998185195309 30
    endloop
  endfacet
  facet normal 0 0 -1
    outer loop
      vertex -14.383210818105248 8.669696006638906 30
      vertex -14.45663778739038 8.824944289445495 30
      vertex -18.219476612268146 30.896616559546366 30
    endloop
  endfacet
  facet normal 0 0 -1
    outer loop
      vertex -14.64723170661521 9.110188247286379 30
      vertex -18.219476612268146 30.896616559546366 30
      vertex -14.544928178470546 8.972247907784304 30
    endloop
  endfacet
  facet normal 0 0 -1
    outer loop
      vertex -14.45663778739038 8.824944289445495 30
      vertex -14.544928178470546 8.972247907784304 30
      vertex -18.219476612268146 30.896616559546366 30
    endloop
  endfacet
  facet normal 0 0 -1
    outer loop
      vertex -14.258426728323656 7.828470004423269 30
      vertex -14.25 8 30
      vertex -12.85 19 30
    endloop
  endfacet
  facet normal 0 0 -1
    outer loop
      vertex -14.258426728323656 8.171529995576732 30
      vertex -14.283625759294347 8.341408063528224 30
      vertex -12.85 19 30
    endloop
  endfacet
  facet normal 0 0 -1
    outer loop
      vertex -14.25 8 30
      vertex -14.258426728323656 8.171529995576732 30
      vertex -12.85 19 30
    endloop
  endfacet
  facet normal 0 0 -1
    outer loop
      vertex -14.283625759294347 8.341408063528224 30
      vertex -14.325354412468634 8.507998185195309 30
      vertex -12.85 19 30
    endloop
  endfacet
  facet normal 0.9987954563973426 -0.0490676704157047 0
    outer loop
      vertex -21 33 0
      vertex -20.990369454026222 33.19603428244591 30
      vertex -21 33 30
    endloop
  endfacet
  facet normal 0.9891765097240051 -0.14673047607854156 0
    outer loop
      vertex -20.990369454026222 33.19603428244591 0
      vertex -20.96157056093216 33.3901806473732 30
      vertex -20.990369454026222 33.19603428244591 30
    endloop
  endfacet
  facet normal 0.970031249228454 -0.24298019573678306 0
    outer loop
      vertex -20.96157056093216 33.3901806473732 0
      vertex -20.913880668580532 33.580569356679916 30
      vertex -20.96157056093216 33.3901806473732 30
    endloop
  endfacet
  facet normal 0.9415440748392879 -0.33688982640476 0
    outer loop
      vertex -20.913880668580532 33.580569356679916 0
      vertex -20.847759068012238 33.76536686718464 30
      vertex -20.913880668580532 33.580569356679916 30
    endloop
  endfacet
  facet normal 0.9039892885496102 -0.42755510310083966 0
    outer loop
      vertex -20.847759068012238 33.76536686718464 0
      vertex -20.763842530548573 33.94279347360134 30
      vertex -20.847759068012238 33.76536686718464 30
    endloop
  endfacet
  facet normal 0.8577286153979926 -0.5141027351876691 0
    outer loop
      vertex -20.763842530548573 33.94279347360134 0
      vertex -20.662939228117466 34.111140467226505 30
      vertex -20.763842530548573 33.94279347360134 30
    endloop
  endfacet
  facet normal 0.8032075356003305 -0.5956992989376801 0
    outer loop
      vertex -20.662939228117466 34.111140467226505 0
      vertex -20.546020910143852 34.26878657191992 30
      vertex -20.662939228117466 34.111140467226505 30
    endloop
  endfacet
  facet normal 0.7409510994850822 -0.671558983390028 0
    outer loop
      vertex -20.546020910143852 34.26878657191992 0
      vertex -20.414213560521603 34.4142135605216 30
      vertex -20.546020910143852 34.26878657191992 30
    endloop
  endfacet
  facet normal 0.671558983390028 -0.7409510994850822 0
    outer loop
      vertex -20.414213560521603 34.4142135605216 0
      vertex -20.268786571919918 34.54602091014385 30
      vertex -20.414213560521603 34.4142135605216 30
    endloop
  endfacet
  facet normal 0.5956992989376801 -0.8032075356003305 0
    outer loop
      vertex -20.268786571919918 34.54602091014385 0
      vertex -20.111140467226505 34.662939228117466 30
      vertex -20.268786571919918 34.54602091014385 30
    endloop
  endfacet
  facet normal 0.5141027351876691 -0.8577286153979926 0
    outer loop
      vertex -20.111140467226505 34.662939228117466 0
      vertex -19.94279347360134 34.76384253054857 30
      vertex -20.111140467226505 34.662939228117466 30
    endloop
  endfacet
  facet normal 0.42755510310083966 -0.9039892885496102 0
    outer loop
      vertex -19.94279347360134 34.76384253054857 0
      vertex -19.76536686718464 34.84775906801224 30
      vertex -19.94279347360134 34.76384253054857 30
    endloop
  endfacet
  facet normal 0.33688982640476 -0.9415440748392879 0
    outer loop
      vertex -19.76536686718464 34.84775906801224 0
      vertex -19.580569356679916 34.91388066858053 30
      vertex -19.76536686718464 34.84775906801224 30
    endloop
  endfacet
  facet normal 0.24298019573678306 -0.970031249228454 0
    outer loop
      vertex -19.580569356679916 34.91388066858053 0
      vertex -19.3901806473732 34.96157056093216 30
      vertex -19.580569356679916 34.91388066858053 30
    endloop
  endfacet
  facet normal 0.14673047607854156 -0.9891765097240051 0
    outer loop
      vertex -19.3901806473732 34.96157056093216 0
      vertex -19.196034282445908 34.99036945402622 30
      vertex -19.3901806473732 34.96157056093216 30
    endloop
  endfacet
  facet normal 0.0490676704157047 -0.9987954563973426 0
    outer loop
      vertex -19.196034282445908 34.99036945402622 0
      vertex -19 35 30
      vertex -19.196034282445908 34.99036945402622 30
    endloop
  endfacet
  facet normal 0 0 -1
    outer loop
      vertex -17.75 8 30
      vertex -18.869636760033078 31.286307555315897 30
      vertex -18.795495128834865 31.204504871165135 30
    endloop
  endfacet
  facet normal 0 0 -1
    outer loop
      vertex -17.543362212609622 8.824944289445495 30
      vertex -18.795495128834865 31.204504871165135 30
      vertex -18.713692444684103 31.130363239966922 30
    endloop
  endfacet
  facet normal 0 0 -1
    outer loop
      vertex -16.972247907784304 9.455071821529454 30
      vertex -18.713692444684103 31.130363239966922 30
      vertex -18.625016512147052 31.064596686159636 30
    endloop
  endfacet
  facet normal 0 0 -1
    outer loop
      vertex -16.50799818519531 9.674645587531366 30
      vertex -18.625016512147052 31.064596686159636 30
      vertex -18.530321328929247 31.0078385776081 30
    endloop
  endfacet
  facet normal 0 0 -1
    outer loop
      vertex -16.17152999557673 9.741573271676344 30
      vertex -18.530321328929247 31.0078385776081 30
      vertex -18.430518861410725 30.960635525924804 30
    endloop
  endfacet
  facet normal 0 0 -1
    outer loop
      vertex -15.492001814804691 9.674645587531366 30
      vertex -18.430518861410725 30.960635525924804 30
      vertex -18.32657026191127 30.923442122301264 30
    endloop
  endfacet
  facet normal 0 0 -1
    outer loop
      vertex -19.196034282445908 34.99036945402622 30
      vertex -19.11958281750622 32.11026928287075 30
      vertex -19.125 32 30
    endloop
  endfacet
  facet normal 0 0 -1
    outer loop
      vertex -19.196034282445908 34.99036945402622 30
      vertex -19.103383440453634 32.219476612268146 30
      vertex -19.11958281750622 32.11026928287075 30
    endloop
  endfacet
  facet normal 0 0 -1
    outer loop
      vertex -19.196034282445908 34.99036945402622 30
      vertex -19.076557877698736 32.32657026191127 30
      vertex -19.103383440453634 32.219476612268146 30
    endloop
  endfacet
  facet normal 0 0 -1
    outer loop
      vertex -19.196034282445908 34.99036945402622 30
      vertex -19.039364474075196 32.430518861410725 30
      vertex -19.076557877698736 32.32657026191127 30
    endloop
  endfacet
  facet normal 0 0 -1
    outer loop
      vertex -19 35 30
      vertex -18.9921614223919 32.53032132892925 30
      vertex -19.039364474075196 32.430518861410725 30
    endloop
  endfacet
  facet normal 0 0 -1
    outer loop
      vertex -19 35 30
      vertex -18.935403313840364 32.625016512147056 30
      vertex -18.9921614223919 32.53032132892925 30
    endloop
  endfacet
  facet normal 0 0 -1
    outer loop
      vertex -19 35 30
      vertex -18.869636760033078 32.7136924446841 30
      vertex -18.935403313840364 32.625016512147056 30
    endloop
  endfacet
  facet normal 0 0 -1
    outer loop
      vertex -19 35 30
      vertex -18.795495128834865 32.795495128834865 30
      vertex -18.869636760033078 32.7136924446841 30
    endloop
  endfacet
  facet normal 0 0 -1
    outer loop
      vertex -19.196034282445908 34.99036945402622 30
      vertex -19 35 30
      vertex -19.039364474075196 32.430518861410725 30
    endloop
  endfacet
  facet normal 0 0 -1
    outer loop
      vertex -19 35 30
      vertex -18.713692444684103 32.86963676003308 30
      vertex -18.795495128834865 32.795495128834865 30
    endloop
  endfacet
  facet normal 0 0 -1
    outer loop
      vertex -19 35 30
      vertex -18.625016512147052 32.93540331384036 30
      vertex -18.713692444684103 32.86963676003308 30
    endloop
  endfacet
  facet normal 0 0 -1
    outer loop
      vertex -19 35 30
      vertex -18.530321328929247 32.9921614223919 30
      vertex -18.625016512147052 32.93540331384036 30
    endloop
  endfacet
  facet normal 0 0 -1
    outer loop
      vertex -19 35 30
      vertex -18.430518861410725 33.0393644740752 30
      vertex -18.530321328929247 32.9921614223919 30
    endloop
  endfacet
  facet normal 0 0 -1
    outer loop
      vertex -19 35 30
      vertex -18.32657026191127 33.07655787769873 30
      vertex -18.430518861410725 33.0393644740752 30
    endloop
  endfacet
  facet normal 0 0 -1
    outer loop
      vertex -19 35 30
      vertex -18.219476612268146 33.103383440453634 30
      vertex -18.32657026191127 33.07655787769873 30
    endloop
  endfacet
  facet normal 0 0 -1
    outer loop
      vertex -19 35 30
      vertex -18.110269282870757 33.11958281750622 30
      vertex -18.219476612268146 33.103383440453634 30
    endloop
  endfacet
  facet normal 0 0 -1
    outer loop
      vertex -19 35 30
      vertex -18 33.125 30
      vertex -18.110269282870757 33.11958281750622 30
    endloop
  endfacet
  facet normal 0 0 -1
    outer loop
      vertex -19 35 30
      vertex -17.889730717129243 33.11958281750622 30
      vertex -18 33.125 30
    endloop
  endfacet
  facet normal 0 0 -1
    outer loop
      vertex -19 35 30
      vertex -17.780523387731854 33.103383440453634 30
      vertex -17.889730717129243 33.11958281750622 30
    endloop
  endfacet
  facet normal 0 0 -1
    outer loop
      vertex -19 35 30
      vertex -17.67342973808873 33.07655787769873 30
      vertex -17.780523387731854 33.103383440453634 30
    endloop
  endfacet
  facet normal 0 0 -1
    outer loop
      vertex -19 35 30
      vertex -17.569481138589275 33.0393644740752 30
      vertex -17.67342973808873 33.07655787769873 30
    endloop
  endfacet
  facet normal 0 0 -1
    outer loop
      vertex -14.325354412468634 8.507998185195309 30
      vertex -18.219476612268146 30.896616559546366 30
      vertex -12.85 19 30
    endloop
  endfacet
  facet normal 0 0 -1
    outer loop
      vertex -14.762563132923542 9.237436867076458 30
      vertex -18.32657026191127 30.923442122301264 30
      vertex -18.219476612268146 30.896616559546366 30
    endloop
  endfacet
  facet normal 0 0 -1
    outer loop
      vertex -12.85 19 30
      vertex -18.219476612268146 30.896616559546366 30
      vertex -18.110269282870757 30.88041718249378 30
    endloop
  endfacet
  facet normal 0 0 -1
    outer loop
      vertex -12.85 19 30
      vertex -18.110269282870757 30.88041718249378 30
      vertex -18 30.875 30
    endloop
  endfacet
  facet normal 0 0 -1
    outer loop
      vertex -12.85 19 30
      vertex -18 30.875 30
      vertex -17.889730717129243 30.88041718249378 30
    endloop
  endfacet
  facet normal 0 0 -1
    outer loop
      vertex -12.85 19 30
      vertex -17.889730717129243 30.88041718249378 30
      vertex -17.780523387731854 30.896616559546366 30
    endloop
  endfacet
  facet normal 0 0 -1
    outer loop
      vertex -12.85 19 30
      vertex -17.780523387731854 30.896616559546366 30
      vertex -17.67342973808873 30.923442122301264 30
    endloop
  endfacet
  facet normal 0 0 -1
    outer loop
      vertex -12.85 19 30
      vertex -17.67342973808873 30.923442122301264 30
      vertex -17.569481138589275 30.960635525924804 30
    endloop
  endfacet
  facet normal 0 0 -1
    outer loop
      vertex -12.85 19 30
      vertex -17.569481138589275 30.960635525924804 30
      vertex -17.469678671070753 31.0078385776081 30
    endloop
  endfacet
  facet normal 0 0 -1
    outer loop
      vertex -12.85 19 30
      vertex -17.469678671070753 31.0078385776081 30
      vertex -17.374983487852948 31.064596686159636 30
    endloop
  endfacet
  facet normal 0 0 -1
    outer loop
      vertex -12.85 19 30
      vertex -17.374983487852948 31.064596686159636 30
      vertex -17.286307555315897 31.130363239966922 30
    endloop
  endfacet
  facet normal 0 0 -1
    outer loop
      vertex -12.85 19 30
      vertex -17.286307555315897 31.130363239966922 30
      vertex -17.204504871165135 31.204504871165135 30
    endloop
  endfacet
  facet normal 0 0 -1
    outer loop
      vertex -12.85 19 30
      vertex -17.204504871165135 31.204504871165135 30
      vertex -17.130363239966922 31.286307555315897 30
    endloop
  endfacet
  facet normal 0 0 -1
    outer loop
      vertex -12.85 19 30
      vertex -17.130363239966922 31.286307555315897 30
      vertex -17.064596686159636 31.374983487852948 30
    endloop
  endfacet
  facet normal 0 0 -1
    outer loop
      vertex -10.85 19 30
      vertex -17.064596686159636 31.374983487852948 30
      vertex -17.0078385776081 31.469678671070753 30
    endloop
  endfacet
  facet normal 0 0 -1
    outer loop
      vertex -10.85 19 30
      vertex -17.0078385776081 31.469678671070753 30
      vertex -16.960635525924804 31.569481138589275 30
    endloop
  endfacet
  facet normal 0 0 -1
    outer loop
      vertex -12.85 19 30
      vertex -17.064596686159636 31.374983487852948 30
      vertex -10.85 19 30
    endloop
  endfacet
  facet normal 0 0 -1
    outer loop
      vertex -10.85 19 30
      vertex -16.960635525924804 31.569481138589275 30
      vertex -8.978863808443554 20.21459935421774 30
    endloop
  endfacet
  facet normal 0 0 -1
    outer loop
      vertex -8.978863808443554 20.21459935421774 30
      vertex -16.960635525924804 31.569481138589275 30
      vertex -8.95263436930543 20.31931314497991 30
    endloop
  endfacet
  facet normal 0 0 -1
    outer loop
      vertex -8.95263436930543 20.31931314497991 30
      vertex -16.960635525924804 31.569481138589275 30
      vertex -8.916267485762416 20.420951775601598 30
    endloop
  endfacet
  facet normal 0 0 -1
    outer loop
      vertex -8.916267485762416 20.420951775601598 30
      vertex -16.960635525924804 31.569481138589275 30
      vertex -8.87011339078319 20.5185364105086 30
    endloop
  endfacet
  facet normal 0 0 -1
    outer loop
      vertex -8.87011339078319 20.5185364105086 30
      vertex -16.960635525924804 31.569481138589275 30
      vertex -8.8146165735328 20.611127256321563 30
    endloop
  endfacet
  facet normal 0 0 -1
    outer loop
      vertex -8.8146165735328 20.611127256321563 30
      vertex -16.960635525924804 31.569481138589275 30
      vertex -8.750311498699011 20.69783261258001 30
    endloop
  endfacet
  facet normal 0 0 -1
    outer loop
      vertex -8.95263436930543 24.68068685502009 30
      vertex -16.896616559546366 31.780523387731854 30
      vertex -8.978863808443554 24.78540064578226 30
    endloop
  endfacet
  facet normal 0 0 -1
    outer loop
      vertex -8.978863808443554 24.78540064578226 30
      vertex -16.896616559546366 31.780523387731854 30
      vertex -8.994703199339417 24.892181145637483 30
    endloop
  endfacet
  facet normal 0 0 -1
    outer loop
      vertex -8.87011339078319 24.4814635894914 30
      vertex -16.896616559546366 31.780523387731854 30
      vertex -8.916267485762416 24.579048224398402 30
    endloop
  endfacet
  facet normal 0 0 -1
    outer loop
      vertex -8.916267485762416 24.579048224398402 30
      vertex -16.896616559546366 31.780523387731854 30
      vertex -8.95263436930543 24.68068685502009 30
    endloop
  endfacet
  facet normal 0 0 -1
    outer loop
      vertex -8.8146165735328 24.388872743678437 30
      vertex -16.896616559546366 31.780523387731854 30
      vertex -8.87011339078319 24.4814635894914 30
    endloop
  endfacet
  facet normal 0 0 -1
    outer loop
      vertex -8.994703199339417 24.892181145637483 30
      vertex -16.896616559546366 31.780523387731854 30
      vertex -9 25 30
    endloop
  endfacet
  facet normal 0 0 -1
    outer loop
      vertex -9 25 30
      vertex -16.896616559546366 31.780523387731854 30
      vertex -8.994703199339417 25.107818854362517 30
    endloop
  endfacet
  facet normal 0 0 -1
    outer loop
      vertex -8.994703199339417 25.107818854362517 30
      vertex -16.896616559546366 31.780523387731854 30
      vertex -8.978863808443554 25.21459935421774 30
    endloop
  endfacet
  facet normal 0 0 -1
    outer loop
      vertex -8.978863808443554 25.21459935421774 30
      vertex -16.896616559546366 31.780523387731854 30
      vertex -8.95263436930543 25.31931314497991 30
    endloop
  endfacet
  facet normal 0 0 -1
    outer loop
      vertex -8.95263436930543 25.31931314497991 30
      vertex -16.896616559546366 31.780523387731854 30
      vertex -8.916267485762416 25.420951775601598 30
    endloop
  endfacet
  facet normal 0 0 -1
    outer loop
      vertex -8.916267485762416 25.420951775601598 30
      vertex -16.896616559546366 31.780523387731854 30
      vertex -8.87011339078319 25.5185364105086 30
    endloop
  endfacet
  facet normal 0 0 -1
    outer loop
      vertex -8.87011339078319 25.5185364105086 30
      vertex -16.896616559546366 31.780523387731854 30
      vertex -8.8146165735328 25.611127256321563 30
    endloop
  endfacet
  facet normal 0 0 -1
    outer loop
      vertex -8.916267485762416 29.579048224398402 30
      vertex -17.286307555315897 32.86963676003308 30
      vertex -17.374983487852948 32.93540331384036 30
    endloop
  endfacet
  facet normal 0 0 -1
    outer loop
      vertex -8.916267485762416 29.579048224398402 30
      vertex -17.204504871165135 32.795495128834865 30
      vertex -17.286307555315897 32.86963676003308 30
    endloop
  endfacet
  facet normal 0 0 -1
    outer loop
      vertex -8.916267485762416 29.579048224398402 30
      vertex -17.130363239966922 32.7136924446841 30
      vertex -17.204504871165135 32.795495128834865 30
    endloop
  endfacet
  facet normal 0 0 -1
    outer loop
      vertex -8.916267485762416 29.579048224398402 30
      vertex -17.469678671070753 32.9921614223919 30
      vertex -17.569481138589275 33.0393644740752 30
    endloop
  endfacet
  facet normal 0 0 -1
    outer loop
      vertex -8.916267485762416 29.579048224398402 30
      vertex -17.374983487852948 32.93540331384036 30
      vertex -17.469678671070753 32.9921614223919 30
    endloop
  endfacet
  facet normal 0 0 -1
    outer loop
      vertex -19 35 30
      vertex -8.916267485762416 29.579048224398402 30
      vertex -17.569481138589275 33.0393644740752 30
    endloop
  endfacet
  facet normal 0 0 -1
    outer loop
      vertex -16.923442122301264 31.67342973808873 30
      vertex -8.677817459305203 20.7778174593052 30
      vertex -16.960635525924804 31.569481138589275 30
    endloop
  endfacet
  facet normal 0 0 -1
    outer loop
      vertex -16.896616559546366 31.780523387731854 30
      vertex -8.677817459305203 20.7778174593052 30
      vertex -16.923442122301264 31.67342973808873 30
    endloop
  endfacet
  facet normal 0 0 -1
    outer loop
      vertex -8.916267485762416 29.579048224398402 30
      vertex -16.896616559546366 31.780523387731854 30
      vertex -16.88041718249378 31.889730717129243 30
    endloop
  endfacet
  facet normal 0 0 -1
    outer loop
      vertex -8.916267485762416 29.579048224398402 30
      vertex -16.88041718249378 31.889730717129243 30
      vertex -16.875 32 30
    endloop
  endfacet
  facet normal 0 0 -1
    outer loop
      vertex -8.916267485762416 29.579048224398402 30
      vertex -16.875 32 30
      vertex -16.88041718249378 32.11026928287075 30
    endloop
  endfacet
  facet normal 0 0 -1
    outer loop
      vertex -8.916267485762416 29.579048224398402 30
      vertex -16.88041718249378 32.11026928287075 30
      vertex -16.896616559546366 32.219476612268146 30
    endloop
  endfacet
  facet normal 0 0 -1
    outer loop
      vertex -8.916267485762416 29.579048224398402 30
      vertex -16.896616559546366 32.219476612268146 30
      vertex -16.923442122301264 32.32657026191127 30
    endloop
  endfacet
  facet normal 0 0 -1
    outer loop
      vertex -8.916267485762416 29.579048224398402 30
      vertex -16.923442122301264 32.32657026191127 30
      vertex -16.960635525924804 32.430518861410725 30
    endloop
  endfacet
  facet normal 0 0 -1
    outer loop
      vertex -8.916267485762416 29.579048224398402 30
      vertex -17.064596686159636 32.625016512147056 30
      vertex -17.130363239966922 32.7136924446841 30
    endloop
  endfacet
  facet normal 0 0 -1
    outer loop
      vertex -8.916267485762416 29.579048224398402 30
      vertex -16.960635525924804 32.430518861410725 30
      vertex -17.0078385776081 32.53032132892925 30
    endloop
  endfacet
  facet normal 0 0 -1
    outer loop
      vertex -8.916267485762416 29.579048224398402 30
      vertex -17.0078385776081 32.53032132892925 30
      vertex -17.064596686159636 32.625016512147056 30
    endloop
  endfacet
  facet normal 0 0 -1
    outer loop
      vertex -19 35 30
      vertex -8.978863808443554 29.78540064578226 30
      vertex -8.95263436930543 29.68068685502009 30
    endloop
  endfacet
  facet normal 0 0 -1
    outer loop
      vertex -19 35 30
      vertex -8.95263436930543 29.68068685502009 30
      vertex -8.916267485762416 29.579048224398402 30
    endloop
  endfacet
  facet normal 0 0 -1
    outer loop
      vertex -19 35 30
      vertex -8.994703199339417 29.892181145637483 30
      vertex -8.978863808443554 29.78540064578226 30
    endloop
  endfacet
  facet normal 0 0 -1
    outer loop
      vertex -19 35 30
      vertex -9 30 30
      vertex -8.994703199339417 29.892181145637483 30
    endloop
  endfacet
  facet normal 0 0 -1
    outer loop
      vertex -19 35 30
      vertex -8.994703199339417 30.107818854362517 30
      vertex -9 30 30
    endloop
  endfacet
  facet normal 0 0 -1
    outer loop
      vertex -19 35 30
      vertex -8.978863808443554 30.21459935421774 30
      vertex -8.994703199339417 30.107818854362517 30
    endloop
  endfacet
  facet normal 0 0 -1
    outer loop
      vertex -19 35 30
      vertex -8.95263436930543 30.31931314497991 30
      vertex -8.978863808443554 30.21459935421774 30
    endloop
  endfacet
  facet normal 0 0 -1
    outer loop
      vertex -19 35 30
      vertex -8.916267485762416 30.420951775601598 30
      vertex -8.95263436930543 30.31931314497991 30
    endloop
  endfacet
  facet normal 0 0 -1
    outer loop
      vertex -19 35 30
      vertex -8.87011339078319 30.5185364105086 30
      vertex -8.916267485762416 30.420951775601598 30
    endloop
  endfacet
  facet normal 0 0 -1
    outer loop
      vertex -19 35 30
      vertex -8.8146165735328 30.611127256321563 30
      vertex -8.87011339078319 30.5185364105086 30
    endloop
  endfacet
  facet normal 0 0 -1
    outer loop
      vertex -8.87011339078319 29.4814635894914 30
      vertex -16.896616559546366 31.780523387731854 30
      vertex -8.916267485762416 29.579048224398402 30
    endloop
  endfacet
  facet normal 0 0 -1
    outer loop
      vertex -8.8146165735328 29.388872743678437 30
      vertex -16.896616559546366 31.780523387731854 30
      vertex -8.87011339078319 29.4814635894914 30
    endloop
  endfacet
  facet normal 0 0 -1
    outer loop
      vertex -19 35 30
      vertex -8.750311498699011 30.69783261258001 30
      vertex -8.8146165735328 30.611127256321563 30
    endloop
  endfacet
  facet normal 0 0 -1
    outer loop
      vertex -19 35 30
      vertex -8.677817459305203 30.7778174593052 30
      vertex -8.750311498699011 30.69783261258001 30
    endloop
  endfacet
  facet normal 0 0 -1
    outer loop
      vertex -19 35 30
      vertex -8.59783261258001 30.85031149869901 30
      vertex -8.677817459305203 30.7778174593052 30
    endloop
  endfacet
  facet normal 0 0 -1
    outer loop
      vertex -19 35 30
      vertex -8.511127256321563 30.9146165735328 30
      vertex -8.59783261258001 30.85031149869901 30
    endloop
  endfacet
  facet normal 0 0 -1
    outer loop
      vertex -19 35 30
      vertex -8.418536410508597 30.97011339078319 30
      vertex -8.511127256321563 30.9146165735328 30
    endloop
  endfacet
  facet normal 0 0 -1
    outer loop
      vertex -19 35 30
      vertex -8.3209517756016 31.016267485762416 30
      vertex -8.418536410508597 30.97011339078319 30
    endloop
  endfacet
  facet normal 0 0 -1
    outer loop
      vertex -19 35 30
      vertex -8.219313144979909 31.05263436930543 30
      vertex -8.3209517756016 31.016267485762416 30
    endloop
  endfacet
  facet normal 0 0 -1
    outer loop
      vertex -19 35 30
      vertex -8.114599354217741 31.078863808443554 30
      vertex -8.219313144979909 31.05263436930543 30
    endloop
  endfacet
  facet normal 0 0 -1
    outer loop
      vertex -19 35 30
      vertex -8.007818854362517 31.094703199339417 30
      vertex -8.114599354217741 31.078863808443554 30
    endloop
  endfacet
  facet normal 0 0 -1
    outer loop
      vertex -19 35 30
      vertex -7.9 31.1 30
      vertex -8.007818854362517 31.094703199339417 30
    endloop
  endfacet
  facet normal 0 0 -1
    outer loop
      vertex -10.85 19 30
      vertex -6.492777090008295 -0.8529742895056591 30
      vertex -6.5 -1 30
    endloop
  endfacet
  facet normal 0 0 -1
    outer loop
      vertex -10.85 19 30
      vertex -6.471177920604846 -0.7073645169758076 30
      vertex -6.492777090008295 -0.8529742895056591 30
    endloop
  endfacet
  facet normal 0 0 -1
    outer loop
      vertex -10.85 19 30
      vertex -6.435410503598313 -0.5645729841183065 30
      vertex -6.471177920604846 -0.7073645169758076 30
    endloop
  endfacet
  facet normal 0 0 -1
    outer loop
      vertex -10.85 19 30
      vertex -6.38581929876693 -0.42597485145236536 30
      vertex -6.435410503598313 -0.5645729841183065 30
    endloop
  endfacet
  facet normal 0 0 -1
    outer loop
      vertex -10.85 19 30
      vertex -6.322881896522532 -0.29290489476100356 30
      vertex -6.38581929876693 -0.42597485145236536 30
    endloop
  endfacet
  facet normal 0 0 -1
    outer loop
      vertex -10.85 19 30
      vertex -6.247204418453817 -0.16664465047059673 30
      vertex -6.322881896522532 -0.29290489476100356 30
    endloop
  endfacet
  facet normal 0 0 -1
    outer loop
      vertex -10.85 19 30
      vertex -6.159515680044105 -0.04841007375453177 30
      vertex -6.247204418453817 -0.16664465047059673 30
    endloop
  endfacet
  facet normal 0 0 -1
    outer loop
      vertex -8.3209517756016 18.983732514237584 30
      vertex -6.060660171779821 0.060660171779821415 30
      vertex -6.159515680044105 -0.04841007375453177 30
    endloop
  endfacet
  facet normal 0 0 -1
    outer loop
      vertex -8.3209517756016 18.983732514237584 30
      vertex -5.951589926245468 0.15951568004410555 30
      vertex -6.060660171779821 0.060660171779821415 30
    endloop
  endfacet
  facet normal 0 0 -1
    outer loop
      vertex -5.833355349529404 0.2472044184538178 30
      vertex -5.951589926245468 0.15951568004410555 30
      vertex -8.3209517756016 18.983732514237584 30
    endloop
  endfacet
  facet normal 0 0 -1
    outer loop
      vertex -5.707095105238997 0.32288189652253263 30
      vertex -5.833355349529404 0.2472044184538178 30
      vertex -8.219313144979909 18.94736563069457 30
    endloop
  endfacet
  facet normal 0 0 -1
    outer loop
      vertex -5.574025148547634 0.38581929876693 30
      vertex -5.707095105238997 0.32288189652253263 30
      vertex -8.114599354217741 18.921136191556446 30
    endloop
  endfacet
  facet normal 0 0 -1
    outer loop
      vertex -5.435427015881693 0.43541050359831335 30
      vertex -5.574025148547634 0.38581929876693 30
      vertex -8.007818854362517 18.905296800660583 30
    endloop
  endfacet
  facet normal 0 0 -1
    outer loop
      vertex -5.292635483024192 0.47117792060484565 30
      vertex -5.435427015881693 0.43541050359831335 30
      vertex -7.9 18.9 30
    endloop
  endfacet
  facet normal 0 0 -1
    outer loop
      vertex -5.147025710494341 0.4927770900082953 30
      vertex -5.292635483024192 0.47117792060484565 30
      vertex -7.9 18.9 30
    endloop
  endfacet
  facet normal 0 0 -1
    outer loop
      vertex -10.85 19 30
      vertex -8.3209517756016 18.983732514237584 30
      vertex -6.159515680044105 -0.04841007375453177 30
    endloop
  endfacet
  facet normal 0 0 -1
    outer loop
      vertex -8.219313144979909 18.94736563069457 30
      vertex -5.833355349529404 0.2472044184538178 30
      vertex -8.3209517756016 18.983732514237584 30
    endloop
  endfacet
  facet normal 0 0 -1
    outer loop
      vertex -5.707095105238997 0.32288189652253263 30
      vertex -8.219313144979909 18.94736563069457 30
      vertex -8.114599354217741 18.921136191556446 30
    endloop
  endfacet
  facet normal 0 0 -1
    outer loop
      vertex -5.574025148547634 0.38581929876693 30
      vertex -8.114599354217741 18.921136191556446 30
      vertex -8.007818854362517 18.905296800660583 30
    endloop
  endfacet
  facet normal 0 0 -1
    outer loop
      vertex -5.435427015881693 0.43541050359831335 30
      vertex -8.007818854362517 18.905296800660583 30
      vertex -7.9 18.9 30
    endloop
  endfacet
  facet normal 0 0 -1
    outer loop
      vertex -5 0.5 30
      vertex -5.147025710494341 0.4927770900082953 30
      vertex 7.9 18.9 30
    endloop
  endfacet
  facet normal 0 0 -1
    outer loop
      vertex -4.852974289505659 0.4927770900082953 30
      vertex -5 0.5 30
      vertex 7.9 18.9 30
    endloop
  endfacet
  facet normal 0 0 -1
    outer loop
      vertex -4.707364516975808 0.47117792060484565 30
      vertex -4.852974289505659 0.4927770900082953 30
      vertex 7.9 18.9 30
    endloop
  endfacet
  facet normal 0 0 -1
    outer loop
      vertex -4.564572984118307 0.43541050359831335 30
      vertex -4.707364516975808 0.47117792060484565 30
      vertex 7.9 18.9 30
    endloop
  endfacet
  facet normal 0 0 -1
    outer loop
      vertex -4.425974851452366 0.38581929876693 30
      vertex -4.564572984118307 0.43541050359831335 30
      vertex 7.9 18.9 30
    endloop
  endfacet
  facet normal 0 0 -1
    outer loop
      vertex -4.292904894761003 0.32288189652253263 30
      vertex -4.425974851452366 0.38581929876693 30
      vertex 7.9 18.9 30
    endloop
  endfacet
  facet normal 0 0 -1
    outer loop
      vertex -4.166644650470596 0.2472044184538178 30
      vertex -4.292904894761003 0.32288189652253263 30
      vertex 7.9 18.9 30
    endloop
  endfacet
  facet normal 0 0 -1
    outer loop
      vertex -4.048410073754532 0.15951568004410555 30
      vertex -4.166644650470596 0.2472044184538178 30
      vertex 7.9 18.9 30
    endloop
  endfacet
  facet normal 0 0 -1
    outer loop
      vertex -4.048410073754532 0.15951568004410555 30
      vertex 7.9 18.9 30
      vertex -3.9393398282201786 0.060660171779821415 30
    endloop
  endfacet
  facet normal 0 0 -1
    outer loop
      vertex -5.147025710494341 0.4927770900082953 30
      vertex -7.9 18.9 30
      vertex 7.9 18.9 30
    endloop
  endfacet
  facet normal 0 -1 0
    outer loop
      vertex -19 35 0
      vertex 19 35 30
      vertex -19 35 30
    endloop
  endfacet
  facet normal 0 0 -1
    outer loop
      vertex -10.85 19 30
      vertex -8.916267485762416 19.579048224398402 30
      vertex -8.87011339078319 19.4814635894914 30
    endloop
  endfacet
  facet normal 0 0 -1
    outer loop
      vertex -10.85 19 30
      vertex -9 20 30
      vertex -8.994703199339417 19.892181145637483 30
    endloop
  endfacet
  facet normal 0 0 -1
    outer loop
      vertex -10.85 19 30
      vertex -8.95263436930543 19.68068685502009 30
      vertex -8.916267485762416 19.579048224398402 30
    endloop
  endfacet
  facet normal 0 0 -1
    outer loop
      vertex -10.85 19 30
      vertex -8.978863808443554 19.78540064578226 30
      vertex -8.95263436930543 19.68068685502009 30
    endloop
  endfacet
  facet normal 0 0 -1
    outer loop
      vertex -10.85 19 30
      vertex -8.994703199339417 19.892181145637483 30
      vertex -8.978863808443554 19.78540064578226 30
    endloop
  endfacet
  facet normal 0 0 -1
    outer loop
      vertex -10.85 19 30
      vertex -8.87011339078319 19.4814635894914 30
      vertex -8.8146165735328 19.388872743678437 30
    endloop
  endfacet
  facet normal 0 0 -1
    outer loop
      vertex -10.85 19 30
      vertex -8.8146165735328 19.388872743678437 30
      vertex -8.750311498699011 19.30216738741999 30
    endloop
  endfacet
  facet normal 0 0 -1
    outer loop
      vertex -10.85 19 30
      vertex -8.750311498699011 19.30216738741999 30
      vertex -8.677817459305203 19.2221825406948 30
    endloop
  endfacet
  facet normal 0 0 -1
    outer loop
      vertex -10.85 19 30
      vertex -8.677817459305203 19.2221825406948 30
      vertex -8.59783261258001 19.14968850130099 30
    endloop
  endfacet
  facet normal 0 0 -1
    outer loop
      vertex -10.85 19 30
      vertex -8.994703199339417 20.107818854362517 30
      vertex -9 20 30
    endloop
  endfacet
  facet normal 0 0 -1
    outer loop
      vertex -10.85 19 30
      vertex -8.978863808443554 20.21459935421774 30
      vertex -8.994703199339417 20.107818854362517 30
    endloop
  endfacet
  facet normal 0 0 -1
    outer loop
      vertex -10.85 19 30
      vertex -8.511127256321563 19.0853834264672 30
      vertex -8.418536410508597 19.02988660921681 30
    endloop
  endfacet
  facet normal 0 0 -1
    outer loop
      vertex -10.85 19 30
      vertex -8.418536410508597 19.02988660921681 30
      vertex -8.3209517756016 18.983732514237584 30
    endloop
  endfacet
  facet normal 0 0 -1
    outer loop
      vertex -10.85 19 30
      vertex -8.59783261258001 19.14968850130099 30
      vertex -8.511127256321563 19.0853834264672 30
    endloop
  endfacet
  facet normal 0 0 -1
    outer loop
      vertex -8.677817459305203 20.7778174593052 30
      vertex -8.677817459305203 24.2221825406948 30
      vertex -8.59783261258001 24.14968850130099 30
    endloop
  endfacet
  facet normal 0 0 -1
    outer loop
      vertex -8.750311498699011 20.69783261258001 30
      vertex -16.960635525924804 31.569481138589275 30
      vertex -8.677817459305203 20.7778174593052 30
    endloop
  endfacet
  facet normal 0 0 -1
    outer loop
      vertex -8.677817459305203 20.7778174593052 30
      vertex -16.896616559546366 31.780523387731854 30
      vertex -8.677817459305203 24.2221825406948 30
    endloop
  endfacet
  facet normal 0 0 -1
    outer loop
      vertex -8.750311498699011 24.30216738741999 30
      vertex -16.896616559546366 31.780523387731854 30
      vertex -8.8146165735328 24.388872743678437 30
    endloop
  endfacet
  facet normal 0 0 -1
    outer loop
      vertex -8.677817459305203 24.2221825406948 30
      vertex -16.896616559546366 31.780523387731854 30
      vertex -8.750311498699011 24.30216738741999 30
    endloop
  endfacet
  facet normal 0 0 -1
    outer loop
      vertex -8.8146165735328 25.611127256321563 30
      vertex -16.896616559546366 31.780523387731854 30
      vertex -8.750311498699011 25.69783261258001 30
    endloop
  endfacet
  facet normal 0 0 -1
    outer loop
      vertex -8.677817459305203 20.7778174593052 30
      vertex -8.59783261258001 24.14968850130099 30
      vertex -8.59783261258001 20.85031149869901 30
    endloop
  endfacet
  facet normal 0 0 -1
    outer loop
      vertex -8.59783261258001 20.85031149869901 30
      vertex -8.511127256321563 24.0853834264672 30
      vertex -8.511127256321563 20.9146165735328 30
    endloop
  endfacet
  facet normal 0 0 -1
    outer loop
      vertex -8.511127256321563 20.9146165735328 30
      vertex -8.418536410508597 24.02988660921681 30
      vertex -8.418536410508597 20.97011339078319 30
    endloop
  endfacet
  facet normal 0 0 -1
    outer loop
      vertex -8.3209517756016 23.983732514237584 30
      vertex -8.3209517756016 21.016267485762416 30
      vertex -8.418536410508597 20.97011339078319 30
    endloop
  endfacet
  facet normal 0 0 -1
    outer loop
      vertex -8.59783261258001 20.85031149869901 30
      vertex -8.59783261258001 24.14968850130099 30
      vertex -8.511127256321563 24.0853834264672 30
    endloop
  endfacet
  facet normal 0 0 -1
    outer loop
      vertex -8.511127256321563 20.9146165735328 30
      vertex -8.511127256321563 24.0853834264672 30
      vertex -8.418536410508597 24.02988660921681 30
    endloop
  endfacet
  facet normal 0 0 -1
    outer loop
      vertex -8.3209517756016 23.983732514237584 30
      vertex -8.418536410508597 20.97011339078319 30
      vertex -8.418536410508597 24.02988660921681 30
    endloop
  endfacet
  facet normal 0 0 -1
    outer loop
      vertex -8.3209517756016 21.016267485762416 30
      vertex -8.3209517756016 23.983732514237584 30
      vertex -8.219313144979909 23.94736563069457 30
    endloop
  endfacet
  facet normal 0 0 -1
    outer loop
      vertex -8.3209517756016 21.016267485762416 30
      vertex -8.219313144979909 23.94736563069457 30
      vertex -8.219313144979909 21.05263436930543 30
    endloop
  endfacet
  facet normal 0 0 -1
    outer loop
      vertex -8.219313144979909 21.05263436930543 30
      vertex -8.114599354217741 23.921136191556446 30
      vertex -8.114599354217741 21.078863808443554 30
    endloop
  endfacet
  facet normal 0 0 -1
    outer loop
      vertex -8.114599354217741 21.078863808443554 30
      vertex -8.007818854362517 23.905296800660583 30
      vertex -8.007818854362517 21.094703199339417 30
    endloop
  endfacet
  facet normal 0 0 -1
    outer loop
      vertex -8.007818854362517 21.094703199339417 30
      vertex -7.9 23.9 30
      vertex -7.9 21.1 30
    endloop
  endfacet
  facet normal 0 0 -1
    outer loop
      vertex -8.219313144979909 21.05263436930543 30
      vertex -8.219313144979909 23.94736563069457 30
      vertex -8.114599354217741 23.921136191556446 30
    endloop
  endfacet
  facet normal 0 0 -1
    outer loop
      vertex -8.114599354217741 21.078863808443554 30
      vertex -8.114599354217741 23.921136191556446 30
      vertex -8.007818854362517 23.905296800660583 30
    endloop
  endfacet
  facet normal 0 0 -1
    outer loop
      vertex -8.007818854362517 21.094703199339417 30
      vertex -8.007818854362517 23.905296800660583 30
      vertex -7.9 23.9 30
    endloop
  endfacet
  facet normal 0 0 -1
    outer loop
      vertex -8.677817459305203 25.7778174593052 30
      vertex -8.59783261258001 29.14968850130099 30
      vertex -8.59783261258001 25.85031149869901 30
    endloop
  endfacet
  facet normal 0 0 -1
    outer loop
      vertex -8.59783261258001 25.85031149869901 30
      vertex -8.511127256321563 29.0853834264672 30
      vertex -8.511127256321563 25.9146165735328 30
    endloop
  endfacet
  facet normal 0 0 -1
    outer loop
      vertex -8.511127256321563 25.9146165735328 30
      vertex -8.418536410508597 29.02988660921681 30
      vertex -8.418536410508597 25.97011339078319 30
    endloop
  endfacet
  facet normal 0 0 -1
    outer loop
      vertex -8.418536410508597 25.97011339078319 30
      vertex -8.3209517756016 28.983732514237584 30
      vertex -8.3209517756016 26.016267485762416 30
    endloop
  endfacet
  facet normal 0 0 -1
    outer loop
      vertex -8.3209517756016 26.016267485762416 30
      vertex -8.219313144979909 28.94736563069457 30
      vertex -8.219313144979909 26.05263436930543 30
    endloop
  endfacet
  facet normal 0 0 -1
    outer loop
      vertex -8.219313144979909 26.05263436930543 30
      vertex -8.114599354217741 28.921136191556446 30
      vertex -8.114599354217741 26.078863808443554 30
    endloop
  endfacet
  facet normal 0 0 -1
    outer loop
      vertex -8.114599354217741 26.078863808443554 30
      vertex -8.007818854362517 28.905296800660583 30
      vertex -8.007818854362517 26.094703199339417 30
    endloop
  endfacet
  facet normal 0 0 -1
    outer loop
      vertex -8.007818854362517 26.094703199339417 30
      vertex -7.9 28.9 30
      vertex -7.9 26.1 30
    endloop
  endfacet
  facet normal 0 0 -1
    outer loop
      vertex -8.750311498699011 25.69783261258001 30
      vertex -16.896616559546366 31.780523387731854 30
      vertex -8.677817459305203 25.7778174593052 30
    endloop
  endfacet
  facet normal 0 0 -1
    outer loop
      vertex -16.896616559546366 31.780523387731854 30
      vertex -8.677817459305203 29.2221825406948 30
      vertex -8.677817459305203 25.7778174593052 30
    endloop
  endfacet
  facet normal 0 0 -1
    outer loop
      vertex -8.750311498699011 29.30216738741999 30
      vertex -16.896616559546366 31.780523387731854 30
      vertex -8.8146165735328 29.388872743678437 30
    endloop
  endfacet
  facet normal 0 0 -1
    outer loop
      vertex -8.677817459305203 29.2221825406948 30
      vertex -16.896616559546366 31.780523387731854 30
      vertex -8.750311498699011 29.30216738741999 30
    endloop
  endfacet
  facet normal 0 0 -1
    outer loop
      vertex -8.677817459305203 25.7778174593052 30
      vertex -8.677817459305203 29.2221825406948 30
      vertex -8.59783261258001 29.14968850130099 30
    endloop
  endfacet
  facet normal 0 0 -1
    outer loop
      vertex -8.59783261258001 25.85031149869901 30
      vertex -8.59783261258001 29.14968850130099 30
      vertex -8.511127256321563 29.0853834264672 30
    endloop
  endfacet
  facet normal 0 0 -1
    outer loop
      vertex -8.511127256321563 25.9146165735328 30
      vertex -8.511127256321563 29.0853834264672 30
      vertex -8.418536410508597 29.02988660921681 30
    endloop
  endfacet
  facet normal 0 0 -1
    outer loop
      vertex -8.418536410508597 25.97011339078319 30
      vertex -8.418536410508597 29.02988660921681 30
      vertex -8.3209517756016 28.983732514237584 30
    endloop
  endfacet
  facet normal 0 0 -1
    outer loop
      vertex -8.3209517756016 26.016267485762416 30
      vertex -8.3209517756016 28.983732514237584 30
      vertex -8.219313144979909 28.94736563069457 30
    endloop
  endfacet
  facet normal 0 0 -1
    outer loop
      vertex -8.219313144979909 26.05263436930543 30
      vertex -8.219313144979909 28.94736563069457 30
      vertex -8.114599354217741 28.921136191556446 30
    endloop
  endfacet
  facet normal 0 0 -1
    outer loop
      vertex -8.114599354217741 26.078863808443554 30
      vertex -8.114599354217741 28.921136191556446 30
      vertex -8.007818854362517 28.905296800660583 30
    endloop
  endfacet
  facet normal 0 0 -1
    outer loop
      vertex -8.007818854362517 26.094703199339417 30
      vertex -8.007818854362517 28.905296800660583 30
      vertex -7.9 28.9 30
    endloop
  endfacet
  facet normal 0 0 -1
    outer loop
      vertex 7.9 23.9 30
      vertex -7.9 21.1 30
      vertex -7.9 23.9 30
    endloop
  endfacet
  facet normal 0 0 -1
    outer loop
      vertex -19 35 30
      vertex 17.374983487852948 32.93540331384036 30
      vertex -7.9 31.1 30
    endloop
  endfacet
  facet normal 0 0 -1
    outer loop
      vertex 7.9 28.9 30
      vertex -7.9 26.1 30
      vertex -7.9 28.9 30
    endloop
  endfacet
  facet normal -0.0490676704157047 0.9987954563973426 0
    outer loop
      vertex 19 -35 0
      vertex 19 -35 30
      vertex 19.196034282445908 -34.99036945402622 0
    endloop
  endfacet
  facet normal -0.14673047607854156 0.9891765097240051 0
    outer loop
      vertex 19.196034282445908 -34.99036945402622 0
      vertex 19.196034282445908 -34.99036945402622 30
      vertex 19.3901806473732 -34.96157056093216 0
    endloop
  endfacet
  facet normal -0.24298019573678306 0.970031249228454 0
    outer loop
      vertex 19.3901806473732 -34.96157056093216 0
      vertex 19.3901806473732 -34.96157056093216 30
      vertex 19.580569356679916 -34.91388066858053 0
    endloop
  endfacet
  facet normal -0.33688982640476 0.9415440748392879 0
    outer loop
      vertex 19.580569356679916 -34.91388066858053 0
      vertex 19.580569356679916 -34.91388066858053 30
      vertex 19.76536686718464 -34.84775906801224 0
    endloop
  endfacet
  facet normal -0.42755510310083966 0.9039892885496102 0
    outer loop
      vertex 19.76536686718464 -34.84775906801224 0
      vertex 19.76536686718464 -34.84775906801224 30
      vertex 19.94279347360134 -34.76384253054857 0
    endloop
  endfacet
  facet normal -0.5141027351876691 0.8577286153979926 0
    outer loop
      vertex 19.94279347360134 -34.76384253054857 0
      vertex 19.94279347360134 -34.76384253054857 30
      vertex 20.111140467226505 -34.662939228117466 0
    endloop
  endfacet
  facet normal -0.5956992989376801 0.8032075356003305 0
    outer loop
      vertex 20.111140467226505 -34.662939228117466 0
      vertex 20.111140467226505 -34.662939228117466 30
      vertex 20.268786571919918 -34.54602091014385 0
    endloop
  endfacet
  facet normal -0.671558983390028 0.7409510994850822 0
    outer loop
      vertex 20.268786571919918 -34.54602091014385 0
      vertex 20.268786571919918 -34.54602091014385 30
      vertex 20.414213560521603 -34.4142135605216 0
    endloop
  endfacet
  facet normal -0.7409510994850822 0.671558983390028 0
    outer loop
      vertex 20.414213560521603 -34.4142135605216 0
      vertex 20.414213560521603 -34.4142135605216 30
      vertex 20.546020910143852 -34.26878657191992 0
    endloop
  endfacet
  facet normal -0.8032075356003305 0.5956992989376801 0
    outer loop
      vertex 20.546020910143852 -34.26878657191992 0
      vertex 20.546020910143852 -34.26878657191992 30
      vertex 20.662939228117466 -34.111140467226505 0
    endloop
  endfacet
  facet normal -0.8577286153979926 0.5141027351876691 0
    outer loop
      vertex 20.662939228117466 -34.111140467226505 0
      vertex 20.662939228117466 -34.111140467226505 30
      vertex 20.763842530548573 -33.94279347360134 0
    endloop
  endfacet
  facet normal -0.9039892885496102 0.42755510310083966 0
    outer loop
      vertex 20.763842530548573 -33.94279347360134 0
      vertex 20.763842530548573 -33.94279347360134 30
      vertex 20.847759068012238 -33.76536686718464 0
    endloop
  endfacet
  facet normal -0.9415440748392879 0.33688982640476 0
    outer loop
      vertex 20.847759068012238 -33.76536686718464 0
      vertex 20.847759068012238 -33.76536686718464 30
      vertex 20.913880668580532 -33.580569356679916 0
    endloop
  endfacet
  facet normal -0.970031249228454 0.24298019573678306 0
    outer loop
      vertex 20.913880668580532 -33.580569356679916 0
      vertex 20.913880668580532 -33.580569356679916 30
      vertex 20.96157056093216 -33.3901806473732 0
    endloop
  endfacet
  facet normal -0.9891765097240051 0.14673047607854156 0
    outer loop
      vertex 20.96157056093216 -33.3901806473732 0
      vertex 20.96157056093216 -33.3901806473732 30
      vertex 20.990369454026222 -33.19603428244591 0
    endloop
  endfacet
  facet normal -0.9987954563973426 0.0490676704157047 0
    outer loop
      vertex 20.990369454026222 -33.19603428244591 0
      vertex 20.990369454026222 -33.19603428244591 30
      vertex 21 -33 0
    endloop
  endfacet
  facet normal -1 0 0
    outer loop
      vertex 21 -33 0
      vertex 21 -33 30
      vertex 21 33 0
    endloop
  endfacet
  facet normal 0 1 0
    outer loop
      vertex -10.85 -35 26.4
      vertex 10.85 -35 26.4
      vertex 19 -35 0
    endloop
  endfacet
  facet normal 0 0 -1
    outer loop
      vertex -10.85 -33 30
      vertex 4.9 -29.6 30
      vertex 10.85 -33 30
    endloop
  endfacet
  facet normal 0 0 -1
    outer loop
      vertex 10.85 -33 30
      vertex 4.9 -29.6 30
      vertex 4.9 -24.400000000000002 30
    endloop
  endfacet
  facet normal 0 0 -1
    outer loop
      vertex 10.85 -33 30
      vertex 4.9 -24.400000000000002 30
      vertex 6.322881896522532 -1.7070951052389964 30
    endloop
  endfacet
  facet normal 0 0 -1
    outer loop
      vertex -4.9 -24.400000000000002 30
      vertex 4.852974289505659 -2.4927770900082953 30
      vertex 4.9 -24.400000000000002 30
    endloop
  endfacet
  facet normal 0 0 -1
    outer loop
      vertex -4.9 -24.400000000000002 30
      vertex 3.752795581546182 -1.8333553495294033 30
      vertex 3.8404843199558947 -1.9515899262454681 30
    endloop
  endfacet
  facet normal 0 0 -1
    outer loop
      vertex -4.9 -24.400000000000002 30
      vertex 3.6771181034774676 -1.7070951052389964 30
      vertex 3.752795581546182 -1.8333553495294033 30
    endloop
  endfacet
  facet normal 0 0 -1
    outer loop
      vertex -4.9 -24.400000000000002 30
      vertex 3.9393398282201786 -2.0606601717798214 30
      vertex 4.048410073754532 -2.1595156800441053 30
    endloop
  endfacet
  facet normal 0 0 -1
    outer loop
      vertex -4.9 -24.400000000000002 30
      vertex 3.8404843199558947 -1.9515899262454681 30
      vertex 3.9393398282201786 -2.0606601717798214 30
    endloop
  endfacet
  facet normal 0 0 -1
    outer loop
      vertex -4.9 -24.400000000000002 30
      vertex 4.048410073754532 -2.1595156800441053 30
      vertex 4.166644650470596 -2.247204418453818 30
    endloop
  endfacet
  facet normal 0 0 -1
    outer loop
      vertex -4.9 -24.400000000000002 30
      vertex 4.166644650470596 -2.247204418453818 30
      vertex 4.292904894761003 -2.3228818965225324 30
    endloop
  endfacet
  facet normal 0 0 -1
    outer loop
      vertex -4.9 -24.400000000000002 30
      vertex 4.292904894761003 -2.3228818965225324 30
      vertex 4.425974851452366 -2.38581929876693 30
    endloop
  endfacet
  facet normal 0 0 -1
    outer loop
      vertex -4.9 -24.400000000000002 30
      vertex 4.425974851452366 -2.38581929876693 30
      vertex 4.564572984118307 -2.4354105035983133 30
    endloop
  endfacet
  facet normal 0 0 -1
    outer loop
      vertex -4.9 -24.400000000000002 30
      vertex 4.564572984118307 -2.4354105035983133 30
      vertex 4.707364516975808 -2.4711779206048456 30
    endloop
  endfacet
  facet normal 0 0 -1
    outer loop
      vertex -4.9 -24.400000000000002 30
      vertex 4.707364516975808 -2.4711779206048456 30
      vertex 4.852974289505659 -2.4927770900082953 30
    endloop
  endfacet
  facet normal 0 0 -1
    outer loop
      vertex 4.852974289505659 -2.4927770900082953 30
      vertex 5 -2.5 30
      vertex 4.9 -24.400000000000002 30
    endloop
  endfacet
  facet normal 0 0 -1
    outer loop
      vertex 5 -2.5 30
      vertex 5.147025710494341 -2.4927770900082953 30
      vertex 4.9 -24.400000000000002 30
    endloop
  endfacet
  facet normal 0 0 -1
    outer loop
      vertex 5.147025710494341 -2.4927770900082953 30
      vertex 5.292635483024192 -2.4711779206048456 30
      vertex 4.9 -24.400000000000002 30
    endloop
  endfacet
  facet normal 0 0 -1
    outer loop
      vertex 5.292635483024192 -2.4711779206048456 30
      vertex 5.435427015881693 -2.4354105035983133 30
      vertex 4.9 -24.400000000000002 30
    endloop
  endfacet
  facet normal 0 0 -1
    outer loop
      vertex 5.435427015881693 -2.4354105035983133 30
      vertex 5.574025148547634 -2.38581929876693 30
      vertex 4.9 -24.400000000000002 30
    endloop
  endfacet
  facet normal 0 0 -1
    outer loop
      vertex 5.574025148547634 -2.38581929876693 30
      vertex 5.707095105238997 -2.3228818965225324 30
      vertex 4.9 -24.400000000000002 30
    endloop
  endfacet
  facet normal 0 0 -1
    outer loop
      vertex 5.707095105238997 -2.3228818965225324 30
      vertex 5.833355349529404 -2.247204418453818 30
      vertex 4.9 -24.400000000000002 30
    endloop
  endfacet
  facet normal 0 0 -1
    outer loop
      vertex 5.833355349529404 -2.247204418453818 30
      vertex 5.951589926245468 -2.1595156800441053 30
      vertex 4.9 -24.400000000000002 30
    endloop
  endfacet
  facet normal 0 0 -1
    outer loop
      vertex 5.951589926245468 -2.1595156800441053 30
      vertex 6.060660171779821 -2.0606601717798214 30
      vertex 4.9 -24.400000000000002 30
    endloop
  endfacet
  facet normal 0 0 -1
    outer loop
      vertex 6.060660171779821 -2.0606601717798214 30
      vertex 6.159515680044105 -1.9515899262454681 30
      vertex 4.9 -24.400000000000002 30
    endloop
  endfacet
  facet normal 0 0 -1
    outer loop
      vertex -4.9 -24.400000000000002 30
      vertex 3.5072229099917047 -1.1470257104943409 30
      vertex 3.5288220793951544 -1.2926354830241924 30
    endloop
  endfacet
  facet normal 0 0 -1
    outer loop
      vertex -4.9 -24.400000000000002 30
      vertex 3.5 -1 30
      vertex 3.5072229099917047 -1.1470257104943409 30
    endloop
  endfacet
  facet normal 0 0 -1
    outer loop
      vertex -4.9 -24.400000000000002 30
      vertex 3.5645894964016867 -1.4354270158816935 30
      vertex 3.61418070123307 -1.5740251485476346 30
    endloop
  endfacet
  facet normal 0 0 -1
    outer loop
      vertex -4.9 -24.400000000000002 30
      vertex 3.61418070123307 -1.5740251485476346 30
      vertex 3.6771181034774676 -1.7070951052389964 30
    endloop
  endfacet
  facet normal 0 0 -1
    outer loop
      vertex -4.9 -24.400000000000002 30
      vertex 3.5288220793951544 -1.2926354830241924 30
      vertex 3.5645894964016867 -1.4354270158816935 30
    endloop
  endfacet
  facet normal 0 0 -1
    outer loop
      vertex -10.85 -33 30
      vertex 10.85 19 30
      vertex 3.61418070123307 -0.42597485145236536 30
    endloop
  endfacet
  facet normal 0 0 -1
    outer loop
      vertex 6.247204418453817 -1.8333553495294033 30
      vertex 4.9 -24.400000000000002 30
      vertex 6.159515680044105 -1.9515899262454681 30
    endloop
  endfacet
  facet normal 0 0 -1
    outer loop
      vertex 6.322881896522532 -1.7070951052389964 30
      vertex 4.9 -24.400000000000002 30
      vertex 6.247204418453817 -1.8333553495294033 30
    endloop
  endfacet
  facet normal 0 0 -1
    outer loop
      vertex 10.85 -33 30
      vertex 6.322881896522532 -1.7070951052389964 30
      vertex 6.38581929876693 -1.5740251485476346 30
    endloop
  endfacet
  facet normal 0 0 -1
    outer loop
      vertex 10.85 -33 30
      vertex 6.38581929876693 -1.5740251485476346 30
      vertex 6.435410503598313 -1.4354270158816935 30
    endloop
  endfacet
  facet normal 0 0 -1
    outer loop
      vertex 10.85 -33 30
      vertex 6.435410503598313 -1.4354270158816935 30
      vertex 6.471177920604846 -1.2926354830241924 30
    endloop
  endfacet
  facet normal 0 0 -1
    outer loop
      vertex 10.85 -33 30
      vertex 6.471177920604846 -1.2926354830241924 30
      vertex 10.85 19 30
    endloop
  endfacet
  facet normal 0 1 0
    outer loop
      vertex 19 -35 0
      vertex 10.85 -35 26.4
      vertex 19 -35 30
    endloop
  endfacet
  facet normal -0.0490676704157047 0.9987954563973426 0
    outer loop
      vertex 19.196034282445908 -34.99036945402622 0
      vertex 19 -35 30
      vertex 19.196034282445908 -34.99036945402622 30
    endloop
  endfacet
  facet normal -0.14673047607854156 0.9891765097240051 0
    outer loop
      vertex 19.3901806473732 -34.96157056093216 0
      vertex 19.196034282445908 -34.99036945402622 30
      vertex 19.3901806473732 -34.96157056093216 30
    endloop
  endfacet
  facet normal -0.24298019573678306 0.970031249228454 0
    outer loop
      vertex 19.580569356679916 -34.91388066858053 0
      vertex 19.3901806473732 -34.96157056093216 30
      vertex 19.580569356679916 -34.91388066858053 30
    endloop
  endfacet
  facet normal -0.33688982640476 0.9415440748392879 0
    outer loop
      vertex 19.76536686718464 -34.84775906801224 0
      vertex 19.580569356679916 -34.91388066858053 30
      vertex 19.76536686718464 -34.84775906801224 30
    endloop
  endfacet
  facet normal -0.42755510310083966 0.9039892885496102 0
    outer loop
      vertex 19.94279347360134 -34.76384253054857 0
      vertex 19.76536686718464 -34.84775906801224 30
      vertex 19.94279347360134 -34.76384253054857 30
    endloop
  endfacet
  facet normal -0.5141027351876691 0.8577286153979926 0
    outer loop
      vertex 20.111140467226505 -34.662939228117466 0
      vertex 19.94279347360134 -34.76384253054857 30
      vertex 20.111140467226505 -34.662939228117466 30
    endloop
  endfacet
  facet normal -0.5956992989376801 0.8032075356003305 0
    outer loop
      vertex 20.268786571919918 -34.54602091014385 0
      vertex 20.111140467226505 -34.662939228117466 30
      vertex 20.268786571919918 -34.54602091014385 30
    endloop
  endfacet
  facet normal -0.671558983390028 0.7409510994850822 0
    outer loop
      vertex 20.414213560521603 -34.4142135605216 0
      vertex 20.268786571919918 -34.54602091014385 30
      vertex 20.414213560521603 -34.4142135605216 30
    endloop
  endfacet
  facet normal -0.7409510994850822 0.671558983390028 0
    outer loop
      vertex 20.546020910143852 -34.26878657191992 0
      vertex 20.414213560521603 -34.4142135605216 30
      vertex 20.546020910143852 -34.26878657191992 30
    endloop
  endfacet
  facet normal -0.8032075356003305 0.5956992989376801 0
    outer loop
      vertex 20.662939228117466 -34.111140467226505 0
      vertex 20.546020910143852 -34.26878657191992 30
      vertex 20.662939228117466 -34.111140467226505 30
    endloop
  endfacet
  facet normal -0.8577286153979926 0.5141027351876691 0
    outer loop
      vertex 20.763842530548573 -33.94279347360134 0
      vertex 20.662939228117466 -34.111140467226505 30
      vertex 20.763842530548573 -33.94279347360134 30
    endloop
  endfacet
  facet normal -0.9039892885496102 0.42755510310083966 0
    outer loop
      vertex 20.847759068012238 -33.76536686718464 0
      vertex 20.763842530548573 -33.94279347360134 30
      vertex 20.847759068012238 -33.76536686718464 30
    endloop
  endfacet
  facet normal -0.9415440748392879 0.33688982640476 0
    outer loop
      vertex 20.913880668580532 -33.580569356679916 0
      vertex 20.847759068012238 -33.76536686718464 30
      vertex 20.913880668580532 -33.580569356679916 30
    endloop
  endfacet
  facet normal -0.970031249228454 0.24298019573678306 0
    outer loop
      vertex 20.96157056093216 -33.3901806473732 0
      vertex 20.913880668580532 -33.580569356679916 30
      vertex 20.96157056093216 -33.3901806473732 30
    endloop
  endfacet
  facet normal -0.9891765097240051 0.14673047607854156 0
    outer loop
      vertex 20.990369454026222 -33.19603428244591 0
      vertex 20.96157056093216 -33.3901806473732 30
      vertex 20.990369454026222 -33.19603428244591 30
    endloop
  endfacet
  facet normal -0.9987954563973426 0.0490676704157047 0
    outer loop
      vertex 21 -33 0
      vertex 20.990369454026222 -33.19603428244591 30
      vertex 21 -33 30
    endloop
  endfacet
  facet normal 0 0 -1
    outer loop
      vertex 10.85 -35 30
      vertex 10.85 -33 30
      vertex 12.85 -33 30
    endloop
  endfacet
  facet normal 0 1 0
    outer loop
      vertex 10.85 -35 26.4
      vertex 10.85 -35 30
      vertex 19 -35 30
    endloop
  endfacet
  facet normal 0 0 -1
    outer loop
      vertex 10.85 -35 30
      vertex 12.85 -33 30
      vertex 19 -35 30
    endloop
  endfacet
  facet normal 0 0 -1
    outer loop
      vertex 12.85 -33 30
      vertex 16.88041718249378 -32.11026928287075 30
      vertex 16.896616559546366 -32.219476612268146 30
    endloop
  endfacet
  facet normal 0 0 -1
    outer loop
      vertex 12.85 -33 30
      vertex 16.923442122301264 -32.32657026191127 30
      vertex 16.960635525924804 -32.430518861410725 30
    endloop
  endfacet
  facet normal 0 0 -1
    outer loop
      vertex 12.85 -33 30
      vertex 16.960635525924804 -32.430518861410725 30
      vertex 17.0078385776081 -32.53032132892925 30
    endloop
  endfacet
  facet normal 0 0 -1
    outer loop
      vertex 12.85 -33 30
      vertex 16.896616559546366 -32.219476612268146 30
      vertex 16.923442122301264 -32.32657026191127 30
    endloop
  endfacet
  facet normal 0 0 -1
    outer loop
      vertex 12.85 -33 30
      vertex 17.0078385776081 -32.53032132892925 30
      vertex 17.064596686159636 -32.625016512147056 30
    endloop
  endfacet
  facet normal 0 0 -1
    outer loop
      vertex 12.85 -33 30
      vertex 17.064596686159636 -32.625016512147056 30
      vertex 17.130363239966922 -32.7136924446841 30
    endloop
  endfacet
  facet normal 0 0 -1
    outer loop
      vertex 12.85 -33 30
      vertex 17.130363239966922 -32.7136924446841 30
      vertex 17.204504871165135 -32.795495128834865 30
    endloop
  endfacet
  facet normal 0 0 -1
    outer loop
      vertex 12.85 -33 30
      vertex 17.204504871165135 -32.795495128834865 30
      vertex 17.286307555315897 -32.86963676003308 30
    endloop
  endfacet
  facet normal 0 0 -1
    outer loop
      vertex 12.85 -33 30
      vertex 17.374983487852948 -32.93540331384036 30
      vertex 17.469678671070753 -32.9921614223919 30
    endloop
  endfacet
  facet normal 0 0 -1
    outer loop
      vertex 12.85 -33 30
      vertex 17.469678671070753 -32.9921614223919 30
      vertex 17.569481138589275 -33.0393644740752 30
    endloop
  endfacet
  facet normal 0 0 -1
    outer loop
      vertex 12.85 -33 30
      vertex 17.569481138589275 -33.0393644740752 30
      vertex 17.67342973808873 -33.07655787769873 30
    endloop
  endfacet
  facet normal 0 0 -1
    outer loop
      vertex 12.85 -33 30
      vertex 17.67342973808873 -33.07655787769873 30
      vertex 17.780523387731854 -33.103383440453634 30
    endloop
  endfacet
  facet normal 0 0 -1
    outer loop
      vertex 12.85 -33 30
      vertex 17.286307555315897 -32.86963676003308 30
      vertex 17.374983487852948 -32.93540331384036 30
    endloop
  endfacet
  facet normal 0 0 -1
    outer loop
      vertex 12.85 -33 30
      vertex 17.780523387731854 -33.103383440453634 30
      vertex 17.889730717129243 -33.11958281750622 30
    endloop
  endfacet
  facet normal 0 0 -1
    outer loop
      vertex 12.85 -33 30
      vertex 17.889730717129243 -33.11958281750622 30
      vertex 18 -33.125 30
    endloop
  endfacet
  facet normal 0 0 -1
    outer loop
      vertex 12.85 -33 30
      vertex 18 -33.125 30
      vertex 19 -35 30
    endloop
  endfacet
  facet normal 0 0 -1
    outer loop
      vertex 12.85 -33 30
      vertex 16.875 -32 30
      vertex 16.88041718249378 -32.11026928287075 30
    endloop
  endfacet
  facet normal 0 0 -1
    outer loop
      vertex 12.85 -33 30
      vertex 16.88041718249378 -31.889730717129243 30
      vertex 16.875 -32 30
    endloop
  endfacet
  facet normal 0 0 -1
    outer loop
      vertex 12.85 -33 30
      vertex 16.896616559546366 -31.780523387731854 30
      vertex 16.88041718249378 -31.889730717129243 30
    endloop
  endfacet
  facet normal 0 0 -1
    outer loop
      vertex 12.85 -33 30
      vertex 16.923442122301264 -31.67342973808873 30
      vertex 16.896616559546366 -31.780523387731854 30
    endloop
  endfacet
  facet normal 0 0 -1
    outer loop
      vertex 12.85 -33 30
      vertex 16.960635525924804 -31.569481138589275 30
      vertex 16.923442122301264 -31.67342973808873 30
    endloop
  endfacet
  facet normal 0 0 -1
    outer loop
      vertex 12.85 -33 30
      vertex 17.0078385776081 -31.469678671070753 30
      vertex 16.960635525924804 -31.569481138589275 30
    endloop
  endfacet
  facet normal 0 0 -1
    outer loop
      vertex 12.85 -33 30
      vertex 17.064596686159636 -31.374983487852948 30
      vertex 17.0078385776081 -31.469678671070753 30
    endloop
  endfacet
  facet normal 0 0 -1
    outer loop
      vertex 12.85 -33 30
      vertex 17.130363239966922 -31.286307555315897 30
      vertex 17.064596686159636 -31.374983487852948 30
    endloop
  endfacet
  facet normal 0 0 -1
    outer loop
      vertex 12.85 -33 30
      vertex 17.204504871165135 -31.204504871165135 30
      vertex 17.130363239966922 -31.286307555315897 30
    endloop
  endfacet
  facet normal 0 0 -1
    outer loop
      vertex 12.85 -33 30
      vertex 17.286307555315897 -31.130363239966922 30
      vertex 17.204504871165135 -31.204504871165135 30
    endloop
  endfacet
  facet normal 0 0 -1
    outer loop
      vertex 12.85 -33 30
      vertex 17.374983487852948 -31.064596686159636 30
      vertex 17.286307555315897 -31.130363239966922 30
    endloop
  endfacet
  facet normal 0 0 -1
    outer loop
      vertex 12.85 -33 30
      vertex 14.45663778739038 -13.824944289445495 30
      vertex 14.544928178470546 -13.972247907784304 30
    endloop
  endfacet
  facet normal 0 0 -1
    outer loop
      vertex 12.85 -33 30
      vertex 14.544928178470546 -13.972247907784304 30
      vertex 14.64723170661521 -14.110188247286379 30
    endloop
  endfacet
  facet normal 0 0 -1
    outer loop
      vertex 12.85 -33 30
      vertex 14.283625759294347 -13.341408063528224 30
      vertex 14.325354412468634 -13.507998185195309 30
    endloop
  endfacet
  facet normal 0 0 -1
    outer loop
      vertex 12.85 -33 30
      vertex 14.258426728323656 -13.171529995576732 30
      vertex 14.283625759294347 -13.341408063528224 30
    endloop
  endfacet
  facet normal 0 0 -1
    outer loop
      vertex 12.85 -33 30
      vertex 14.25 -13 30
      vertex 14.258426728323656 -13.171529995576732 30
    endloop
  endfacet
  facet normal 0 0 -1
    outer loop
      vertex 12.85 -33 30
      vertex 14.383210818105248 -13.669696006638906 30
      vertex 14.45663778739038 -13.824944289445495 30
    endloop
  endfacet
  facet normal 0 0 -1
    outer loop
      vertex 12.85 -33 30
      vertex 14.325354412468634 -13.507998185195309 30
      vertex 14.383210818105248 -13.669696006638906 30
    endloop
  endfacet
  facet normal 0 0 -1
    outer loop
      vertex 12.85 -33 30
      vertex 14.762563132923542 -14.237436867076458 30
      vertex 14.889811752713621 -14.35276829338479 30
    endloop
  endfacet
  facet normal 0 0 -1
    outer loop
      vertex 12.85 -33 30
      vertex 14.64723170661521 -14.110188247286379 30
      vertex 14.762563132923542 -14.237436867076458 30
    endloop
  endfacet
  facet normal 0 0 -1
    outer loop
      vertex 12.85 -33 30
      vertex 14.889811752713621 -14.35276829338479 30
      vertex 15.027752092215696 -14.455071821529454 30
    endloop
  endfacet
  facet normal 0 0 -1
    outer loop
      vertex 12.85 -33 30
      vertex 15.027752092215696 -14.455071821529454 30
      vertex 15.175055710554505 -14.54336221260962 30
    endloop
  endfacet
  facet normal 0 0 -1
    outer loop
      vertex 12.85 -33 30
      vertex 16.50799818519531 -14.674645587531366 30
      vertex 17.374983487852948 -31.064596686159636 30
    endloop
  endfacet
  facet normal 0 0 -1
    outer loop
      vertex 16.50799818519531 -14.674645587531366 30
      vertex 17.469678671070753 -31.0078385776081 30
      vertex 17.374983487852948 -31.064596686159636 30
    endloop
  endfacet
  facet normal 0 0 -1
    outer loop
      vertex 16.50799818519531 -14.674645587531366 30
      vertex 17.569481138589275 -30.960635525924804 30
      vertex 17.469678671070753 -31.0078385776081 30
    endloop
  endfacet
  facet normal 0 0 -1
    outer loop
      vertex 12.85 -33 30
      vertex 15.658591936471776 -14.716374240705653 30
      vertex 15.828470004423268 -14.741573271676344 30
    endloop
  endfacet
  facet normal 0 0 -1
    outer loop
      vertex 12.85 -33 30
      vertex 15.828470004423268 -14.741573271676344 30
      vertex 16 -14.75 30
    endloop
  endfacet
  facet normal 0 0 -1
    outer loop
      vertex 12.85 -33 30
      vertex 16 -14.75 30
      vertex 16.17152999557673 -14.741573271676344 30
    endloop
  endfacet
  facet normal 0 0 -1
    outer loop
      vertex 12.85 -33 30
      vertex 16.17152999557673 -14.741573271676344 30
      vertex 16.341408063528224 -14.716374240705653 30
    endloop
  endfacet
  facet normal 0 0 -1
    outer loop
      vertex 12.85 -33 30
      vertex 15.175055710554505 -14.54336221260962 30
      vertex 15.330303993361094 -14.616789181894752 30
    endloop
  endfacet
  facet normal 0 0 -1
    outer loop
      vertex 12.85 -33 30
      vertex 15.330303993361094 -14.616789181894752 30
      vertex 15.492001814804691 -14.674645587531366 30
    endloop
  endfacet
  facet normal 0 0 -1
    outer loop
      vertex 12.85 -33 30
      vertex 15.492001814804691 -14.674645587531366 30
      vertex 15.658591936471776 -14.716374240705653 30
    endloop
  endfacet
  facet normal 0 0 -1
    outer loop
      vertex 12.85 -33 30
      vertex 16.341408063528224 -14.716374240705653 30
      vertex 16.50799818519531 -14.674645587531366 30
    endloop
  endfacet
  facet normal 0 0 -1
    outer loop
      vertex 16.50799818519531 -14.674645587531366 30
      vertex 16.669696006638908 -14.616789181894752 30
      vertex 18.530321328929247 -31.0078385776081 30
    endloop
  endfacet
  facet normal 0 0 -1
    outer loop
      vertex 19 -35 30
      vertex 18 -33.125 30
      vertex 18.110269282870757 -33.11958281750622 30
    endloop
  endfacet
  facet normal 0 0 -1
    outer loop
      vertex 19 -35 30
      vertex 18.110269282870757 -33.11958281750622 30
      vertex 18.219476612268146 -33.103383440453634 30
    endloop
  endfacet
  facet normal 0 0 -1
    outer loop
      vertex 19 -35 30
      vertex 18.219476612268146 -33.103383440453634 30
      vertex 18.32657026191127 -33.07655787769873 30
    endloop
  endfacet
  facet normal 0 0 -1
    outer loop
      vertex 19 -35 30
      vertex 18.32657026191127 -33.07655787769873 30
      vertex 18.430518861410725 -33.0393644740752 30
    endloop
  endfacet
  facet normal 0 0 -1
    outer loop
      vertex 19 -35 30
      vertex 18.430518861410725 -33.0393644740752 30
      vertex 18.530321328929247 -32.9921614223919 30
    endloop
  endfacet
  facet normal 0 0 -1
    outer loop
      vertex 19 -35 30
      vertex 18.530321328929247 -32.9921614223919 30
      vertex 18.625016512147052 -32.93540331384036 30
    endloop
  endfacet
  facet normal 0 0 -1
    outer loop
      vertex 19 -35 30
      vertex 18.625016512147052 -32.93540331384036 30
      vertex 18.713692444684103 -32.86963676003308 30
    endloop
  endfacet
  facet normal 0 0 -1
    outer loop
      vertex 19 -35 30
      vertex 18.713692444684103 -32.86963676003308 30
      vertex 18.795495128834865 -32.795495128834865 30
    endloop
  endfacet
  facet normal 0 0 -1
    outer loop
      vertex 19 -35 30
      vertex 19.039364474075196 -32.430518861410725 30
      vertex 19.196034282445908 -34.99036945402622 30
    endloop
  endfacet
  facet normal 0 0 -1
    outer loop
      vertex 19 -35 30
      vertex 18.795495128834865 -32.795495128834865 30
      vertex 18.869636760033078 -32.7136924446841 30
    endloop
  endfacet
  facet normal 0 0 -1
    outer loop
      vertex 19 -35 30
      vertex 18.869636760033078 -32.7136924446841 30
      vertex 18.935403313840364 -32.625016512147056 30
    endloop
  endfacet
  facet normal 0 0 -1
    outer loop
      vertex 19 -35 30
      vertex 18.935403313840364 -32.625016512147056 30
      vertex 18.9921614223919 -32.53032132892925 30
    endloop
  endfacet
  facet normal 0 0 -1
    outer loop
      vertex 19 -35 30
      vertex 18.9921614223919 -32.53032132892925 30
      vertex 19.039364474075196 -32.430518861410725 30
    endloop
  endfacet
  facet normal 0 0 -1
    outer loop
      vertex 19.196034282445908 -34.99036945402622 30
      vertex 19.039364474075196 -32.430518861410725 30
      vertex 19.076557877698736 -32.32657026191127 30
    endloop
  endfacet
  facet normal 0 0 -1
    outer loop
      vertex 19.196034282445908 -34.99036945402622 30
      vertex 19.076557877698736 -32.32657026191127 30
      vertex 19.103383440453634 -32.219476612268146 30
    endloop
  endfacet
  facet normal 0 0 -1
    outer loop
      vertex 19.196034282445908 -34.99036945402622 30
      vertex 19.103383440453634 -32.219476612268146 30
      vertex 19.11958281750622 -32.11026928287075 30
    endloop
  endfacet
  facet normal 0 0 -1
    outer loop
      vertex 19.196034282445908 -34.99036945402622 30
      vertex 19.11958281750622 -32.11026928287075 30
      vertex 19.125 -32 30
    endloop
  endfacet
  facet normal 0 0 -1
    outer loop
      vertex 16.50799818519531 -14.674645587531366 30
      vertex 17.67342973808873 -30.923442122301264 30
      vertex 17.569481138589275 -30.960635525924804 30
    endloop
  endfacet
  facet normal 0 0 -1
    outer loop
      vertex 16.50799818519531 -14.674645587531366 30
      vertex 17.780523387731854 -30.896616559546366 30
      vertex 17.67342973808873 -30.923442122301264 30
    endloop
  endfacet
  facet normal 0 0 -1
    outer loop
      vertex 16.50799818519531 -14.674645587531366 30
      vertex 17.889730717129243 -30.88041718249378 30
      vertex 17.780523387731854 -30.896616559546366 30
    endloop
  endfacet
  facet normal 0 0 -1
    outer loop
      vertex 16.50799818519531 -14.674645587531366 30
      vertex 18 -30.875 30
      vertex 17.889730717129243 -30.88041718249378 30
    endloop
  endfacet
  facet normal 0 0 -1
    outer loop
      vertex 16.50799818519531 -14.674645587531366 30
      vertex 18.110269282870757 -30.88041718249378 30
      vertex 18 -30.875 30
    endloop
  endfacet
  facet normal 0 0 -1
    outer loop
      vertex 16.50799818519531 -14.674645587531366 30
      vertex 18.219476612268146 -30.896616559546366 30
      vertex 18.110269282870757 -30.88041718249378 30
    endloop
  endfacet
  facet normal 0 0 -1
    outer loop
      vertex 16.50799818519531 -14.674645587531366 30
      vertex 18.32657026191127 -30.923442122301264 30
      vertex 18.219476612268146 -30.896616559546366 30
    endloop
  endfacet
  facet normal 0 0 -1
    outer loop
      vertex 16.50799818519531 -14.674645587531366 30
      vertex 18.430518861410725 -30.960635525924804 30
      vertex 18.32657026191127 -30.923442122301264 30
    endloop
  endfacet
  facet normal 0 0 -1
    outer loop
      vertex 16.50799818519531 -14.674645587531366 30
      vertex 18.530321328929247 -31.0078385776081 30
      vertex 18.430518861410725 -30.960635525924804 30
    endloop
  endfacet
  facet normal 0 0 -1
    outer loop
      vertex 16.972247907784304 -14.455071821529454 30
      vertex 18.625016512147052 -31.064596686159636 30
      vertex 18.530321328929247 -31.0078385776081 30
    endloop
  endfacet
  facet normal 0 0 -1
    outer loop
      vertex 17.35276829338479 -14.110188247286379 30
      vertex 18.713692444684103 -31.130363239966922 30
      vertex 18.625016512147052 -31.064596686159636 30
    endloop
  endfacet
  facet normal 0 0 -1
    outer loop
      vertex 17.75 -13 30
      vertex 18.869636760033078 -31.286307555315897 30
      vertex 18.795495128834865 -31.204504871165135 30
    endloop
  endfacet
  facet normal 0 0 -1
    outer loop
      vertex 17.75 -13 30
      vertex 18.795495128834865 -31.204504871165135 30
      vertex 18.713692444684103 -31.130363239966922 30
    endloop
  endfacet
  facet normal 0 0 -1
    outer loop
      vertex 16.669696006638908 -14.616789181894752 30
      vertex 16.824944289445497 -14.54336221260962 30
      vertex 18.530321328929247 -31.0078385776081 30
    endloop
  endfacet
  facet normal 0 0 -1
    outer loop
      vertex 16.824944289445497 -14.54336221260962 30
      vertex 16.972247907784304 -14.455071821529454 30
      vertex 18.530321328929247 -31.0078385776081 30
    endloop
  endfacet
  facet normal 0 0 -1
    outer loop
      vertex 16.972247907784304 -14.455071821529454 30
      vertex 17.11018824728638 -14.35276829338479 30
      vertex 18.625016512147052 -31.064596686159636 30
    endloop
  endfacet
  facet normal 0 0 -1
    outer loop
      vertex 17.11018824728638 -14.35276829338479 30
      vertex 17.237436867076458 -14.237436867076458 30
      vertex 18.625016512147052 -31.064596686159636 30
    endloop
  endfacet
  facet normal 0 0 -1
    outer loop
      vertex 17.237436867076458 -14.237436867076458 30
      vertex 17.35276829338479 -14.110188247286379 30
      vertex 18.625016512147052 -31.064596686159636 30
    endloop
  endfacet
  facet normal 0 0 -1
    outer loop
      vertex 17.35276829338479 -14.110188247286379 30
      vertex 17.455071821529454 -13.972247907784304 30
      vertex 18.713692444684103 -31.130363239966922 30
    endloop
  endfacet
  facet normal 0 0 -1
    outer loop
      vertex 17.455071821529454 -13.972247907784304 30
      vertex 17.543362212609622 -13.824944289445495 30
      vertex 18.713692444684103 -31.130363239966922 30
    endloop
  endfacet
  facet normal 0 0 -1
    outer loop
      vertex 17.543362212609622 -13.824944289445495 30
      vertex 17.616789181894752 -13.669696006638906 30
      vertex 18.713692444684103 -31.130363239966922 30
    endloop
  endfacet
  facet normal 0 0 -1
    outer loop
      vertex 17.616789181894752 -13.669696006638906 30
      vertex 17.674645587531366 -13.507998185195309 30
      vertex 18.713692444684103 -31.130363239966922 30
    endloop
  endfacet
  facet normal 0 0 -1
    outer loop
      vertex 17.674645587531366 -13.507998185195309 30
      vertex 17.716374240705655 -13.341408063528224 30
      vertex 18.713692444684103 -31.130363239966922 30
    endloop
  endfacet
  facet normal 0 0 -1
    outer loop
      vertex 17.716374240705655 -13.341408063528224 30
      vertex 17.741573271676344 -13.171529995576732 30
      vertex 18.713692444684103 -31.130363239966922 30
    endloop
  endfacet
  facet normal 0 0 -1
    outer loop
      vertex 17.741573271676344 -13.171529995576732 30
      vertex 17.75 -13 30
      vertex 18.713692444684103 -31.130363239966922 30
    endloop
  endfacet
  facet normal 0 0 -1
    outer loop
      vertex 12.85 -33 30
      vertex 14.25 8 30
      vertex 14.25 -13 30
    endloop
  endfacet
  facet normal 0 0 -1
    outer loop
      vertex 14.25 -13 30
      vertex 14.25 8 30
      vertex 14.258426728323656 -12.828470004423268 30
    endloop
  endfacet
  facet normal 0 0 -1
    outer loop
      vertex 14.258426728323656 -12.828470004423268 30
      vertex 14.283625759294347 7.658591936471775 30
      vertex 14.283625759294347 -12.658591936471776 30
    endloop
  endfacet
  facet normal 0 0 -1
    outer loop
      vertex 14.283625759294347 -12.658591936471776 30
      vertex 14.283625759294347 7.658591936471775 30
      vertex 14.325354412468634 -12.492001814804691 30
    endloop
  endfacet
  facet normal 0 0 -1
    outer loop
      vertex 14.325354412468634 -12.492001814804691 30
      vertex 14.383210818105248 7.330303993361093 30
      vertex 14.383210818105248 -12.330303993361094 30
    endloop
  endfacet
  facet normal 0 0 -1
    outer loop
      vertex 12.85 -33 30
      vertex 12.85 19 30
      vertex 14.25 8 30
    endloop
  endfacet
  facet normal 0 0 -1
    outer loop
      vertex 14.383210818105248 -12.330303993361094 30
      vertex 14.383210818105248 7.330303993361093 30
      vertex 14.45663778739038 -12.175055710554505 30
    endloop
  endfacet
  facet normal 0 0 -1
    outer loop
      vertex 14.45663778739038 -12.175055710554505 30
      vertex 14.45663778739038 7.1750557105545045 30
      vertex 14.544928178470546 -12.027752092215696 30
    endloop
  endfacet
  facet normal 0 0 -1
    outer loop
      vertex 14.544928178470546 -12.027752092215696 30
      vertex 14.544928178470546 7.027752092215696 30
      vertex 14.64723170661521 -11.889811752713621 30
    endloop
  endfacet
  facet normal 0 0 -1
    outer loop
      vertex 14.64723170661521 -11.889811752713621 30
      vertex 14.64723170661521 6.88981175271362 30
      vertex 14.762563132923542 -11.762563132923542 30
    endloop
  endfacet
  facet normal 0 0 -1
    outer loop
      vertex 14.762563132923542 -11.762563132923542 30
      vertex 14.762563132923542 6.762563132923542 30
      vertex 14.889811752713621 -11.64723170661521 30
    endloop
  endfacet
  facet normal 0 0 -1
    outer loop
      vertex 14.889811752713621 -11.64723170661521 30
      vertex 14.889811752713621 6.6472317066152105 30
      vertex 15.027752092215696 -11.544928178470546 30
    endloop
  endfacet
  facet normal 0 0 -1
    outer loop
      vertex 15.027752092215696 -11.544928178470546 30
      vertex 15.027752092215696 6.5449281784705455 30
      vertex 15.175055710554505 -11.45663778739038 30
    endloop
  endfacet
  facet normal 0 0 -1
    outer loop
      vertex 15.175055710554505 -11.45663778739038 30
      vertex 15.175055710554505 6.456637787390378 30
      vertex 15.330303993361094 -11.383210818105248 30
    endloop
  endfacet
  facet normal 0 0 -1
    outer loop
      vertex 15.330303993361094 -11.383210818105248 30
      vertex 15.330303993361094 6.3832108181052485 30
      vertex 15.492001814804691 -11.325354412468634 30
    endloop
  endfacet
  facet normal 0 0 -1
    outer loop
      vertex 15.492001814804691 -11.325354412468634 30
      vertex 15.492001814804691 6.325354412468634 30
      vertex 15.658591936471776 -11.283625759294347 30
    endloop
  endfacet
  facet normal 0 0 -1
    outer loop
      vertex 15.658591936471776 -11.283625759294347 30
      vertex 15.658591936471776 6.283625759294347 30
      vertex 15.828470004423268 -11.258426728323656 30
    endloop
  endfacet
  facet normal 0 0 -1
    outer loop
      vertex 15.828470004423268 -11.258426728323656 30
      vertex 15.828470004423268 6.258426728323656 30
      vertex 16 -11.25 30
    endloop
  endfacet
  facet normal 0 0 -1
    outer loop
      vertex 16 -11.25 30
      vertex 16 6.25 30
      vertex 16.17152999557673 -11.258426728323656 30
    endloop
  endfacet
  facet normal 0 0 -1
    outer loop
      vertex 16.17152999557673 -11.258426728323656 30
      vertex 16.17152999557673 6.258426728323656 30
      vertex 16.341408063528224 -11.283625759294347 30
    endloop
  endfacet
  facet normal 0 0 -1
    outer loop
      vertex 16.341408063528224 -11.283625759294347 30
      vertex 16.341408063528224 6.283625759294347 30
      vertex 16.50799818519531 -11.325354412468634 30
    endloop
  endfacet
  facet normal 0 0 -1
    outer loop
      vertex 16.50799818519531 -11.325354412468634 30
      vertex 16.50799818519531 6.325354412468634 30
      vertex 16.669696006638908 -11.383210818105248 30
    endloop
  endfacet
  facet normal 0 0 -1
    outer loop
      vertex 16.824944289445497 -11.45663778739038 30
      vertex 16.824944289445497 6.456637787390378 30
      vertex 16.972247907784304 -11.544928178470546 30
    endloop
  endfacet
  facet normal 0 0 -1
    outer loop
      vertex 16.669696006638908 -11.383210818105248 30
      vertex 16.824944289445497 6.456637787390378 30
      vertex 16.824944289445497 -11.45663778739038 30
    endloop
  endfacet
  facet normal 0 0 -1
    outer loop
      vertex 17.11018824728638 -11.64723170661521 30
      vertex 16.972247907784304 -11.544928178470546 30
      vertex 16.972247907784304 6.5449281784705455 30
    endloop
  endfacet
  facet normal 0 0 -1
    outer loop
      vertex 17.11018824728638 -11.64723170661521 30
      vertex 17.237436867076458 6.762563132923542 30
      vertex 17.237436867076458 -11.762563132923542 30
    endloop
  endfacet
  facet normal 0 0 -1
    outer loop
      vertex 19.196034282445908 -34.99036945402622 30
      vertex 19.125 -32 30
      vertex 19.039364474075196 31.569481138589275 30
    endloop
  endfacet
  facet normal 0 0 -1
    outer loop
      vertex 19.196034282445908 -34.99036945402622 30
      vertex 19.196034282445908 34.99036945402622 30
      vertex 19.3901806473732 -34.96157056093216 30
    endloop
  endfacet
  facet normal 0 0 -1
    outer loop
      vertex 19.3901806473732 -34.96157056093216 30
      vertex 19.3901806473732 34.96157056093216 30
      vertex 19.580569356679916 -34.91388066858053 30
    endloop
  endfacet
  facet normal 0 0 -1
    outer loop
      vertex 19.580569356679916 -34.91388066858053 30
      vertex 19.580569356679916 34.91388066858053 30
      vertex 19.76536686718464 -34.84775906801224 30
    endloop
  endfacet
  facet normal 0 0 -1
    outer loop
      vertex 19.76536686718464 -34.84775906801224 30
      vertex 19.76536686718464 34.84775906801224 30
      vertex 19.94279347360134 -34.76384253054857 30
    endloop
  endfacet
  facet normal 0 0 -1
    outer loop
      vertex 19.039364474075196 31.569481138589275 30
      vertex 18.9921614223919 -31.469678671070753 30
      vertex 18.935403313840364 -31.374983487852948 30
    endloop
  endfacet
  facet normal 0 0 -1
    outer loop
      vertex 18.9921614223919 -31.469678671070753 30
      vertex 19.039364474075196 31.569481138589275 30
      vertex 19.039364474075196 -31.569481138589275 30
    endloop
  endfacet
  facet normal 0 0 -1
    outer loop
      vertex 19.039364474075196 31.569481138589275 30
      vertex 19.11958281750622 -31.889730717129243 30
      vertex 19.103383440453634 -31.780523387731854 30
    endloop
  endfacet
  facet normal 0 0 -1
    outer loop
      vertex 19.039364474075196 31.569481138589275 30
      vertex 19.125 -32 30
      vertex 19.11958281750622 -31.889730717129243 30
    endloop
  endfacet
  facet normal 0 0 -1
    outer loop
      vertex 19.039364474075196 31.569481138589275 30
      vertex 19.103383440453634 -31.780523387731854 30
      vertex 19.076557877698736 -31.67342973808873 30
    endloop
  endfacet
  facet normal 0 0 -1
    outer loop
      vertex 19.039364474075196 31.569481138589275 30
      vertex 19.076557877698736 -31.67342973808873 30
      vertex 19.039364474075196 -31.569481138589275 30
    endloop
  endfacet
  facet normal 0 0 -1
    outer loop
      vertex 19.039364474075196 31.569481138589275 30
      vertex 18.935403313840364 -31.374983487852948 30
      vertex 18.869636760033078 -31.286307555315897 30
    endloop
  endfacet
  facet normal 0 0 -1
    outer loop
      vertex 19.94279347360134 -34.76384253054857 30
      vertex 19.94279347360134 34.76384253054857 30
      vertex 20.111140467226505 -34.662939228117466 30
    endloop
  endfacet
  facet normal 0 0 -1
    outer loop
      vertex 20.111140467226505 -34.662939228117466 30
      vertex 20.111140467226505 34.662939228117466 30
      vertex 20.268786571919918 -34.54602091014385 30
    endloop
  endfacet
  facet normal 0 0 -1
    outer loop
      vertex 20.268786571919918 -34.54602091014385 30
      vertex 20.268786571919918 34.54602091014385 30
      vertex 20.414213560521603 -34.4142135605216 30
    endloop
  endfacet
  facet normal 0 0 -1
    outer loop
      vertex 20.414213560521603 -34.4142135605216 30
      vertex 20.414213560521603 34.4142135605216 30
      vertex 20.546020910143852 -34.26878657191992 30
    endloop
  endfacet
  facet normal 0 0 -1
    outer loop
      vertex 20.546020910143852 -34.26878657191992 30
      vertex 20.546020910143852 34.26878657191992 30
      vertex 20.662939228117466 -34.111140467226505 30
    endloop
  endfacet
  facet normal 0 0 -1
    outer loop
      vertex 20.662939228117466 -34.111140467226505 30
      vertex 20.662939228117466 34.111140467226505 30
      vertex 20.763842530548573 -33.94279347360134 30
    endloop
  endfacet
  facet normal 0 0 -1
    outer loop
      vertex 20.763842530548573 -33.94279347360134 30
      vertex 20.763842530548573 33.94279347360134 30
      vertex 20.847759068012238 -33.76536686718464 30
    endloop
  endfacet
  facet normal 0 0 -1
    outer loop
      vertex 20.847759068012238 -33.76536686718464 30
      vertex 20.847759068012238 33.76536686718464 30
      vertex 20.913880668580532 -33.580569356679916 30
    endloop
  endfacet
  facet normal 0 0 -1
    outer loop
      vertex 20.913880668580532 -33.580569356679916 30
      vertex 20.913880668580532 33.580569356679916 30
      vertex 20.96157056093216 -33.3901806473732 30
    endloop
  endfacet
  facet normal 0 0 -1
    outer loop
      vertex 20.96157056093216 -33.3901806473732 30
      vertex 20.96157056093216 33.3901806473732 30
      vertex 20.990369454026222 -33.19603428244591 30
    endloop
  endfacet
  facet normal 0 0 -1
    outer loop
      vertex 20.990369454026222 -33.19603428244591 30
      vertex 20.990369454026222 33.19603428244591 30
      vertex 21 -33 30
    endloop
  endfacet
  facet normal 0 0 -1
    outer loop
      vertex 17.674645587531366 -12.492001814804691 30
      vertex 17.616789181894752 -12.330303993361094 30
      vertex 17.616789181894752 7.330303993361093 30
    endloop
  endfacet
  facet normal 0 0 -1
    outer loop
      vertex 17.741573271676344 -12.828470004423268 30
      vertex 17.716374240705655 -12.658591936471776 30
      vertex 17.716374240705655 7.658591936471775 30
    endloop
  endfacet
  facet normal 0 0 -1
    outer loop
      vertex 17.674645587531366 -12.492001814804691 30
      vertex 17.716374240705655 7.658591936471775 30
      vertex 17.716374240705655 -12.658591936471776 30
    endloop
  endfacet
  facet normal 0 0 -1
    outer loop
      vertex 17.237436867076458 -11.762563132923542 30
      vertex 17.237436867076458 6.762563132923542 30
      vertex 17.35276829338479 -11.889811752713621 30
    endloop
  endfacet
  facet normal 0 0 -1
    outer loop
      vertex 17.35276829338479 -11.889811752713621 30
      vertex 17.35276829338479 6.88981175271362 30
      vertex 17.455071821529454 -12.027752092215696 30
    endloop
  endfacet
  facet normal 0 0 -1
    outer loop
      vertex 17.543362212609622 -12.175055710554505 30
      vertex 17.455071821529454 -12.027752092215696 30
      vertex 17.455071821529454 7.027752092215696 30
    endloop
  endfacet
  facet normal 0 0 -1
    outer loop
      vertex 17.543362212609622 -12.175055710554505 30
      vertex 17.616789181894752 7.330303993361093 30
      vertex 17.616789181894752 -12.330303993361094 30
    endloop
  endfacet
  facet normal 0 0 -1
    outer loop
      vertex 17.75 -13 30
      vertex 19.039364474075196 31.569481138589275 30
      vertex 18.869636760033078 -31.286307555315897 30
    endloop
  endfacet
  facet normal 0 -1 0
    outer loop
      vertex -19 35 0
      vertex 19 35 0
      vertex 19 35 30
    endloop
  endfacet
  facet normal -0.0490676704157047 -0.9987954563973426 0
    outer loop
      vertex 19 35 0
      vertex 19.196034282445908 34.99036945402622 0
      vertex 19.196034282445908 34.99036945402622 30
    endloop
  endfacet
  facet normal -0.14673047607854156 -0.9891765097240051 0
    outer loop
      vertex 19.196034282445908 34.99036945402622 0
      vertex 19.3901806473732 34.96157056093216 0
      vertex 19.3901806473732 34.96157056093216 30
    endloop
  endfacet
  facet normal -0.24298019573678306 -0.970031249228454 0
    outer loop
      vertex 19.3901806473732 34.96157056093216 0
      vertex 19.580569356679916 34.91388066858053 0
      vertex 19.580569356679916 34.91388066858053 30
    endloop
  endfacet
  facet normal -0.33688982640476 -0.9415440748392879 0
    outer loop
      vertex 19.580569356679916 34.91388066858053 0
      vertex 19.76536686718464 34.84775906801224 0
      vertex 19.76536686718464 34.84775906801224 30
    endloop
  endfacet
  facet normal -0.42755510310083966 -0.9039892885496102 0
    outer loop
      vertex 19.76536686718464 34.84775906801224 0
      vertex 19.94279347360134 34.76384253054857 0
      vertex 19.94279347360134 34.76384253054857 30
    endloop
  endfacet
  facet normal -0.5141027351876691 -0.8577286153979926 0
    outer loop
      vertex 20.111140467226505 34.662939228117466 0
      vertex 20.111140467226505 34.662939228117466 30
      vertex 19.94279347360134 34.76384253054857 0
    endloop
  endfacet
  facet normal -0.5956992989376801 -0.8032075356003305 0
    outer loop
      vertex 20.111140467226505 34.662939228117466 0
      vertex 20.268786571919918 34.54602091014385 0
      vertex 20.268786571919918 34.54602091014385 30
    endloop
  endfacet
  facet normal -0.671558983390028 -0.7409510994850822 0
    outer loop
      vertex 20.268786571919918 34.54602091014385 0
      vertex 20.414213560521603 34.4142135605216 0
      vertex 20.414213560521603 34.4142135605216 30
    endloop
  endfacet
  facet normal -0.8577286153979926 -0.5141027351876691 0
    outer loop
      vertex 20.763842530548573 33.94279347360134 0
      vertex 20.763842530548573 33.94279347360134 30
      vertex 20.662939228117466 34.111140467226505 0
    endloop
  endfacet
  facet normal -0.9039892885496102 -0.42755510310083966 0
    outer loop
      vertex 20.763842530548573 33.94279347360134 0
      vertex 20.847759068012238 33.76536686718464 0
      vertex 20.847759068012238 33.76536686718464 30
    endloop
  endfacet
  facet normal -0.7409510994850822 -0.671558983390028 0
    outer loop
      vertex 20.414213560521603 34.4142135605216 0
      vertex 20.546020910143852 34.26878657191992 0
      vertex 20.546020910143852 34.26878657191992 30
    endloop
  endfacet
  facet normal -0.8032075356003305 -0.5956992989376801 0
    outer loop
      vertex 20.546020910143852 34.26878657191992 0
      vertex 20.662939228117466 34.111140467226505 0
      vertex 20.662939228117466 34.111140467226505 30
    endloop
  endfacet
  facet normal -0.9987954563973426 -0.0490676704157047 0
    outer loop
      vertex 21 33 0
      vertex 21 33 30
      vertex 20.990369454026222 33.19603428244591 0
    endloop
  endfacet
  facet normal -0.9891765097240051 -0.14673047607854156 0
    outer loop
      vertex 20.990369454026222 33.19603428244591 0
      vertex 20.990369454026222 33.19603428244591 30
      vertex 20.96157056093216 33.3901806473732 0
    endloop
  endfacet
  facet normal -0.970031249228454 -0.24298019573678306 0
    outer loop
      vertex 20.96157056093216 33.3901806473732 0
      vertex 20.96157056093216 33.3901806473732 30
      vertex 20.913880668580532 33.580569356679916 0
    endloop
  endfacet
  facet normal -0.9415440748392879 -0.33688982640476 0
    outer loop
      vertex 20.913880668580532 33.580569356679916 0
      vertex 20.913880668580532 33.580569356679916 30
      vertex 20.847759068012238 33.76536686718464 0
    endloop
  endfacet
  facet normal 0 0 -1
    outer loop
      vertex -3.8404843199558947 -0.04841007375453177 30
      vertex -3.9393398282201786 0.060660171779821415 30
      vertex 7.9 18.9 30
    endloop
  endfacet
  facet normal 0 0 -1
    outer loop
      vertex -3.752795581546182 -0.16664465047059673 30
      vertex 7.9 18.9 30
      vertex -3.6771181034774676 -0.29290489476100356 30
    endloop
  endfacet
  facet normal 0 0 -1
    outer loop
      vertex -3.8404843199558947 -0.04841007375453177 30
      vertex 7.9 18.9 30
      vertex -3.752795581546182 -0.16664465047059673 30
    endloop
  endfacet
  facet normal 0 0 -1
    outer loop
      vertex -3.6771181034774676 -0.29290489476100356 30
      vertex 7.9 18.9 30
      vertex -3.61418070123307 -0.42597485145236536 30
    endloop
  endfacet
  facet normal 0 0 -1
    outer loop
      vertex -3.61418070123307 -0.42597485145236536 30
      vertex 8.007818854362517 18.905296800660583 30
      vertex -3.5645894964016867 -0.5645729841183065 30
    endloop
  endfacet
  facet normal 0 0 -1
    outer loop
      vertex -3.5645894964016867 -0.5645729841183065 30
      vertex 8.219313144979909 18.94736563069457 30
      vertex -3.5288220793951544 -0.7073645169758076 30
    endloop
  endfacet
  facet normal 0 0 -1
    outer loop
      vertex -3.5288220793951544 -0.7073645169758076 30
      vertex 8.3209517756016 18.983732514237584 30
      vertex -3.5072229099917047 -0.8529742895056591 30
    endloop
  endfacet
  facet normal 0 0 -1
    outer loop
      vertex 10.85 19 30
      vertex -3.5288220793951544 -1.2926354830241924 30
      vertex -3.5072229099917047 -1.1470257104943409 30
    endloop
  endfacet
  facet normal 0 0 -1
    outer loop
      vertex 10.85 19 30
      vertex -3.5072229099917047 -1.1470257104943409 30
      vertex -3.5 -1 30
    endloop
  endfacet
  facet normal 0 0 -1
    outer loop
      vertex 10.85 19 30
      vertex -3.5 -1 30
      vertex -3.5072229099917047 -0.8529742895056591 30
    endloop
  endfacet
  facet normal 0 0 -1
    outer loop
      vertex -3.61418070123307 -0.42597485145236536 30
      vertex 7.9 18.9 30
      vertex 8.007818854362517 18.905296800660583 30
    endloop
  endfacet
  facet normal 0 0 -1
    outer loop
      vertex -3.5645894964016867 -0.5645729841183065 30
      vertex 8.007818854362517 18.905296800660583 30
      vertex 8.114599354217741 18.921136191556446 30
    endloop
  endfacet
  facet normal 0 0 -1
    outer loop
      vertex -3.5645894964016867 -0.5645729841183065 30
      vertex 8.114599354217741 18.921136191556446 30
      vertex 8.219313144979909 18.94736563069457 30
    endloop
  endfacet
  facet normal 0 0 -1
    outer loop
      vertex -3.5288220793951544 -0.7073645169758076 30
      vertex 8.219313144979909 18.94736563069457 30
      vertex 8.3209517756016 18.983732514237584 30
    endloop
  endfacet
  facet normal 0 0 -1
    outer loop
      vertex 8.418536410508597 19.02988660921681 30
      vertex -3.5072229099917047 -0.8529742895056591 30
      vertex 8.3209517756016 18.983732514237584 30
    endloop
  endfacet
  facet normal 0 0 -1
    outer loop
      vertex 10.85 19 30
      vertex -3.5072229099917047 -0.8529742895056591 30
      vertex 8.418536410508597 19.02988660921681 30
    endloop
  endfacet
  facet normal 0 0 -1
    outer loop
      vertex 10.85 19 30
      vertex 3.6771181034774676 -0.29290489476100356 30
      vertex 3.61418070123307 -0.42597485145236536 30
    endloop
  endfacet
  facet normal 0 0 -1
    outer loop
      vertex 10.85 19 30
      vertex 3.752795581546182 -0.16664465047059673 30
      vertex 3.6771181034774676 -0.29290489476100356 30
    endloop
  endfacet
  facet normal 0 0 -1
    outer loop
      vertex 10.85 19 30
      vertex 3.8404843199558947 -0.04841007375453177 30
      vertex 3.752795581546182 -0.16664465047059673 30
    endloop
  endfacet
  facet normal 0 0 -1
    outer loop
      vertex 10.85 19 30
      vertex 3.9393398282201786 0.060660171779821415 30
      vertex 3.8404843199558947 -0.04841007375453177 30
    endloop
  endfacet
  facet normal 0 0 -1
    outer loop
      vertex 10.85 19 30
      vertex 4.048410073754532 0.15951568004410555 30
      vertex 3.9393398282201786 0.060660171779821415 30
    endloop
  endfacet
  facet normal 0 0 -1
    outer loop
      vertex 10.85 19 30
      vertex 4.166644650470596 0.2472044184538178 30
      vertex 4.048410073754532 0.15951568004410555 30
    endloop
  endfacet
  facet normal 0 0 -1
    outer loop
      vertex 10.85 19 30
      vertex 4.292904894761003 0.32288189652253263 30
      vertex 4.166644650470596 0.2472044184538178 30
    endloop
  endfacet
  facet normal 0 0 -1
    outer loop
      vertex 10.85 19 30
      vertex 4.425974851452366 0.38581929876693 30
      vertex 4.292904894761003 0.32288189652253263 30
    endloop
  endfacet
  facet normal 0 0 -1
    outer loop
      vertex 10.85 19 30
      vertex 4.564572984118307 0.43541050359831335 30
      vertex 4.425974851452366 0.38581929876693 30
    endloop
  endfacet
  facet normal 0 0 -1
    outer loop
      vertex 10.85 19 30
      vertex 4.707364516975808 0.47117792060484565 30
      vertex 4.564572984118307 0.43541050359831335 30
    endloop
  endfacet
  facet normal 0 0 -1
    outer loop
      vertex 10.85 19 30
      vertex 4.852974289505659 0.4927770900082953 30
      vertex 4.707364516975808 0.47117792060484565 30
    endloop
  endfacet
  facet normal 0 0 -1
    outer loop
      vertex 10.85 19 30
      vertex 5 0.5 30
      vertex 4.852974289505659 0.4927770900082953 30
    endloop
  endfacet
  facet normal 0 0 -1
    outer loop
      vertex 10.85 19 30
      vertex 5.147025710494341 0.4927770900082953 30
      vertex 5 0.5 30
    endloop
  endfacet
  facet normal 0 0 -1
    outer loop
      vertex 10.85 19 30
      vertex 5.292635483024192 0.47117792060484565 30
      vertex 5.147025710494341 0.4927770900082953 30
    endloop
  endfacet
  facet normal 0 0 -1
    outer loop
      vertex 10.85 19 30
      vertex 5.435427015881693 0.43541050359831335 30
      vertex 5.292635483024192 0.47117792060484565 30
    endloop
  endfacet
  facet normal 0 0 -1
    outer loop
      vertex 10.85 19 30
      vertex 5.574025148547634 0.38581929876693 30
      vertex 5.435427015881693 0.43541050359831335 30
    endloop
  endfacet
  facet normal 0 0 -1
    outer loop
      vertex 10.85 19 30
      vertex 5.707095105238997 0.32288189652253263 30
      vertex 5.574025148547634 0.38581929876693 30
    endloop
  endfacet
  facet normal 0 0 -1
    outer loop
      vertex 10.85 19 30
      vertex 5.951589926245468 0.15951568004410555 30
      vertex 5.833355349529404 0.2472044184538178 30
    endloop
  endfacet
  facet normal 0 0 -1
    outer loop
      vertex 10.85 19 30
      vertex 5.833355349529404 0.2472044184538178 30
      vertex 5.707095105238997 0.32288189652253263 30
    endloop
  endfacet
  facet normal 0 0 -1
    outer loop
      vertex 10.85 19 30
      vertex 6.159515680044105 -0.04841007375453177 30
      vertex 6.060660171779821 0.060660171779821415 30
    endloop
  endfacet
  facet normal 0 0 -1
    outer loop
      vertex 10.85 19 30
      vertex 6.435410503598313 -0.5645729841183065 30
      vertex 6.38581929876693 -0.42597485145236536 30
    endloop
  endfacet
  facet normal 0 0 -1
    outer loop
      vertex 10.85 19 30
      vertex 6.322881896522532 -0.29290489476100356 30
      vertex 6.247204418453817 -0.16664465047059673 30
    endloop
  endfacet
  facet normal 0 0 -1
    outer loop
      vertex 10.85 19 30
      vertex 6.247204418453817 -0.16664465047059673 30
      vertex 6.159515680044105 -0.04841007375453177 30
    endloop
  endfacet
  facet normal 0 0 -1
    outer loop
      vertex 10.85 19 30
      vertex 6.38581929876693 -0.42597485145236536 30
      vertex 6.322881896522532 -0.29290489476100356 30
    endloop
  endfacet
  facet normal 0 0 -1
    outer loop
      vertex 10.85 19 30
      vertex 6.060660171779821 0.060660171779821415 30
      vertex 5.951589926245468 0.15951568004410555 30
    endloop
  endfacet
  facet normal 0 0 -1
    outer loop
      vertex 10.85 19 30
      vertex 6.471177920604846 -1.2926354830241924 30
      vertex 6.492777090008295 -1.1470257104943409 30
    endloop
  endfacet
  facet normal 0 0 -1
    outer loop
      vertex 10.85 19 30
      vertex 6.492777090008295 -1.1470257104943409 30
      vertex 6.5 -1 30
    endloop
  endfacet
  facet normal 0 0 -1
    outer loop
      vertex 10.85 19 30
      vertex 6.5 -1 30
      vertex 6.492777090008295 -0.8529742895056591 30
    endloop
  endfacet
  facet normal 0 0 -1
    outer loop
      vertex 10.85 19 30
      vertex 6.492777090008295 -0.8529742895056591 30
      vertex 6.471177920604846 -0.7073645169758076 30
    endloop
  endfacet
  facet normal 0 0 -1
    outer loop
      vertex 10.85 19 30
      vertex 6.471177920604846 -0.7073645169758076 30
      vertex 6.435410503598313 -0.5645729841183065 30
    endloop
  endfacet
  facet normal 0 0 -1
    outer loop
      vertex -7.9 21.1 30
      vertex 7.9 23.9 30
      vertex 7.9 21.1 30
    endloop
  endfacet
  facet normal 0 0 -1
    outer loop
      vertex -7.9 26.1 30
      vertex 7.9 28.9 30
      vertex 7.9 26.1 30
    endloop
  endfacet
  facet normal 0 0 -1
    outer loop
      vertex -19 35 30
      vertex 17.469678671070753 32.9921614223919 30
      vertex 17.374983487852948 32.93540331384036 30
    endloop
  endfacet
  facet normal 0 0 -1
    outer loop
      vertex 7.9 21.1 30
      vertex 8.007818854362517 23.905296800660583 30
      vertex 8.007818854362517 21.094703199339417 30
    endloop
  endfacet
  facet normal 0 0 -1
    outer loop
      vertex 8.007818854362517 21.094703199339417 30
      vertex 8.114599354217741 23.921136191556446 30
      vertex 8.114599354217741 21.078863808443554 30
    endloop
  endfacet
  facet normal 0 0 -1
    outer loop
      vertex 8.114599354217741 21.078863808443554 30
      vertex 8.219313144979909 23.94736563069457 30
      vertex 8.219313144979909 21.05263436930543 30
    endloop
  endfacet
  facet normal 0 0 -1
    outer loop
      vertex 8.007818854362517 23.905296800660583 30
      vertex 7.9 21.1 30
      vertex 7.9 23.9 30
    endloop
  endfacet
  facet normal 0 0 -1
    outer loop
      vertex 8.114599354217741 23.921136191556446 30
      vertex 8.007818854362517 21.094703199339417 30
      vertex 8.007818854362517 23.905296800660583 30
    endloop
  endfacet
  facet normal 0 0 -1
    outer loop
      vertex 8.114599354217741 21.078863808443554 30
      vertex 8.114599354217741 23.921136191556446 30
      vertex 8.219313144979909 23.94736563069457 30
    endloop
  endfacet
  facet normal 0 0 -1
    outer loop
      vertex 8.3209517756016 23.983732514237584 30
      vertex 8.219313144979909 21.05263436930543 30
      vertex 8.219313144979909 23.94736563069457 30
    endloop
  endfacet
  facet normal 0 0 -1
    outer loop
      vertex 8.219313144979909 21.05263436930543 30
      vertex 8.3209517756016 23.983732514237584 30
      vertex 8.3209517756016 21.016267485762416 30
    endloop
  endfacet
  facet normal 0 0 -1
    outer loop
      vertex 8.418536410508597 24.02988660921681 30
      vertex 8.418536410508597 20.97011339078319 30
      vertex 8.3209517756016 21.016267485762416 30
    endloop
  endfacet
  facet normal 0 0 -1
    outer loop
      vertex 8.418536410508597 20.97011339078319 30
      vertex 8.511127256321563 24.0853834264672 30
      vertex 8.511127256321563 20.9146165735328 30
    endloop
  endfacet
  facet normal 0 0 -1
    outer loop
      vertex 8.511127256321563 20.9146165735328 30
      vertex 8.59783261258001 24.14968850130099 30
      vertex 8.59783261258001 20.85031149869901 30
    endloop
  endfacet
  facet normal 0 0 -1
    outer loop
      vertex 8.418536410508597 24.02988660921681 30
      vertex 8.3209517756016 21.016267485762416 30
      vertex 8.3209517756016 23.983732514237584 30
    endloop
  endfacet
  facet normal 0 0 -1
    outer loop
      vertex 8.511127256321563 24.0853834264672 30
      vertex 8.418536410508597 20.97011339078319 30
      vertex 8.418536410508597 24.02988660921681 30
    endloop
  endfacet
  facet normal 0 0 -1
    outer loop
      vertex 8.511127256321563 20.9146165735328 30
      vertex 8.511127256321563 24.0853834264672 30
      vertex 8.59783261258001 24.14968850130099 30
    endloop
  endfacet
  facet normal 0 0 -1
    outer loop
      vertex 8.677817459305203 24.2221825406948 30
      vertex 8.59783261258001 20.85031149869901 30
      vertex 8.59783261258001 24.14968850130099 30
    endloop
  endfacet
  facet normal 0 0 -1
    outer loop
      vertex 7.9 26.1 30
      vertex 8.007818854362517 28.905296800660583 30
      vertex 8.007818854362517 26.094703199339417 30
    endloop
  endfacet
  facet normal 0 0 -1
    outer loop
      vertex 8.007818854362517 26.094703199339417 30
      vertex 8.114599354217741 28.921136191556446 30
      vertex 8.114599354217741 26.078863808443554 30
    endloop
  endfacet
  facet normal 0 0 -1
    outer loop
      vertex 8.114599354217741 26.078863808443554 30
      vertex 8.219313144979909 28.94736563069457 30
      vertex 8.219313144979909 26.05263436930543 30
    endloop
  endfacet
  facet normal 0 0 -1
    outer loop
      vertex 8.219313144979909 26.05263436930543 30
      vertex 8.3209517756016 28.983732514237584 30
      vertex 8.3209517756016 26.016267485762416 30
    endloop
  endfacet
  facet normal 0 0 -1
    outer loop
      vertex 8.3209517756016 26.016267485762416 30
      vertex 8.418536410508597 29.02988660921681 30
      vertex 8.418536410508597 25.97011339078319 30
    endloop
  endfacet
  facet normal 0 0 -1
    outer loop
      vertex 8.418536410508597 25.97011339078319 30
      vertex 8.511127256321563 29.0853834264672 30
      vertex 8.511127256321563 25.9146165735328 30
    endloop
  endfacet
  facet normal 0 0 -1
    outer loop
      vertex 8.511127256321563 25.9146165735328 30
      vertex 8.59783261258001 29.14968850130099 30
      vertex 8.59783261258001 25.85031149869901 30
    endloop
  endfacet
  facet normal 0 0 -1
    outer loop
      vertex 10.85 19 30
      vertex 8.418536410508597 19.02988660921681 30
      vertex 8.511127256321563 19.0853834264672 30
    endloop
  endfacet
  facet normal 0 0 -1
    outer loop
      vertex 10.85 19 30
      vertex 8.511127256321563 19.0853834264672 30
      vertex 8.59783261258001 19.14968850130099 30
    endloop
  endfacet
  facet normal 0 0 -1
    outer loop
      vertex 10.85 19 30
      vertex 8.59783261258001 19.14968850130099 30
      vertex 8.677817459305203 19.2221825406948 30
    endloop
  endfacet
  facet normal 0 0 -1
    outer loop
      vertex 10.85 19 30
      vertex 8.677817459305203 19.2221825406948 30
      vertex 8.750311498699011 19.30216738741999 30
    endloop
  endfacet
  facet normal 0 0 -1
    outer loop
      vertex 10.85 19 30
      vertex 8.750311498699011 19.30216738741999 30
      vertex 8.8146165735328 19.388872743678437 30
    endloop
  endfacet
  facet normal 0 0 -1
    outer loop
      vertex 10.85 19 30
      vertex 8.8146165735328 19.388872743678437 30
      vertex 8.87011339078319 19.4814635894914 30
    endloop
  endfacet
  facet normal 0 0 -1
    outer loop
      vertex 10.85 19 30
      vertex 8.87011339078319 19.4814635894914 30
      vertex 8.916267485762416 19.579048224398402 30
    endloop
  endfacet
  facet normal 0 0 -1
    outer loop
      vertex 10.85 19 30
      vertex 8.916267485762416 19.579048224398402 30
      vertex 8.95263436930543 19.68068685502009 30
    endloop
  endfacet
  facet normal 0 0 -1
    outer loop
      vertex 10.85 19 30
      vertex 8.95263436930543 19.68068685502009 30
      vertex 8.978863808443554 19.78540064578226 30
    endloop
  endfacet
  facet normal 0 0 -1
    outer loop
      vertex 10.85 19 30
      vertex 8.978863808443554 19.78540064578226 30
      vertex 8.994703199339417 19.892181145637483 30
    endloop
  endfacet
  facet normal 0 0 -1
    outer loop
      vertex 10.85 19 30
      vertex 8.994703199339417 19.892181145637483 30
      vertex 9 20 30
    endloop
  endfacet
  facet normal 0 0 -1
    outer loop
      vertex 10.85 19 30
      vertex 8.994703199339417 20.107818854362517 30
      vertex 8.978863808443554 20.21459935421774 30
    endloop
  endfacet
  facet normal 0 0 -1
    outer loop
      vertex 10.85 19 30
      vertex 9 20 30
      vertex 8.994703199339417 20.107818854362517 30
    endloop
  endfacet
  facet normal 0 0 -1
    outer loop
      vertex 8.59783261258001 20.85031149869901 30
      vertex 8.677817459305203 24.2221825406948 30
      vertex 8.677817459305203 20.7778174593052 30
    endloop
  endfacet
  facet normal 0 0 -1
    outer loop
      vertex 8.677817459305203 20.7778174593052 30
      vertex 16.960635525924804 31.569481138589275 30
      vertex 8.750311498699011 20.69783261258001 30
    endloop
  endfacet
  facet normal 0 0 -1
    outer loop
      vertex 8.677817459305203 20.7778174593052 30
      vertex 8.677817459305203 24.2221825406948 30
      vertex 16.896616559546366 31.780523387731854 30
    endloop
  endfacet
  facet normal 0 0 -1
    outer loop
      vertex 8.750311498699011 24.30216738741999 30
      vertex 16.896616559546366 31.780523387731854 30
      vertex 8.677817459305203 24.2221825406948 30
    endloop
  endfacet
  facet normal 0 0 -1
    outer loop
      vertex 8.8146165735328 24.388872743678437 30
      vertex 16.896616559546366 31.780523387731854 30
      vertex 8.750311498699011 24.30216738741999 30
    endloop
  endfacet
  facet normal 0 0 -1
    outer loop
      vertex 8.750311498699011 25.69783261258001 30
      vertex 16.896616559546366 31.780523387731854 30
      vertex 8.8146165735328 25.611127256321563 30
    endloop
  endfacet
  facet normal 0 0 -1
    outer loop
      vertex -7.9 31.1 30
      vertex 17.374983487852948 32.93540331384036 30
      vertex 7.9 31.1 30
    endloop
  endfacet
  facet normal 0 0 -1
    outer loop
      vertex 8.007818854362517 28.905296800660583 30
      vertex 7.9 26.1 30
      vertex 7.9 28.9 30
    endloop
  endfacet
  facet normal 0 0 -1
    outer loop
      vertex 8.114599354217741 28.921136191556446 30
      vertex 8.007818854362517 26.094703199339417 30
      vertex 8.007818854362517 28.905296800660583 30
    endloop
  endfacet
  facet normal 0 0 -1
    outer loop
      vertex 8.114599354217741 26.078863808443554 30
      vertex 8.114599354217741 28.921136191556446 30
      vertex 8.219313144979909 28.94736563069457 30
    endloop
  endfacet
  facet normal 0 0 -1
    outer loop
      vertex 8.3209517756016 28.983732514237584 30
      vertex 8.219313144979909 26.05263436930543 30
      vertex 8.219313144979909 28.94736563069457 30
    endloop
  endfacet
  facet normal 0 0 -1
    outer loop
      vertex 8.3209517756016 26.016267485762416 30
      vertex 8.3209517756016 28.983732514237584 30
      vertex 8.418536410508597 29.02988660921681 30
    endloop
  endfacet
  facet normal 0 0 -1
    outer loop
      vertex 8.511127256321563 29.0853834264672 30
      vertex 8.418536410508597 25.97011339078319 30
      vertex 8.418536410508597 29.02988660921681 30
    endloop
  endfacet
  facet normal 0 0 -1
    outer loop
      vertex 8.511127256321563 25.9146165735328 30
      vertex 8.511127256321563 29.0853834264672 30
      vertex 8.59783261258001 29.14968850130099 30
    endloop
  endfacet
  facet normal 0 0 -1
    outer loop
      vertex -19 35 30
      vertex 19 35 30
      vertex 17.469678671070753 32.9921614223919 30
    endloop
  endfacet
  facet normal 0 0 -1
    outer loop
      vertex 8.59783261258001 25.85031149869901 30
      vertex 16.896616559546366 31.780523387731854 30
      vertex 8.677817459305203 25.7778174593052 30
    endloop
  endfacet
  facet normal 0 0 -1
    outer loop
      vertex 8.677817459305203 25.7778174593052 30
      vertex 16.896616559546366 31.780523387731854 30
      vertex 8.750311498699011 25.69783261258001 30
    endloop
  endfacet
  facet normal 0 0 -1
    outer loop
      vertex 8.59783261258001 25.85031149869901 30
      vertex 8.59783261258001 29.14968850130099 30
      vertex 16.896616559546366 31.780523387731854 30
    endloop
  endfacet
  facet normal 0 0 -1
    outer loop
      vertex 8.677817459305203 29.2221825406948 30
      vertex 16.896616559546366 31.780523387731854 30
      vertex 8.59783261258001 29.14968850130099 30
    endloop
  endfacet
  facet normal 0 0 -1
    outer loop
      vertex 8.750311498699011 29.30216738741999 30
      vertex 16.896616559546366 31.780523387731854 30
      vertex 8.677817459305203 29.2221825406948 30
    endloop
  endfacet
  facet normal 0 0 -1
    outer loop
      vertex 8.8146165735328 29.388872743678437 30
      vertex 16.896616559546366 31.780523387731854 30
      vertex 8.750311498699011 29.30216738741999 30
    endloop
  endfacet
  facet normal 0 0 -1
    outer loop
      vertex 8.750311498699011 30.69783261258001 30
      vertex 16.896616559546366 32.219476612268146 30
      vertex 8.8146165735328 30.611127256321563 30
    endloop
  endfacet
  facet normal 0 0 -1
    outer loop
      vertex 7.9 31.1 30
      vertex 17.374983487852948 32.93540331384036 30
      vertex 8.007818854362517 31.094703199339417 30
    endloop
  endfacet
  facet normal 0 0 -1
    outer loop
      vertex 8.007818854362517 31.094703199339417 30
      vertex 17.374983487852948 32.93540331384036 30
      vertex 8.114599354217741 31.078863808443554 30
    endloop
  endfacet
  facet normal 0 0 -1
    outer loop
      vertex 8.114599354217741 31.078863808443554 30
      vertex 17.286307555315897 32.86963676003308 30
      vertex 8.219313144979909 31.05263436930543 30
    endloop
  endfacet
  facet normal 0 0 -1
    outer loop
      vertex 8.219313144979909 31.05263436930543 30
      vertex 17.204504871165135 32.795495128834865 30
      vertex 8.3209517756016 31.016267485762416 30
    endloop
  endfacet
  facet normal 0 0 -1
    outer loop
      vertex 8.3209517756016 31.016267485762416 30
      vertex 17.130363239966922 32.7136924446841 30
      vertex 8.418536410508597 30.97011339078319 30
    endloop
  endfacet
  facet normal 0 0 -1
    outer loop
      vertex 8.418536410508597 30.97011339078319 30
      vertex 17.064596686159636 32.625016512147056 30
      vertex 8.511127256321563 30.9146165735328 30
    endloop
  endfacet
  facet normal 0 0 -1
    outer loop
      vertex 8.511127256321563 30.9146165735328 30
      vertex 17.0078385776081 32.53032132892925 30
      vertex 8.59783261258001 30.85031149869901 30
    endloop
  endfacet
  facet normal 0 0 -1
    outer loop
      vertex 8.677817459305203 30.7778174593052 30
      vertex 16.923442122301264 32.32657026191127 30
      vertex 8.750311498699011 30.69783261258001 30
    endloop
  endfacet
  facet normal 0 0 -1
    outer loop
      vertex 8.59783261258001 30.85031149869901 30
      vertex 16.960635525924804 32.430518861410725 30
      vertex 8.677817459305203 30.7778174593052 30
    endloop
  endfacet
  facet normal -1 0 0
    outer loop
      vertex 21 -33 30
      vertex 21 33 30
      vertex 21 33 0
    endloop
  endfacet
  facet normal 0 0 -1
    outer loop
      vertex 14.325354412468634 -12.492001814804691 30
      vertex 14.325354412468634 7.492001814804691 30
      vertex 14.383210818105248 7.330303993361093 30
    endloop
  endfacet
  facet normal 0 0 -1
    outer loop
      vertex 14.258426728323656 -12.828470004423268 30
      vertex 14.258426728323656 7.828470004423269 30
      vertex 14.283625759294347 7.658591936471775 30
    endloop
  endfacet
  facet normal 0 0 -1
    outer loop
      vertex 14.258426728323656 -12.828470004423268 30
      vertex 14.25 8 30
      vertex 14.258426728323656 7.828470004423269 30
    endloop
  endfacet
  facet normal 0 0 -1
    outer loop
      vertex 14.325354412468634 -12.492001814804691 30
      vertex 14.283625759294347 7.658591936471775 30
      vertex 14.325354412468634 7.492001814804691 30
    endloop
  endfacet
  facet normal 0 0 -1
    outer loop
      vertex 14.45663778739038 -12.175055710554505 30
      vertex 14.383210818105248 7.330303993361093 30
      vertex 14.45663778739038 7.1750557105545045 30
    endloop
  endfacet
  facet normal 0 0 -1
    outer loop
      vertex 14.544928178470546 -12.027752092215696 30
      vertex 14.45663778739038 7.1750557105545045 30
      vertex 14.544928178470546 7.027752092215696 30
    endloop
  endfacet
  facet normal 0 0 -1
    outer loop
      vertex 14.64723170661521 -11.889811752713621 30
      vertex 14.544928178470546 7.027752092215696 30
      vertex 14.64723170661521 6.88981175271362 30
    endloop
  endfacet
  facet normal 0 0 -1
    outer loop
      vertex 14.762563132923542 -11.762563132923542 30
      vertex 14.64723170661521 6.88981175271362 30
      vertex 14.762563132923542 6.762563132923542 30
    endloop
  endfacet
  facet normal 0 0 -1
    outer loop
      vertex 15.027752092215696 -11.544928178470546 30
      vertex 14.889811752713621 6.6472317066152105 30
      vertex 15.027752092215696 6.5449281784705455 30
    endloop
  endfacet
  facet normal 0 0 -1
    outer loop
      vertex 14.889811752713621 -11.64723170661521 30
      vertex 14.762563132923542 6.762563132923542 30
      vertex 14.889811752713621 6.6472317066152105 30
    endloop
  endfacet
  facet normal 0 0 -1
    outer loop
      vertex 15.175055710554505 -11.45663778739038 30
      vertex 15.027752092215696 6.5449281784705455 30
      vertex 15.175055710554505 6.456637787390378 30
    endloop
  endfacet
  facet normal 0 0 -1
    outer loop
      vertex 15.330303993361094 -11.383210818105248 30
      vertex 15.175055710554505 6.456637787390378 30
      vertex 15.330303993361094 6.3832108181052485 30
    endloop
  endfacet
  facet normal 0 0 -1
    outer loop
      vertex 15.492001814804691 -11.325354412468634 30
      vertex 15.330303993361094 6.3832108181052485 30
      vertex 15.492001814804691 6.325354412468634 30
    endloop
  endfacet
  facet normal 0 0 -1
    outer loop
      vertex 15.658591936471776 -11.283625759294347 30
      vertex 15.492001814804691 6.325354412468634 30
      vertex 15.658591936471776 6.283625759294347 30
    endloop
  endfacet
  facet normal 0 0 -1
    outer loop
      vertex 15.828470004423268 -11.258426728323656 30
      vertex 15.658591936471776 6.283625759294347 30
      vertex 15.828470004423268 6.258426728323656 30
    endloop
  endfacet
  facet normal 0 0 -1
    outer loop
      vertex 16 -11.25 30
      vertex 15.828470004423268 6.258426728323656 30
      vertex 16 6.25 30
    endloop
  endfacet
  facet normal 0 0 -1
    outer loop
      vertex 16.17152999557673 -11.258426728323656 30
      vertex 16 6.25 30
      vertex 16.17152999557673 6.258426728323656 30
    endloop
  endfacet
  facet normal 0 0 -1
    outer loop
      vertex 16.341408063528224 -11.283625759294347 30
      vertex 16.17152999557673 6.258426728323656 30
      vertex 16.341408063528224 6.283625759294347 30
    endloop
  endfacet
  facet normal 0 0 -1
    outer loop
      vertex 16.50799818519531 -11.325354412468634 30
      vertex 16.341408063528224 6.283625759294347 30
      vertex 16.50799818519531 6.325354412468634 30
    endloop
  endfacet
  facet normal 0 0 -1
    outer loop
      vertex 16.669696006638908 -11.383210818105248 30
      vertex 16.50799818519531 6.325354412468634 30
      vertex 16.669696006638908 6.3832108181052485 30
    endloop
  endfacet
  facet normal 0 0 -1
    outer loop
      vertex 16.669696006638908 -11.383210818105248 30
      vertex 16.669696006638908 6.3832108181052485 30
      vertex 16.824944289445497 6.456637787390378 30
    endloop
  endfacet
  facet normal 0 0 -1
    outer loop
      vertex 16.972247907784304 -11.544928178470546 30
      vertex 16.824944289445497 6.456637787390378 30
      vertex 16.972247907784304 6.5449281784705455 30
    endloop
  endfacet
  facet normal 0 0 -1
    outer loop
      vertex 17.11018824728638 -11.64723170661521 30
      vertex 16.972247907784304 6.5449281784705455 30
      vertex 17.11018824728638 6.6472317066152105 30
    endloop
  endfacet
  facet normal 0 0 -1
    outer loop
      vertex 17.11018824728638 -11.64723170661521 30
      vertex 17.11018824728638 6.6472317066152105 30
      vertex 17.237436867076458 6.762563132923542 30
    endloop
  endfacet
  facet normal 0 0 -1
    outer loop
      vertex 14.25 8 30
      vertex 12.85 19 30
      vertex 14.258426728323656 8.171529995576732 30
    endloop
  endfacet
  facet normal 0 0 -1
    outer loop
      vertex 14.258426728323656 8.171529995576732 30
      vertex 12.85 19 30
      vertex 14.283625759294347 8.341408063528224 30
    endloop
  endfacet
  facet normal 0 0 -1
    outer loop
      vertex 14.283625759294347 8.341408063528224 30
      vertex 12.85 19 30
      vertex 14.325354412468634 8.507998185195309 30
    endloop
  endfacet
  facet normal 0 0 -1
    outer loop
      vertex 14.325354412468634 8.507998185195309 30
      vertex 12.85 19 30
      vertex 14.383210818105248 8.669696006638906 30
    endloop
  endfacet
  facet normal 0 0 -1
    outer loop
      vertex 14.383210818105248 8.669696006638906 30
      vertex 12.85 19 30
      vertex 14.45663778739038 8.824944289445495 30
    endloop
  endfacet
  facet normal 0 0 -1
    outer loop
      vertex 14.45663778739038 8.824944289445495 30
      vertex 12.85 19 30
      vertex 14.544928178470546 8.972247907784304 30
    endloop
  endfacet
  facet normal 0 0 -1
    outer loop
      vertex 14.544928178470546 8.972247907784304 30
      vertex 12.85 19 30
      vertex 14.64723170661521 9.110188247286379 30
    endloop
  endfacet
  facet normal 0 0 -1
    outer loop
      vertex 14.64723170661521 9.110188247286379 30
      vertex 12.85 19 30
      vertex 14.762563132923542 9.237436867076458 30
    endloop
  endfacet
  facet normal 0 0 -1
    outer loop
      vertex 14.762563132923542 9.237436867076458 30
      vertex 12.85 19 30
      vertex 14.889811752713621 9.35276829338479 30
    endloop
  endfacet
  facet normal 0 0 -1
    outer loop
      vertex 14.889811752713621 9.35276829338479 30
      vertex 12.85 19 30
      vertex 15.027752092215696 9.455071821529454 30
    endloop
  endfacet
  facet normal 0 0 -1
    outer loop
      vertex 15.027752092215696 9.455071821529454 30
      vertex 12.85 19 30
      vertex 15.175055710554505 9.54336221260962 30
    endloop
  endfacet
  facet normal 0 0 -1
    outer loop
      vertex 15.175055710554505 9.54336221260962 30
      vertex 12.85 19 30
      vertex 15.330303993361094 9.616789181894752 30
    endloop
  endfacet
  facet normal 0 0 -1
    outer loop
      vertex 15.330303993361094 9.616789181894752 30
      vertex 12.85 19 30
      vertex 15.492001814804691 9.674645587531366 30
    endloop
  endfacet
  facet normal 0 0 -1
    outer loop
      vertex 15.492001814804691 9.674645587531366 30
      vertex 12.85 19 30
      vertex 15.658591936471776 9.716374240705653 30
    endloop
  endfacet
  facet normal 0 0 -1
    outer loop
      vertex 15.658591936471776 9.716374240705653 30
      vertex 12.85 19 30
      vertex 15.828470004423268 9.741573271676344 30
    endloop
  endfacet
  facet normal 0 0 -1
    outer loop
      vertex 15.828470004423268 9.741573271676344 30
      vertex 12.85 19 30
      vertex 16 9.75 30
    endloop
  endfacet
  facet normal 0 0 -1
    outer loop
      vertex 16 9.75 30
      vertex 12.85 19 30
      vertex 16.17152999557673 9.741573271676344 30
    endloop
  endfacet
  facet normal 0 0 -1
    outer loop
      vertex 16.17152999557673 9.741573271676344 30
      vertex 12.85 19 30
      vertex 16.341408063528224 9.716374240705653 30
    endloop
  endfacet
  facet normal 0 0 -1
    outer loop
      vertex 16.341408063528224 9.716374240705653 30
      vertex 12.85 19 30
      vertex 16.50799818519531 9.674645587531366 30
    endloop
  endfacet
  facet normal 0 0 -1
    outer loop
      vertex 16.50799818519531 9.674645587531366 30
      vertex 12.85 19 30
      vertex 16.669696006638908 9.616789181894752 30
    endloop
  endfacet
  facet normal 0 0 -1
    outer loop
      vertex 17.35276829338479 -11.889811752713621 30
      vertex 17.237436867076458 6.762563132923542 30
      vertex 17.35276829338479 6.88981175271362 30
    endloop
  endfacet
  facet normal 0 0 -1
    outer loop
      vertex 17.455071821529454 -12.027752092215696 30
      vertex 17.35276829338479 6.88981175271362 30
      vertex 17.455071821529454 7.027752092215696 30
    endloop
  endfacet
  facet normal 0 0 -1
    outer loop
      vertex 17.543362212609622 -12.175055710554505 30
      vertex 17.455071821529454 7.027752092215696 30
      vertex 17.543362212609622 7.1750557105545045 30
    endloop
  endfacet
  facet normal 0 0 -1
    outer loop
      vertex 17.543362212609622 -12.175055710554505 30
      vertex 17.543362212609622 7.1750557105545045 30
      vertex 17.616789181894752 7.330303993361093 30
    endloop
  endfacet
  facet normal 0 0 -1
    outer loop
      vertex 17.674645587531366 -12.492001814804691 30
      vertex 17.616789181894752 7.330303993361093 30
      vertex 17.674645587531366 7.492001814804691 30
    endloop
  endfacet
  facet normal 0 0 -1
    outer loop
      vertex 17.674645587531366 -12.492001814804691 30
      vertex 17.674645587531366 7.492001814804691 30
      vertex 17.716374240705655 7.658591936471775 30
    endloop
  endfacet
  facet normal 0 0 -1
    outer loop
      vertex 17.741573271676344 -12.828470004423268 30
      vertex 17.716374240705655 7.658591936471775 30
      vertex 17.741573271676344 7.828470004423269 30
    endloop
  endfacet
  facet normal 0 0 -1
    outer loop
      vertex 17.741573271676344 -12.828470004423268 30
      vertex 17.741573271676344 7.828470004423269 30
      vertex 17.75 8 30
    endloop
  endfacet
  facet normal 0 0 -1
    outer loop
      vertex 17.75 -13 30
      vertex 17.741573271676344 -12.828470004423268 30
      vertex 18.935403313840364 31.374983487852948 30
    endloop
  endfacet
  facet normal 0 0 -1
    outer loop
      vertex 17.741573271676344 -12.828470004423268 30
      vertex 17.75 8 30
      vertex 18.935403313840364 31.374983487852948 30
    endloop
  endfacet
  facet normal 0 0 -1
    outer loop
      vertex 19.196034282445908 -34.99036945402622 30
      vertex 19.039364474075196 31.569481138589275 30
      vertex 19.076557877698736 31.67342973808873 30
    endloop
  endfacet
  facet normal 0 0 -1
    outer loop
      vertex 19.196034282445908 -34.99036945402622 30
      vertex 19.076557877698736 31.67342973808873 30
      vertex 19.103383440453634 31.780523387731854 30
    endloop
  endfacet
  facet normal 0 0 -1
    outer loop
      vertex 19.196034282445908 -34.99036945402622 30
      vertex 19.103383440453634 31.780523387731854 30
      vertex 19.11958281750622 31.889730717129243 30
    endloop
  endfacet
  facet normal 0 0 -1
    outer loop
      vertex 19.196034282445908 -34.99036945402622 30
      vertex 19.11958281750622 31.889730717129243 30
      vertex 19.125 32 30
    endloop
  endfacet
  facet normal 0 0 -1
    outer loop
      vertex 19.196034282445908 -34.99036945402622 30
      vertex 19.125 32 30
      vertex 19.196034282445908 34.99036945402622 30
    endloop
  endfacet
  facet normal 0 0 -1
    outer loop
      vertex 19.3901806473732 -34.96157056093216 30
      vertex 19.196034282445908 34.99036945402622 30
      vertex 19.3901806473732 34.96157056093216 30
    endloop
  endfacet
  facet normal 0 0 -1
    outer loop
      vertex 19.580569356679916 -34.91388066858053 30
      vertex 19.3901806473732 34.96157056093216 30
      vertex 19.580569356679916 34.91388066858053 30
    endloop
  endfacet
  facet normal 0 0 -1
    outer loop
      vertex 19.76536686718464 -34.84775906801224 30
      vertex 19.580569356679916 34.91388066858053 30
      vertex 19.76536686718464 34.84775906801224 30
    endloop
  endfacet
  facet normal 0 0 -1
    outer loop
      vertex 19.94279347360134 -34.76384253054857 30
      vertex 19.76536686718464 34.84775906801224 30
      vertex 19.94279347360134 34.76384253054857 30
    endloop
  endfacet
  facet normal 0 0 -1
    outer loop
      vertex 20.111140467226505 -34.662939228117466 30
      vertex 19.94279347360134 34.76384253054857 30
      vertex 20.111140467226505 34.662939228117466 30
    endloop
  endfacet
  facet normal 0 0 -1
    outer loop
      vertex 17.75 8 30
      vertex 17.741573271676344 8.171529995576732 30
      vertex 18.869636760033078 31.286307555315897 30
    endloop
  endfacet
  facet normal 0 0 -1
    outer loop
      vertex 17.674645587531366 8.507998185195309 30
      vertex 17.616789181894752 8.669696006638906 30
      vertex 18.869636760033078 31.286307555315897 30
    endloop
  endfacet
  facet normal 0 0 -1
    outer loop
      vertex 17.741573271676344 8.171529995576732 30
      vertex 17.716374240705655 8.341408063528224 30
      vertex 18.869636760033078 31.286307555315897 30
    endloop
  endfacet
  facet normal 0 0 -1
    outer loop
      vertex 17.716374240705655 8.341408063528224 30
      vertex 17.674645587531366 8.507998185195309 30
      vertex 18.869636760033078 31.286307555315897 30
    endloop
  endfacet
  facet normal 0 0 -1
    outer loop
      vertex 16.669696006638908 9.616789181894752 30
      vertex 18.713692444684103 31.130363239966922 30
      vertex 16.824944289445497 9.54336221260962 30
    endloop
  endfacet
  facet normal 0 0 -1
    outer loop
      vertex 16.824944289445497 9.54336221260962 30
      vertex 18.713692444684103 31.130363239966922 30
      vertex 16.972247907784304 9.455071821529454 30
    endloop
  endfacet
  facet normal 0 0 -1
    outer loop
      vertex 16.972247907784304 9.455071821529454 30
      vertex 18.795495128834865 31.204504871165135 30
      vertex 17.11018824728638 9.35276829338479 30
    endloop
  endfacet
  facet normal 0 0 -1
    outer loop
      vertex 17.237436867076458 9.237436867076458 30
      vertex 17.11018824728638 9.35276829338479 30
      vertex 18.795495128834865 31.204504871165135 30
    endloop
  endfacet
  facet normal 0 0 -1
    outer loop
      vertex 17.35276829338479 9.110188247286379 30
      vertex 18.795495128834865 31.204504871165135 30
      vertex 17.455071821529454 8.972247907784304 30
    endloop
  endfacet
  facet normal 0 0 -1
    outer loop
      vertex 17.543362212609622 8.824944289445495 30
      vertex 17.455071821529454 8.972247907784304 30
      vertex 18.795495128834865 31.204504871165135 30
    endloop
  endfacet
  facet normal 0 0 -1
    outer loop
      vertex 17.237436867076458 9.237436867076458 30
      vertex 18.795495128834865 31.204504871165135 30
      vertex 17.35276829338479 9.110188247286379 30
    endloop
  endfacet
  facet normal 0 0 -1
    outer loop
      vertex 17.543362212609622 8.824944289445495 30
      vertex 18.869636760033078 31.286307555315897 30
      vertex 17.616789181894752 8.669696006638906 30
    endloop
  endfacet
  facet normal 0 0 -1
    outer loop
      vertex 17.75 -13 30
      vertex 18.935403313840364 31.374983487852948 30
      vertex 18.9921614223919 31.469678671070753 30
    endloop
  endfacet
  facet normal 0 0 -1
    outer loop
      vertex 17.75 -13 30
      vertex 18.9921614223919 31.469678671070753 30
      vertex 19.039364474075196 31.569481138589275 30
    endloop
  endfacet
  facet normal 0 0 -1
    outer loop
      vertex 20.268786571919918 -34.54602091014385 30
      vertex 20.111140467226505 34.662939228117466 30
      vertex 20.268786571919918 34.54602091014385 30
    endloop
  endfacet
  facet normal 0 0 -1
    outer loop
      vertex 20.414213560521603 -34.4142135605216 30
      vertex 20.268786571919918 34.54602091014385 30
      vertex 20.414213560521603 34.4142135605216 30
    endloop
  endfacet
  facet normal 0 0 -1
    outer loop
      vertex 20.546020910143852 -34.26878657191992 30
      vertex 20.414213560521603 34.4142135605216 30
      vertex 20.546020910143852 34.26878657191992 30
    endloop
  endfacet
  facet normal 0 0 -1
    outer loop
      vertex 20.662939228117466 -34.111140467226505 30
      vertex 20.546020910143852 34.26878657191992 30
      vertex 20.662939228117466 34.111140467226505 30
    endloop
  endfacet
  facet normal 0 0 -1
    outer loop
      vertex 20.763842530548573 -33.94279347360134 30
      vertex 20.662939228117466 34.111140467226505 30
      vertex 20.763842530548573 33.94279347360134 30
    endloop
  endfacet
  facet normal 0 0 -1
    outer loop
      vertex 20.847759068012238 -33.76536686718464 30
      vertex 20.763842530548573 33.94279347360134 30
      vertex 20.847759068012238 33.76536686718464 30
    endloop
  endfacet
  facet normal 0 0 -1
    outer loop
      vertex 20.913880668580532 -33.580569356679916 30
      vertex 20.847759068012238 33.76536686718464 30
      vertex 20.913880668580532 33.580569356679916 30
    endloop
  endfacet
  facet normal 0 0 -1
    outer loop
      vertex 21 -33 30
      vertex 20.990369454026222 33.19603428244591 30
      vertex 21 33 30
    endloop
  endfacet
  facet normal 0 0 -1
    outer loop
      vertex 20.96157056093216 -33.3901806473732 30
      vertex 20.913880668580532 33.580569356679916 30
      vertex 20.96157056093216 33.3901806473732 30
    endloop
  endfacet
  facet normal 0 0 -1
    outer loop
      vertex 20.990369454026222 -33.19603428244591 30
      vertex 20.96157056093216 33.3901806473732 30
      vertex 20.990369454026222 33.19603428244591 30
    endloop
  endfacet
  facet normal -0.0490676704157047 -0.9987954563973426 0
    outer loop
      vertex 19 35 0
      vertex 19.196034282445908 34.99036945402622 30
      vertex 19 35 30
    endloop
  endfacet
  facet normal -0.14673047607854156 -0.9891765097240051 0
    outer loop
      vertex 19.196034282445908 34.99036945402622 0
      vertex 19.3901806473732 34.96157056093216 30
      vertex 19.196034282445908 34.99036945402622 30
    endloop
  endfacet
  facet normal -0.24298019573678306 -0.970031249228454 0
    outer loop
      vertex 19.3901806473732 34.96157056093216 0
      vertex 19.580569356679916 34.91388066858053 30
      vertex 19.3901806473732 34.96157056093216 30
    endloop
  endfacet
  facet normal -0.33688982640476 -0.9415440748392879 0
    outer loop
      vertex 19.580569356679916 34.91388066858053 0
      vertex 19.76536686718464 34.84775906801224 30
      vertex 19.580569356679916 34.91388066858053 30
    endloop
  endfacet
  facet normal -0.42755510310083966 -0.9039892885496102 0
    outer loop
      vertex 19.76536686718464 34.84775906801224 0
      vertex 19.94279347360134 34.76384253054857 30
      vertex 19.76536686718464 34.84775906801224 30
    endloop
  endfacet
  facet normal -0.5141027351876691 -0.8577286153979926 0
    outer loop
      vertex 19.94279347360134 34.76384253054857 0
      vertex 20.111140467226505 34.662939228117466 30
      vertex 19.94279347360134 34.76384253054857 30
    endloop
  endfacet
  facet normal -0.5956992989376801 -0.8032075356003305 0
    outer loop
      vertex 20.111140467226505 34.662939228117466 0
      vertex 20.268786571919918 34.54602091014385 30
      vertex 20.111140467226505 34.662939228117466 30
    endloop
  endfacet
  facet normal -0.7409510994850822 -0.671558983390028 0
    outer loop
      vertex 20.414213560521603 34.4142135605216 0
      vertex 20.546020910143852 34.26878657191992 30
      vertex 20.414213560521603 34.4142135605216 30
    endloop
  endfacet
  facet normal -0.671558983390028 -0.7409510994850822 0
    outer loop
      vertex 20.268786571919918 34.54602091014385 0
      vertex 20.414213560521603 34.4142135605216 30
      vertex 20.268786571919918 34.54602091014385 30
    endloop
  endfacet
  facet normal -0.8577286153979926 -0.5141027351876691 0
    outer loop
      vertex 20.662939228117466 34.111140467226505 0
      vertex 20.763842530548573 33.94279347360134 30
      vertex 20.662939228117466 34.111140467226505 30
    endloop
  endfacet
  facet normal -0.9039892885496102 -0.42755510310083966 0
    outer loop
      vertex 20.763842530548573 33.94279347360134 0
      vertex 20.847759068012238 33.76536686718464 30
      vertex 20.763842530548573 33.94279347360134 30
    endloop
  endfacet
  facet normal -0.8032075356003305 -0.5956992989376801 0
    outer loop
      vertex 20.546020910143852 34.26878657191992 0
      vertex 20.662939228117466 34.111140467226505 30
      vertex 20.546020910143852 34.26878657191992 30
    endloop
  endfacet
  facet normal -0.9987954563973426 -0.0490676704157047 0
    outer loop
      vertex 20.990369454026222 33.19603428244591 0
      vertex 21 33 30
      vertex 20.990369454026222 33.19603428244591 30
    endloop
  endfacet
  facet normal -0.970031249228454 -0.24298019573678306 0
    outer loop
      vertex 20.913880668580532 33.580569356679916 0
      vertex 20.96157056093216 33.3901806473732 30
      vertex 20.913880668580532 33.580569356679916 30
    endloop
  endfacet
  facet normal -0.9891765097240051 -0.14673047607854156 0
    outer loop
      vertex 20.96157056093216 33.3901806473732 0
      vertex 20.990369454026222 33.19603428244591 30
      vertex 20.96157056093216 33.3901806473732 30
    endloop
  endfacet
  facet normal -0.9415440748392879 -0.33688982640476 0
    outer loop
      vertex 20.847759068012238 33.76536686718464 0
      vertex 20.913880668580532 33.580569356679916 30
      vertex 20.847759068012238 33.76536686718464 30
    endloop
  endfacet
  facet normal 0 0 -1
    outer loop
      vertex 10.85 19 30
      vertex 17.130363239966922 31.286307555315897 30
      vertex 12.85 19 30
    endloop
  endfacet
  facet normal 0 0 -1
    outer loop
      vertex 8.87011339078319 20.5185364105086 30
      vertex 16.960635525924804 31.569481138589275 30
      vertex 8.916267485762416 20.420951775601598 30
    endloop
  endfacet
  facet normal 0 0 -1
    outer loop
      vertex 8.8146165735328 20.611127256321563 30
      vertex 16.960635525924804 31.569481138589275 30
      vertex 8.87011339078319 20.5185364105086 30
    endloop
  endfacet
  facet normal 0 0 -1
    outer loop
      vertex 8.95263436930543 20.31931314497991 30
      vertex 16.960635525924804 31.569481138589275 30
      vertex 8.978863808443554 20.21459935421774 30
    endloop
  endfacet
  facet normal 0 0 -1
    outer loop
      vertex 8.916267485762416 20.420951775601598 30
      vertex 16.960635525924804 31.569481138589275 30
      vertex 8.95263436930543 20.31931314497991 30
    endloop
  endfacet
  facet normal 0 0 -1
    outer loop
      vertex 8.750311498699011 20.69783261258001 30
      vertex 16.960635525924804 31.569481138589275 30
      vertex 8.8146165735328 20.611127256321563 30
    endloop
  endfacet
  facet normal 0 0 -1
    outer loop
      vertex 10.85 19 30
      vertex 8.978863808443554 20.21459935421774 30
      vertex 16.960635525924804 31.569481138589275 30
    endloop
  endfacet
  facet normal 0 0 -1
    outer loop
      vertex 8.87011339078319 24.4814635894914 30
      vertex 16.896616559546366 31.780523387731854 30
      vertex 8.8146165735328 24.388872743678437 30
    endloop
  endfacet
  facet normal 0 0 -1
    outer loop
      vertex 8.916267485762416 24.579048224398402 30
      vertex 16.896616559546366 31.780523387731854 30
      vertex 8.87011339078319 24.4814635894914 30
    endloop
  endfacet
  facet normal 0 0 -1
    outer loop
      vertex 8.95263436930543 24.68068685502009 30
      vertex 16.896616559546366 31.780523387731854 30
      vertex 8.916267485762416 24.579048224398402 30
    endloop
  endfacet
  facet normal 0 0 -1
    outer loop
      vertex 8.978863808443554 24.78540064578226 30
      vertex 16.896616559546366 31.780523387731854 30
      vertex 8.95263436930543 24.68068685502009 30
    endloop
  endfacet
  facet normal 0 0 -1
    outer loop
      vertex 8.994703199339417 24.892181145637483 30
      vertex 16.896616559546366 31.780523387731854 30
      vertex 8.978863808443554 24.78540064578226 30
    endloop
  endfacet
  facet normal 0 0 -1
    outer loop
      vertex 9 25 30
      vertex 16.896616559546366 31.780523387731854 30
      vertex 8.994703199339417 24.892181145637483 30
    endloop
  endfacet
  facet normal 0 0 -1
    outer loop
      vertex 8.994703199339417 25.107818854362517 30
      vertex 16.896616559546366 31.780523387731854 30
      vertex 9 25 30
    endloop
  endfacet
  facet normal 0 0 -1
    outer loop
      vertex 8.978863808443554 25.21459935421774 30
      vertex 16.896616559546366 31.780523387731854 30
      vertex 8.994703199339417 25.107818854362517 30
    endloop
  endfacet
  facet normal 0 0 -1
    outer loop
      vertex 8.95263436930543 25.31931314497991 30
      vertex 16.896616559546366 31.780523387731854 30
      vertex 8.978863808443554 25.21459935421774 30
    endloop
  endfacet
  facet normal 0 0 -1
    outer loop
      vertex 8.916267485762416 25.420951775601598 30
      vertex 16.896616559546366 31.780523387731854 30
      vertex 8.95263436930543 25.31931314497991 30
    endloop
  endfacet
  facet normal 0 0 -1
    outer loop
      vertex 8.87011339078319 25.5185364105086 30
      vertex 16.896616559546366 31.780523387731854 30
      vertex 8.916267485762416 25.420951775601598 30
    endloop
  endfacet
  facet normal 0 0 -1
    outer loop
      vertex 8.8146165735328 25.611127256321563 30
      vertex 16.896616559546366 31.780523387731854 30
      vertex 8.87011339078319 25.5185364105086 30
    endloop
  endfacet
  facet normal 0 0 -1
    outer loop
      vertex 16.669696006638908 9.616789181894752 30
      vertex 12.85 19 30
      vertex 18.713692444684103 31.130363239966922 30
    endloop
  endfacet
  facet normal 0 0 -1
    outer loop
      vertex 10.85 19 30
      vertex 17.0078385776081 31.469678671070753 30
      vertex 17.064596686159636 31.374983487852948 30
    endloop
  endfacet
  facet normal 0 0 -1
    outer loop
      vertex 10.85 19 30
      vertex 16.960635525924804 31.569481138589275 30
      vertex 17.0078385776081 31.469678671070753 30
    endloop
  endfacet
  facet normal 0 0 -1
    outer loop
      vertex 10.85 19 30
      vertex 17.064596686159636 31.374983487852948 30
      vertex 17.130363239966922 31.286307555315897 30
    endloop
  endfacet
  facet normal 0 0 -1
    outer loop
      vertex 12.85 19 30
      vertex 17.130363239966922 31.286307555315897 30
      vertex 17.204504871165135 31.204504871165135 30
    endloop
  endfacet
  facet normal 0 0 -1
    outer loop
      vertex 12.85 19 30
      vertex 17.204504871165135 31.204504871165135 30
      vertex 17.286307555315897 31.130363239966922 30
    endloop
  endfacet
  facet normal 0 0 -1
    outer loop
      vertex 12.85 19 30
      vertex 17.374983487852948 31.064596686159636 30
      vertex 17.469678671070753 31.0078385776081 30
    endloop
  endfacet
  facet normal 0 0 -1
    outer loop
      vertex 12.85 19 30
      vertex 17.286307555315897 31.130363239966922 30
      vertex 17.374983487852948 31.064596686159636 30
    endloop
  endfacet
  facet normal 0 0 -1
    outer loop
      vertex 12.85 19 30
      vertex 17.469678671070753 31.0078385776081 30
      vertex 17.569481138589275 30.960635525924804 30
    endloop
  endfacet
  facet normal 0 0 -1
    outer loop
      vertex 12.85 19 30
      vertex 17.569481138589275 30.960635525924804 30
      vertex 17.67342973808873 30.923442122301264 30
    endloop
  endfacet
  facet normal 0 0 -1
    outer loop
      vertex 12.85 19 30
      vertex 17.67342973808873 30.923442122301264 30
      vertex 17.780523387731854 30.896616559546366 30
    endloop
  endfacet
  facet normal 0 0 -1
    outer loop
      vertex 12.85 19 30
      vertex 17.780523387731854 30.896616559546366 30
      vertex 17.889730717129243 30.88041718249378 30
    endloop
  endfacet
  facet normal 0 0 -1
    outer loop
      vertex 12.85 19 30
      vertex 17.889730717129243 30.88041718249378 30
      vertex 18 30.875 30
    endloop
  endfacet
  facet normal 0 0 -1
    outer loop
      vertex 12.85 19 30
      vertex 18 30.875 30
      vertex 18.110269282870757 30.88041718249378 30
    endloop
  endfacet
  facet normal 0 0 -1
    outer loop
      vertex 12.85 19 30
      vertex 18.110269282870757 30.88041718249378 30
      vertex 18.219476612268146 30.896616559546366 30
    endloop
  endfacet
  facet normal 0 0 -1
    outer loop
      vertex 12.85 19 30
      vertex 18.219476612268146 30.896616559546366 30
      vertex 18.32657026191127 30.923442122301264 30
    endloop
  endfacet
  facet normal 0 0 -1
    outer loop
      vertex 12.85 19 30
      vertex 18.32657026191127 30.923442122301264 30
      vertex 18.430518861410725 30.960635525924804 30
    endloop
  endfacet
  facet normal 0 0 -1
    outer loop
      vertex 12.85 19 30
      vertex 18.430518861410725 30.960635525924804 30
      vertex 18.530321328929247 31.0078385776081 30
    endloop
  endfacet
  facet normal 0 0 -1
    outer loop
      vertex 12.85 19 30
      vertex 18.530321328929247 31.0078385776081 30
      vertex 18.625016512147052 31.064596686159636 30
    endloop
  endfacet
  facet normal 0 0 -1
    outer loop
      vertex 12.85 19 30
      vertex 18.625016512147052 31.064596686159636 30
      vertex 18.713692444684103 31.130363239966922 30
    endloop
  endfacet
  facet normal 0 0 -1
    outer loop
      vertex 8.87011339078319 29.4814635894914 30
      vertex 16.896616559546366 31.780523387731854 30
      vertex 8.8146165735328 29.388872743678437 30
    endloop
  endfacet
  facet normal 0 0 -1
    outer loop
      vertex 8.916267485762416 29.579048224398402 30
      vertex 16.896616559546366 31.780523387731854 30
      vertex 8.87011339078319 29.4814635894914 30
    endloop
  endfacet
  facet normal 0 0 -1
    outer loop
      vertex 8.95263436930543 29.68068685502009 30
      vertex 16.896616559546366 31.780523387731854 30
      vertex 8.916267485762416 29.579048224398402 30
    endloop
  endfacet
  facet normal 0 0 -1
    outer loop
      vertex 8.978863808443554 29.78540064578226 30
      vertex 16.896616559546366 31.780523387731854 30
      vertex 8.95263436930543 29.68068685502009 30
    endloop
  endfacet
  facet normal 0 0 -1
    outer loop
      vertex 8.994703199339417 29.892181145637483 30
      vertex 16.896616559546366 31.780523387731854 30
      vertex 8.978863808443554 29.78540064578226 30
    endloop
  endfacet
  facet normal 0 0 -1
    outer loop
      vertex 9 30 30
      vertex 16.896616559546366 31.780523387731854 30
      vertex 8.994703199339417 29.892181145637483 30
    endloop
  endfacet
  facet normal 0 0 -1
    outer loop
      vertex 8.994703199339417 30.107818854362517 30
      vertex 16.896616559546366 31.780523387731854 30
      vertex 9 30 30
    endloop
  endfacet
  facet normal 0 0 -1
    outer loop
      vertex 8.916267485762416 30.420951775601598 30
      vertex 16.88041718249378 31.889730717129243 30
      vertex 8.95263436930543 30.31931314497991 30
    endloop
  endfacet
  facet normal 0 0 -1
    outer loop
      vertex 8.978863808443554 30.21459935421774 30
      vertex 16.896616559546366 31.780523387731854 30
      vertex 8.994703199339417 30.107818854362517 30
    endloop
  endfacet
  facet normal 0 0 -1
    outer loop
      vertex 8.95263436930543 30.31931314497991 30
      vertex 16.896616559546366 31.780523387731854 30
      vertex 8.978863808443554 30.21459935421774 30
    endloop
  endfacet
  facet normal 0 0 -1
    outer loop
      vertex 8.87011339078319 30.5185364105086 30
      vertex 16.875 32 30
      vertex 8.916267485762416 30.420951775601598 30
    endloop
  endfacet
  facet normal 0 0 -1
    outer loop
      vertex 8.8146165735328 30.611127256321563 30
      vertex 16.88041718249378 32.11026928287075 30
      vertex 8.87011339078319 30.5185364105086 30
    endloop
  endfacet
  facet normal 0 0 -1
    outer loop
      vertex 16.960635525924804 31.569481138589275 30
      vertex 8.677817459305203 20.7778174593052 30
      vertex 16.923442122301264 31.67342973808873 30
    endloop
  endfacet
  facet normal 0 0 -1
    outer loop
      vertex 16.923442122301264 31.67342973808873 30
      vertex 8.677817459305203 20.7778174593052 30
      vertex 16.896616559546366 31.780523387731854 30
    endloop
  endfacet
  facet normal 0 0 -1
    outer loop
      vertex 8.750311498699011 30.69783261258001 30
      vertex 16.923442122301264 32.32657026191127 30
      vertex 16.896616559546366 32.219476612268146 30
    endloop
  endfacet
  facet normal 0 0 -1
    outer loop
      vertex 8.95263436930543 30.31931314497991 30
      vertex 16.88041718249378 31.889730717129243 30
      vertex 16.896616559546366 31.780523387731854 30
    endloop
  endfacet
  facet normal 0 0 -1
    outer loop
      vertex 8.916267485762416 30.420951775601598 30
      vertex 16.875 32 30
      vertex 16.88041718249378 31.889730717129243 30
    endloop
  endfacet
  facet normal 0 0 -1
    outer loop
      vertex 8.87011339078319 30.5185364105086 30
      vertex 16.88041718249378 32.11026928287075 30
      vertex 16.875 32 30
    endloop
  endfacet
  facet normal 0 0 -1
    outer loop
      vertex 8.8146165735328 30.611127256321563 30
      vertex 16.896616559546366 32.219476612268146 30
      vertex 16.88041718249378 32.11026928287075 30
    endloop
  endfacet
  facet normal 0 0 -1
    outer loop
      vertex 8.677817459305203 30.7778174593052 30
      vertex 16.960635525924804 32.430518861410725 30
      vertex 16.923442122301264 32.32657026191127 30
    endloop
  endfacet
  facet normal 0 0 -1
    outer loop
      vertex 8.59783261258001 30.85031149869901 30
      vertex 17.0078385776081 32.53032132892925 30
      vertex 16.960635525924804 32.430518861410725 30
    endloop
  endfacet
  facet normal 0 0 -1
    outer loop
      vertex 8.511127256321563 30.9146165735328 30
      vertex 17.064596686159636 32.625016512147056 30
      vertex 17.0078385776081 32.53032132892925 30
    endloop
  endfacet
  facet normal 0 0 -1
    outer loop
      vertex 8.418536410508597 30.97011339078319 30
      vertex 17.130363239966922 32.7136924446841 30
      vertex 17.064596686159636 32.625016512147056 30
    endloop
  endfacet
  facet normal 0 0 -1
    outer loop
      vertex 8.3209517756016 31.016267485762416 30
      vertex 17.204504871165135 32.795495128834865 30
      vertex 17.130363239966922 32.7136924446841 30
    endloop
  endfacet
  facet normal 0 0 -1
    outer loop
      vertex 17.286307555315897 32.86963676003308 30
      vertex 17.204504871165135 32.795495128834865 30
      vertex 8.219313144979909 31.05263436930543 30
    endloop
  endfacet
  facet normal 0 0 -1
    outer loop
      vertex 17.374983487852948 32.93540331384036 30
      vertex 17.286307555315897 32.86963676003308 30
      vertex 8.114599354217741 31.078863808443554 30
    endloop
  endfacet
  facet normal 0 0 -1
    outer loop
      vertex 16.972247907784304 9.455071821529454 30
      vertex 18.713692444684103 31.130363239966922 30
      vertex 18.795495128834865 31.204504871165135 30
    endloop
  endfacet
  facet normal 0 0 -1
    outer loop
      vertex 17.75 8 30
      vertex 18.869636760033078 31.286307555315897 30
      vertex 18.935403313840364 31.374983487852948 30
    endloop
  endfacet
  facet normal 0 0 -1
    outer loop
      vertex 17.543362212609622 8.824944289445495 30
      vertex 18.795495128834865 31.204504871165135 30
      vertex 18.869636760033078 31.286307555315897 30
    endloop
  endfacet
  facet normal 0 0 -1
    outer loop
      vertex 19 35 30
      vertex 17.569481138589275 33.0393644740752 30
      vertex 17.469678671070753 32.9921614223919 30
    endloop
  endfacet
  facet normal 0 0 -1
    outer loop
      vertex 19 35 30
      vertex 17.67342973808873 33.07655787769873 30
      vertex 17.569481138589275 33.0393644740752 30
    endloop
  endfacet
  facet normal 0 0 -1
    outer loop
      vertex 19 35 30
      vertex 17.780523387731854 33.103383440453634 30
      vertex 17.67342973808873 33.07655787769873 30
    endloop
  endfacet
  facet normal 0 0 -1
    outer loop
      vertex 19 35 30
      vertex 17.889730717129243 33.11958281750622 30
      vertex 17.780523387731854 33.103383440453634 30
    endloop
  endfacet
  facet normal 0 0 -1
    outer loop
      vertex 19 35 30
      vertex 18 33.125 30
      vertex 17.889730717129243 33.11958281750622 30
    endloop
  endfacet
  facet normal 0 0 -1
    outer loop
      vertex 19 35 30
      vertex 18.110269282870757 33.11958281750622 30
      vertex 18 33.125 30
    endloop
  endfacet
  facet normal 0 0 -1
    outer loop
      vertex 19 35 30
      vertex 18.219476612268146 33.103383440453634 30
      vertex 18.110269282870757 33.11958281750622 30
    endloop
  endfacet
  facet normal 0 0 -1
    outer loop
      vertex 19 35 30
      vertex 18.32657026191127 33.07655787769873 30
      vertex 18.219476612268146 33.103383440453634 30
    endloop
  endfacet
  facet normal 0 0 -1
    outer loop
      vertex 19 35 30
      vertex 18.430518861410725 33.0393644740752 30
      vertex 18.32657026191127 33.07655787769873 30
    endloop
  endfacet
  facet normal 0 0 -1
    outer loop
      vertex 19 35 30
      vertex 18.530321328929247 32.9921614223919 30
      vertex 18.430518861410725 33.0393644740752 30
    endloop
  endfacet
  facet normal 0 0 -1
    outer loop
      vertex 19 35 30
      vertex 18.869636760033078 32.7136924446841 30
      vertex 18.795495128834865 32.795495128834865 30
    endloop
  endfacet
  facet normal 0 0 -1
    outer loop
      vertex 19 35 30
      vertex 18.935403313840364 32.625016512147056 30
      vertex 18.869636760033078 32.7136924446841 30
    endloop
  endfacet
  facet normal 0 0 -1
    outer loop
      vertex 19 35 30
      vertex 18.9921614223919 32.53032132892925 30
      vertex 18.935403313840364 32.625016512147056 30
    endloop
  endfacet
  facet normal 0 0 -1
    outer loop
      vertex 19.196034282445908 34.99036945402622 30
      vertex 19.103383440453634 32.219476612268146 30
      vertex 19.076557877698736 32.32657026191127 30
    endloop
  endfacet
  facet normal 0 0 -1
    outer loop
      vertex 19.196034282445908 34.99036945402622 30
      vertex 19.125 32 30
      vertex 19.11958281750622 32.11026928287075 30
    endloop
  endfacet
  facet normal 0 0 -1
    outer loop
      vertex 19.196034282445908 34.99036945402622 30
      vertex 19.11958281750622 32.11026928287075 30
      vertex 19.103383440453634 32.219476612268146 30
    endloop
  endfacet
  facet normal 0 0 -1
    outer loop
      vertex 19.196034282445908 34.99036945402622 30
      vertex 19.039364474075196 32.430518861410725 30
      vertex 18.9921614223919 32.53032132892925 30
    endloop
  endfacet
  facet normal 0 0 -1
    outer loop
      vertex 19.196034282445908 34.99036945402622 30
      vertex 19.076557877698736 32.32657026191127 30
      vertex 19.039364474075196 32.430518861410725 30
    endloop
  endfacet
  facet normal 0 0 -1
    outer loop
      vertex 19 35 30
      vertex 18.625016512147052 32.93540331384036 30
      vertex 18.530321328929247 32.9921614223919 30
    endloop
  endfacet
  facet normal 0 0 -1
    outer loop
      vertex 19 35 30
      vertex 18.713692444684103 32.86963676003308 30
      vertex 18.625016512147052 32.93540331384036 30
    endloop
  endfacet
  facet normal 0 0 -1
    outer loop
      vertex 19 35 30
      vertex 18.795495128834865 32.795495128834865 30
      vertex 18.713692444684103 32.86963676003308 30
    endloop
  endfacet
  facet normal 0 0 -1
    outer loop
      vertex 19 35 30
      vertex 19.196034282445908 34.99036945402622 30
      vertex 18.9921614223919 32.53032132892925 30
    endloop
  endfacet
  facet normal 0 -1 0
    outer loop
      vertex -12.85 -33 26.4
      vertex -10.85 -33 26.4
      vertex -10.85 -33 30
    endloop
  endfacet
  facet normal 0 -1 0
    outer loop
      vertex -12.85 -33 26.4
      vertex -10.85 -33 30
      vertex -12.85 -33 30
    endloop
  endfacet
  facet normal 0 0 -1
    outer loop
      vertex -12.85 -33 26.4
      vertex -10.85 19 26.4
      vertex -10.85 -33 26.4
    endloop
  endfacet
  facet normal -1 0 0
    outer loop
      vertex -12.85 -33 26.4
      vertex -12.85 -33 30
      vertex -12.85 19 30
    endloop
  endfacet
  facet normal 1 0 0
    outer loop
      vertex -10.85 -33 26.4
      vertex -10.85 19 26.4
      vertex -10.85 -33 30
    endloop
  endfacet
  facet normal 0 0 -1
    outer loop
      vertex -12.85 -33 26.4
      vertex -12.85 19 26.4
      vertex -10.85 19 26.4
    endloop
  endfacet
  facet normal -1 0 0
    outer loop
      vertex -12.85 -33 26.4
      vertex -12.85 19 30
      vertex -12.85 19 26.4
    endloop
  endfacet
  facet normal 0 1 0
    outer loop
      vertex -12.85 19 26.4
      vertex -12.85 19 30
      vertex -10.85 19 26.4
    endloop
  endfacet
  facet normal 0 1 0
    outer loop
      vertex -12.85 19 30
      vertex -10.85 19 30
      vertex -10.85 19 26.4
    endloop
  endfacet
  facet normal 1 0 0
    outer loop
      vertex -10.85 -33 30
      vertex -10.85 19 26.4
      vertex -10.85 19 30
    endloop
  endfacet
  facet normal -1 0 0
    outer loop
      vertex 10.85 -33 26.4
      vertex 10.85 -33 30
      vertex 10.85 19 30
    endloop
  endfacet
  facet normal 0 -1 0
    outer loop
      vertex 10.85 -33 26.4
      vertex 12.85 -33 26.4
      vertex 12.85 -33 30
    endloop
  endfacet
  facet normal 0 -1 0
    outer loop
      vertex 10.85 -33 26.4
      vertex 12.85 -33 30
      vertex 10.85 -33 30
    endloop
  endfacet
  facet normal 0 0 -1
    outer loop
      vertex 10.85 -33 26.4
      vertex 12.85 19 26.4
      vertex 12.85 -33 26.4
    endloop
  endfacet
  facet normal 1 0 0
    outer loop
      vertex 12.85 -33 26.4
      vertex 12.85 19 26.4
      vertex 12.85 -33 30
    endloop
  endfacet
  facet normal -1 0 0
    outer loop
      vertex 10.85 -33 26.4
      vertex 10.85 19 30
      vertex 10.85 19 26.4
    endloop
  endfacet
  facet normal 0 0 -1
    outer loop
      vertex 10.85 -33 26.4
      vertex 10.85 19 26.4
      vertex 12.85 19 26.4
    endloop
  endfacet
  facet normal 1 0 0
    outer loop
      vertex 12.85 -33 30
      vertex 12.85 19 26.4
      vertex 12.85 19 30
    endloop
  endfacet
  facet normal 0 1 0
    outer loop
      vertex 10.85 19 26.4
      vertex 10.85 19 30
      vertex 12.85 19 26.4
    endloop
  endfacet
  facet normal 0 1 0
    outer loop
      vertex 10.85 19 30
      vertex 12.85 19 30
      vertex 12.85 19 26.4
    endloop
  endfacet
  facet normal -0.8032075314806467 -0.5956993044924307 0
    outer loop
      vertex -17.455071821529454 -13.972247907784304 26.8
      vertex -17.35276829338479 -14.110188247286379 26.8
      vertex -17.455071821529454 -13.972247907784304 30
    endloop
  endfacet
  facet normal -0.7409511253549526 -0.6715589548470255 0
    outer loop
      vertex -17.35276829338479 -14.110188247286379 26.8
      vertex -17.237436867076458 -14.237436867076458 26.8
      vertex -17.35276829338479 -14.110188247286379 30
    endloop
  endfacet
  facet normal 0 0 -1
    outer loop
      vertex -17.716374240705655 -13.341408063528224 26.8
      vertex -17.741573271676344 -13.171529995576732 26.8
      vertex -17.716374240705655 -12.658591936471776 26.8
    endloop
  endfacet
  facet normal 0 0 -1
    outer loop
      vertex -17.616789181894752 -13.669696006638906 26.8
      vertex -17.674645587531366 -13.507998185195309 26.8
      vertex -17.616789181894752 -12.330303993361094 26.8
    endloop
  endfacet
  facet normal 0 0 -1
    outer loop
      vertex -17.716374240705655 -13.341408063528224 26.8
      vertex -17.674645587531366 -12.492001814804691 26.8
      vertex -17.674645587531366 -13.507998185195309 26.8
    endloop
  endfacet
  facet normal 0 0 -1
    outer loop
      vertex -17.741573271676344 -13.171529995576732 26.8
      vertex -17.75 -13 26.8
      vertex -17.741573271676344 -12.828470004423268 26.8
    endloop
  endfacet
  facet normal 0 0 -1
    outer loop
      vertex -17.741573271676344 -13.171529995576732 26.8
      vertex -17.741573271676344 -12.828470004423268 26.8
      vertex -17.716374240705655 -12.658591936471776 26.8
    endloop
  endfacet
  facet normal 0 0 -1
    outer loop
      vertex -17.716374240705655 -13.341408063528224 26.8
      vertex -17.716374240705655 -12.658591936471776 26.8
      vertex -17.674645587531366 -12.492001814804691 26.8
    endloop
  endfacet
  facet normal 0 0 -1
    outer loop
      vertex -17.674645587531366 -13.507998185195309 26.8
      vertex -17.674645587531366 -12.492001814804691 26.8
      vertex -17.616789181894752 -12.330303993361094 26.8
    endloop
  endfacet
  facet normal 0 0 -1
    outer loop
      vertex -17.455071821529454 -13.972247907784304 26.8
      vertex -17.35276829338479 -11.889811752713621 26.8
      vertex -17.35276829338479 -14.110188247286379 26.8
    endloop
  endfacet
  facet normal 0 0 -1
    outer loop
      vertex -17.35276829338479 -14.110188247286379 26.8
      vertex -17.237436867076458 -11.762563132923542 26.8
      vertex -17.237436867076458 -14.237436867076458 26.8
    endloop
  endfacet
  facet normal 0 0 -1
    outer loop
      vertex -17.616789181894752 -13.669696006638906 26.8
      vertex -17.543362212609622 -12.175055710554505 26.8
      vertex -17.543362212609622 -13.824944289445495 26.8
    endloop
  endfacet
  facet normal 0 0 -1
    outer loop
      vertex -17.455071821529454 -13.972247907784304 26.8
      vertex -17.543362212609622 -13.824944289445495 26.8
      vertex -17.455071821529454 -12.027752092215696 26.8
    endloop
  endfacet
  facet normal 0 0 -1
    outer loop
      vertex -17.616789181894752 -13.669696006638906 26.8
      vertex -17.616789181894752 -12.330303993361094 26.8
      vertex -17.543362212609622 -12.175055710554505 26.8
    endloop
  endfacet
  facet normal 0 0 -1
    outer loop
      vertex -17.543362212609622 -13.824944289445495 26.8
      vertex -17.543362212609622 -12.175055710554505 26.8
      vertex -17.455071821529454 -12.027752092215696 26.8
    endloop
  endfacet
  facet normal 0 0 -1
    outer loop
      vertex -17.455071821529454 -13.972247907784304 26.8
      vertex -17.455071821529454 -12.027752092215696 26.8
      vertex -17.35276829338479 -11.889811752713621 26.8
    endloop
  endfacet
  facet normal 0 0 -1
    outer loop
      vertex -17.35276829338479 -14.110188247286379 26.8
      vertex -17.35276829338479 -11.889811752713621 26.8
      vertex -17.237436867076458 -11.762563132923542 26.8
    endloop
  endfacet
  facet normal -0.9700312531945424 -0.24298017990326992 0
    outer loop
      vertex -17.716374240705655 -13.341408063528224 26.8
      vertex -17.674645587531366 -13.507998185195309 26.8
      vertex -17.716374240705655 -13.341408063528224 30
    endloop
  endfacet
  facet normal -0.9415440651830214 -0.33688985339221844 0
    outer loop
      vertex -17.616789181894752 -13.669696006638906 26.8
      vertex -17.674645587531366 -13.507998185195309 30
      vertex -17.674645587531366 -13.507998185195309 26.8
    endloop
  endfacet
  facet normal -0.989176509964782 -0.14673047445535423 0
    outer loop
      vertex -17.716374240705655 -13.341408063528224 26.8
      vertex -17.741573271676344 -13.171529995576732 30
      vertex -17.741573271676344 -13.171529995576732 26.8
    endloop
  endfacet
  facet normal -0.9987954562051724 -0.04906767432741899 0
    outer loop
      vertex -17.741573271676344 -13.171529995576732 26.8
      vertex -17.75 -13 30
      vertex -17.75 -13 26.8
    endloop
  endfacet
  facet normal -0.9987954562051724 0.04906767432741899 0
    outer loop
      vertex -17.75 -13 26.8
      vertex -17.741573271676344 -12.828470004423268 30
      vertex -17.741573271676344 -12.828470004423268 26.8
    endloop
  endfacet
  facet normal -0.9039892931234449 -0.4275550934302786 0
    outer loop
      vertex -17.616789181894752 -13.669696006638906 26.8
      vertex -17.543362212609622 -13.824944289445495 26.8
      vertex -17.616789181894752 -13.669696006638906 30
    endloop
  endfacet
  facet normal -0.8577286100002707 -0.514102744193224 0
    outer loop
      vertex -17.455071821529454 -13.972247907784304 26.8
      vertex -17.543362212609622 -13.824944289445495 30
      vertex -17.543362212609622 -13.824944289445495 26.8
    endloop
  endfacet
  facet normal -0.989176509964782 0.14673047445535423 0
    outer loop
      vertex -17.741573271676344 -12.828470004423268 26.8
      vertex -17.716374240705655 -12.658591936471776 30
      vertex -17.716374240705655 -12.658591936471776 26.8
    endloop
  endfacet
  facet normal -0.9700312531945424 0.24298017990326992 0
    outer loop
      vertex -17.716374240705655 -12.658591936471776 26.8
      vertex -17.674645587531366 -12.492001814804691 30
      vertex -17.674645587531366 -12.492001814804691 26.8
    endloop
  endfacet
  facet normal -0.9415440651830214 0.33688985339221844 0
    outer loop
      vertex -17.674645587531366 -12.492001814804691 26.8
      vertex -17.616789181894752 -12.330303993361094 30
      vertex -17.616789181894752 -12.330303993361094 26.8
    endloop
  endfacet
  facet normal -0.9039892931234449 0.4275550934302786 0
    outer loop
      vertex -17.616789181894752 -12.330303993361094 26.8
      vertex -17.543362212609622 -12.175055710554505 30
      vertex -17.543362212609622 -12.175055710554505 26.8
    endloop
  endfacet
  facet normal -0.8577286100002707 0.514102744193224 0
    outer loop
      vertex -17.543362212609622 -12.175055710554505 26.8
      vertex -17.455071821529454 -12.027752092215696 30
      vertex -17.455071821529454 -12.027752092215696 26.8
    endloop
  endfacet
  facet normal -0.8032075314806467 0.5956993044924307 0
    outer loop
      vertex -17.455071821529454 -12.027752092215696 26.8
      vertex -17.35276829338479 -11.889811752713621 30
      vertex -17.35276829338479 -11.889811752713621 26.8
    endloop
  endfacet
  facet normal -0.7409511253549526 0.6715589548470255 0
    outer loop
      vertex -17.35276829338479 -11.889811752713621 26.8
      vertex -17.237436867076458 -11.762563132923542 30
      vertex -17.237436867076458 -11.762563132923542 26.8
    endloop
  endfacet
  facet normal -0.8577286100002707 -0.514102744193224 0
    outer loop
      vertex -17.455071821529454 -13.972247907784304 26.8
      vertex -17.455071821529454 -13.972247907784304 30
      vertex -17.543362212609622 -13.824944289445495 30
    endloop
  endfacet
  facet normal -0.7409511253549526 -0.6715589548470255 0
    outer loop
      vertex -17.35276829338479 -14.110188247286379 30
      vertex -17.237436867076458 -14.237436867076458 26.8
      vertex -17.237436867076458 -14.237436867076458 30
    endloop
  endfacet
  facet normal -0.8032075314806467 -0.5956993044924307 0
    outer loop
      vertex -17.35276829338479 -14.110188247286379 26.8
      vertex -17.35276829338479 -14.110188247286379 30
      vertex -17.455071821529454 -13.972247907784304 30
    endloop
  endfacet
  facet normal -0.9415440651830214 -0.33688985339221844 0
    outer loop
      vertex -17.616789181894752 -13.669696006638906 26.8
      vertex -17.616789181894752 -13.669696006638906 30
      vertex -17.674645587531366 -13.507998185195309 30
    endloop
  endfacet
  facet normal -0.9700312531945424 -0.24298017990326992 0
    outer loop
      vertex -17.674645587531366 -13.507998185195309 26.8
      vertex -17.674645587531366 -13.507998185195309 30
      vertex -17.716374240705655 -13.341408063528224 30
    endloop
  endfacet
  facet normal -0.989176509964782 -0.14673047445535423 0
    outer loop
      vertex -17.716374240705655 -13.341408063528224 26.8
      vertex -17.716374240705655 -13.341408063528224 30
      vertex -17.741573271676344 -13.171529995576732 30
    endloop
  endfacet
  facet normal -0.9987954562051724 -0.04906767432741899 0
    outer loop
      vertex -17.741573271676344 -13.171529995576732 26.8
      vertex -17.741573271676344 -13.171529995576732 30
      vertex -17.75 -13 30
    endloop
  endfacet
  facet normal -0.9987954562051724 0.04906767432741899 0
    outer loop
      vertex -17.75 -13 26.8
      vertex -17.75 -13 30
      vertex -17.741573271676344 -12.828470004423268 30
    endloop
  endfacet
  facet normal -0.989176509964782 0.14673047445535423 0
    outer loop
      vertex -17.741573271676344 -12.828470004423268 26.8
      vertex -17.741573271676344 -12.828470004423268 30
      vertex -17.716374240705655 -12.658591936471776 30
    endloop
  endfacet
  facet normal -0.9039892931234449 -0.4275550934302786 0
    outer loop
      vertex -17.543362212609622 -13.824944289445495 26.8
      vertex -17.543362212609622 -13.824944289445495 30
      vertex -17.616789181894752 -13.669696006638906 30
    endloop
  endfacet
  facet normal -0.9700312531945424 0.24298017990326992 0
    outer loop
      vertex -17.716374240705655 -12.658591936471776 26.8
      vertex -17.716374240705655 -12.658591936471776 30
      vertex -17.674645587531366 -12.492001814804691 30
    endloop
  endfacet
  facet normal -0.9415440651830214 0.33688985339221844 0
    outer loop
      vertex -17.674645587531366 -12.492001814804691 26.8
      vertex -17.674645587531366 -12.492001814804691 30
      vertex -17.616789181894752 -12.330303993361094 30
    endloop
  endfacet
  facet normal -0.9039892931234449 0.4275550934302786 0
    outer loop
      vertex -17.616789181894752 -12.330303993361094 26.8
      vertex -17.616789181894752 -12.330303993361094 30
      vertex -17.543362212609622 -12.175055710554505 30
    endloop
  endfacet
  facet normal -0.8577286100002707 0.514102744193224 0
    outer loop
      vertex -17.543362212609622 -12.175055710554505 26.8
      vertex -17.543362212609622 -12.175055710554505 30
      vertex -17.455071821529454 -12.027752092215696 30
    endloop
  endfacet
  facet normal -0.8032075314806467 0.5956993044924307 0
    outer loop
      vertex -17.455071821529454 -12.027752092215696 26.8
      vertex -17.455071821529454 -12.027752092215696 30
      vertex -17.35276829338479 -11.889811752713621 30
    endloop
  endfacet
  facet normal -0.7409511253549526 0.6715589548470255 0
    outer loop
      vertex -17.35276829338479 -11.889811752713621 26.8
      vertex -17.35276829338479 -11.889811752713621 30
      vertex -17.237436867076458 -11.762563132923542 30
    endloop
  endfacet
  facet normal -0.671558954847025 -0.7409511253549531 0
    outer loop
      vertex -17.237436867076458 -14.237436867076458 26.8
      vertex -17.11018824728638 -14.35276829338479 26.8
      vertex -17.11018824728638 -14.35276829338479 30
    endloop
  endfacet
  facet normal -0.5956993044924326 -0.8032075314806456 0
    outer loop
      vertex -16.972247907784304 -14.455071821529454 26.8
      vertex -16.972247907784304 -14.455071821529454 30
      vertex -17.11018824728638 -14.35276829338479 26.8
    endloop
  endfacet
  facet normal -0.5141027441932209 -0.8577286100002725 0
    outer loop
      vertex -16.972247907784304 -14.455071821529454 26.8
      vertex -16.824944289445497 -14.54336221260962 26.8
      vertex -16.824944289445497 -14.54336221260962 30
    endloop
  endfacet
  facet normal -0.427555093430287 -0.9039892931234409 0
    outer loop
      vertex -16.824944289445497 -14.54336221260962 26.8
      vertex -16.669696006638908 -14.616789181894752 26.8
      vertex -16.669696006638908 -14.616789181894752 30
    endloop
  endfacet
  facet normal -0.33688985339221517 -0.9415440651830225 0
    outer loop
      vertex -16.669696006638908 -14.616789181894752 26.8
      vertex -16.50799818519531 -14.674645587531366 26.8
      vertex -16.50799818519531 -14.674645587531366 30
    endloop
  endfacet
  facet normal -0.2429801799032602 -0.970031253194545 0
    outer loop
      vertex -16.50799818519531 -14.674645587531366 26.8
      vertex -16.341408063528224 -14.716374240705653 26.8
      vertex -16.341408063528224 -14.716374240705653 30
    endloop
  endfacet
  facet normal -0.14673047445536286 -0.9891765099647808 0
    outer loop
      vertex -16.341408063528224 -14.716374240705653 26.8
      vertex -16.17152999557673 -14.741573271676344 26.8
      vertex -16.17152999557673 -14.741573271676344 30
    endloop
  endfacet
  facet normal -0.0490676743274195 -0.9987954562051724 0
    outer loop
      vertex -16 -14.75 26.8
      vertex -16 -14.75 30
      vertex -16.17152999557673 -14.741573271676344 26.8
    endloop
  endfacet
  facet normal 0.04906767432741899 -0.9987954562051724 0
    outer loop
      vertex -16 -14.75 26.8
      vertex -15.828470004423268 -14.741573271676344 26.8
      vertex -15.828470004423268 -14.741573271676344 30
    endloop
  endfacet
  facet normal 0.14673047445536436 -0.9891765099647807 0
    outer loop
      vertex -15.828470004423268 -14.741573271676344 26.8
      vertex -15.658591936471776 -14.716374240705653 26.8
      vertex -15.658591936471776 -14.716374240705653 30
    endloop
  endfacet
  facet normal 0.2429801799032602 -0.970031253194545 0
    outer loop
      vertex -15.658591936471776 -14.716374240705653 26.8
      vertex -15.492001814804691 -14.674645587531366 26.8
      vertex -15.492001814804691 -14.674645587531366 30
    endloop
  endfacet
  facet normal 0.33688985339221844 -0.9415440651830214 0
    outer loop
      vertex -15.492001814804691 -14.674645587531366 26.8
      vertex -15.330303993361094 -14.616789181894752 26.8
      vertex -15.330303993361094 -14.616789181894752 30
    endloop
  endfacet
  facet normal 0.427555093430287 -0.9039892931234409 0
    outer loop
      vertex -15.330303993361094 -14.616789181894752 26.8
      vertex -15.175055710554505 -14.54336221260962 26.8
      vertex -15.175055710554505 -14.54336221260962 30
    endloop
  endfacet
  facet normal 0.5141027441932164 -0.8577286100002753 0
    outer loop
      vertex -15.175055710554505 -14.54336221260962 26.8
      vertex -15.027752092215696 -14.455071821529454 26.8
      vertex -15.027752092215696 -14.455071821529454 30
    endloop
  endfacet
  facet normal 0.5956993044924376 -0.803207531480642 0
    outer loop
      vertex -15.027752092215696 -14.455071821529454 26.8
      vertex -14.889811752713621 -14.35276829338479 26.8
      vertex -14.889811752713621 -14.35276829338479 30
    endloop
  endfacet
  facet normal 0.6715589548470199 -0.7409511253549578 0
    outer loop
      vertex -14.889811752713621 -14.35276829338479 26.8
      vertex -14.762563132923542 -14.237436867076458 26.8
      vertex -14.762563132923542 -14.237436867076458 30
    endloop
  endfacet
  facet normal 0.7409511253549578 -0.6715589548470199 0
    outer loop
      vertex -14.762563132923542 -14.237436867076458 26.8
      vertex -14.64723170661521 -14.110188247286379 26.8
      vertex -14.762563132923542 -14.237436867076458 30
    endloop
  endfacet
  facet normal 0.803207531480642 -0.5956993044924376 0
    outer loop
      vertex -14.64723170661521 -14.110188247286379 26.8
      vertex -14.544928178470546 -13.972247907784304 26.8
      vertex -14.64723170661521 -14.110188247286379 30
    endloop
  endfacet
  facet normal 0.8577286100002753 -0.5141027441932164 0
    outer loop
      vertex -14.544928178470546 -13.972247907784304 26.8
      vertex -14.45663778739038 -13.824944289445495 26.8
      vertex -14.544928178470546 -13.972247907784304 30
    endloop
  endfacet
  facet normal 0 0 -1
    outer loop
      vertex -17.237436867076458 -14.237436867076458 26.8
      vertex -17.11018824728638 -11.64723170661521 26.8
      vertex -17.11018824728638 -14.35276829338479 26.8
    endloop
  endfacet
  facet normal 0 0 -1
    outer loop
      vertex -16.972247907784304 -14.455071821529454 26.8
      vertex -17.11018824728638 -14.35276829338479 26.8
      vertex -16.972247907784304 -11.544928178470546 26.8
    endloop
  endfacet
  facet normal 0 0 -1
    outer loop
      vertex -16.972247907784304 -14.455071821529454 26.8
      vertex -16.824944289445497 -11.45663778739038 26.8
      vertex -16.824944289445497 -14.54336221260962 26.8
    endloop
  endfacet
  facet normal 0 0 -1
    outer loop
      vertex -16.824944289445497 -14.54336221260962 26.8
      vertex -16.669696006638908 -11.383210818105248 26.8
      vertex -16.669696006638908 -14.616789181894752 26.8
    endloop
  endfacet
  facet normal 0 0 -1
    outer loop
      vertex -16.669696006638908 -14.616789181894752 26.8
      vertex -16.50799818519531 -11.325354412468634 26.8
      vertex -16.50799818519531 -14.674645587531366 26.8
    endloop
  endfacet
  facet normal 0 0 -1
    outer loop
      vertex -17.237436867076458 -14.237436867076458 26.8
      vertex -17.237436867076458 -11.762563132923542 26.8
      vertex -17.11018824728638 -11.64723170661521 26.8
    endloop
  endfacet
  facet normal 0 0 -1
    outer loop
      vertex -17.11018824728638 -14.35276829338479 26.8
      vertex -17.11018824728638 -11.64723170661521 26.8
      vertex -16.972247907784304 -11.544928178470546 26.8
    endloop
  endfacet
  facet normal 0 0 -1
    outer loop
      vertex -16.972247907784304 -14.455071821529454 26.8
      vertex -16.972247907784304 -11.544928178470546 26.8
      vertex -16.824944289445497 -11.45663778739038 26.8
    endloop
  endfacet
  facet normal 0 0 -1
    outer loop
      vertex -16.824944289445497 -14.54336221260962 26.8
      vertex -16.824944289445497 -11.45663778739038 26.8
      vertex -16.669696006638908 -11.383210818105248 26.8
    endloop
  endfacet
  facet normal 0 0 -1
    outer loop
      vertex -16.669696006638908 -14.616789181894752 26.8
      vertex -16.669696006638908 -11.383210818105248 26.8
      vertex -16.50799818519531 -11.325354412468634 26.8
    endloop
  endfacet
  facet normal 0 0 -1
    outer loop
      vertex -16.50799818519531 -14.674645587531366 26.8
      vertex -16.341408063528224 -11.283625759294347 26.8
      vertex -16.341408063528224 -14.716374240705653 26.8
    endloop
  endfacet
  facet normal 0 0 -1
    outer loop
      vertex -16.341408063528224 -14.716374240705653 26.8
      vertex -16.17152999557673 -11.258426728323656 26.8
      vertex -16.17152999557673 -14.741573271676344 26.8
    endloop
  endfacet
  facet normal 0 0 -1
    outer loop
      vertex -16 -14.75 26.8
      vertex -16.17152999557673 -14.741573271676344 26.8
      vertex -16 -11.25 26.8
    endloop
  endfacet
  facet normal 0 0 -1
    outer loop
      vertex -16 -14.75 26.8
      vertex -15.828470004423268 -11.258426728323656 26.8
      vertex -15.828470004423268 -14.741573271676344 26.8
    endloop
  endfacet
  facet normal 0 0 -1
    outer loop
      vertex -16.50799818519531 -14.674645587531366 26.8
      vertex -16.50799818519531 -11.325354412468634 26.8
      vertex -16.341408063528224 -11.283625759294347 26.8
    endloop
  endfacet
  facet normal 0 0 -1
    outer loop
      vertex -16.341408063528224 -14.716374240705653 26.8
      vertex -16.341408063528224 -11.283625759294347 26.8
      vertex -16.17152999557673 -11.258426728323656 26.8
    endloop
  endfacet
  facet normal 0 0 -1
    outer loop
      vertex -16.17152999557673 -14.741573271676344 26.8
      vertex -16.17152999557673 -11.258426728323656 26.8
      vertex -16 -11.25 26.8
    endloop
  endfacet
  facet normal 0 0 -1
    outer loop
      vertex -16 -14.75 26.8
      vertex -16 -11.25 26.8
      vertex -15.828470004423268 -11.258426728323656 26.8
    endloop
  endfacet
  facet normal -0.671558954847025 0.7409511253549531 0
    outer loop
      vertex -17.237436867076458 -11.762563132923542 26.8
      vertex -17.237436867076458 -11.762563132923542 30
      vertex -17.11018824728638 -11.64723170661521 26.8
    endloop
  endfacet
  facet normal -0.5956993044924326 0.8032075314806456 0
    outer loop
      vertex -17.11018824728638 -11.64723170661521 26.8
      vertex -17.11018824728638 -11.64723170661521 30
      vertex -16.972247907784304 -11.544928178470546 26.8
    endloop
  endfacet
  facet normal -0.5141027441932209 0.8577286100002725 0
    outer loop
      vertex -16.972247907784304 -11.544928178470546 26.8
      vertex -16.972247907784304 -11.544928178470546 30
      vertex -16.824944289445497 -11.45663778739038 26.8
    endloop
  endfacet
  facet normal -0.427555093430287 0.9039892931234409 0
    outer loop
      vertex -16.824944289445497 -11.45663778739038 26.8
      vertex -16.824944289445497 -11.45663778739038 30
      vertex -16.669696006638908 -11.383210818105248 26.8
    endloop
  endfacet
  facet normal -0.33688985339221517 0.9415440651830225 0
    outer loop
      vertex -16.669696006638908 -11.383210818105248 26.8
      vertex -16.669696006638908 -11.383210818105248 30
      vertex -16.50799818519531 -11.325354412468634 26.8
    endloop
  endfacet
  facet normal -0.2429801799032602 0.970031253194545 0
    outer loop
      vertex -16.50799818519531 -11.325354412468634 26.8
      vertex -16.50799818519531 -11.325354412468634 30
      vertex -16.341408063528224 -11.283625759294347 26.8
    endloop
  endfacet
  facet normal -0.14673047445536286 0.9891765099647808 0
    outer loop
      vertex -16.341408063528224 -11.283625759294347 26.8
      vertex -16.341408063528224 -11.283625759294347 30
      vertex -16.17152999557673 -11.258426728323656 26.8
    endloop
  endfacet
  facet normal -0.0490676743274195 0.9987954562051724 0
    outer loop
      vertex -16.17152999557673 -11.258426728323656 26.8
      vertex -16.17152999557673 -11.258426728323656 30
      vertex -16 -11.25 26.8
    endloop
  endfacet
  facet normal 0.04906767432741899 0.9987954562051724 0
    outer loop
      vertex -16 -11.25 26.8
      vertex -16 -11.25 30
      vertex -15.828470004423268 -11.258426728323656 26.8
    endloop
  endfacet
  facet normal 0 0 -1
    outer loop
      vertex -15.828470004423268 -14.741573271676344 26.8
      vertex -15.658591936471776 -11.283625759294347 26.8
      vertex -15.658591936471776 -14.716374240705653 26.8
    endloop
  endfacet
  facet normal 0 0 -1
    outer loop
      vertex -15.658591936471776 -14.716374240705653 26.8
      vertex -15.492001814804691 -11.325354412468634 26.8
      vertex -15.492001814804691 -14.674645587531366 26.8
    endloop
  endfacet
  facet normal 0 0 -1
    outer loop
      vertex -15.492001814804691 -14.674645587531366 26.8
      vertex -15.330303993361094 -11.383210818105248 26.8
      vertex -15.330303993361094 -14.616789181894752 26.8
    endloop
  endfacet
  facet normal 0 0 -1
    outer loop
      vertex -15.330303993361094 -14.616789181894752 26.8
      vertex -15.175055710554505 -11.45663778739038 26.8
      vertex -15.175055710554505 -14.54336221260962 26.8
    endloop
  endfacet
  facet normal 0 0 -1
    outer loop
      vertex -15.828470004423268 -14.741573271676344 26.8
      vertex -15.828470004423268 -11.258426728323656 26.8
      vertex -15.658591936471776 -11.283625759294347 26.8
    endloop
  endfacet
  facet normal 0 0 -1
    outer loop
      vertex -15.658591936471776 -14.716374240705653 26.8
      vertex -15.658591936471776 -11.283625759294347 26.8
      vertex -15.492001814804691 -11.325354412468634 26.8
    endloop
  endfacet
  facet normal 0 0 -1
    outer loop
      vertex -15.492001814804691 -14.674645587531366 26.8
      vertex -15.492001814804691 -11.325354412468634 26.8
      vertex -15.330303993361094 -11.383210818105248 26.8
    endloop
  endfacet
  facet normal 0 0 -1
    outer loop
      vertex -15.330303993361094 -14.616789181894752 26.8
      vertex -15.330303993361094 -11.383210818105248 26.8
      vertex -15.175055710554505 -11.45663778739038 26.8
    endloop
  endfacet
  facet normal 0 0 -1
    outer loop
      vertex -15.175055710554505 -14.54336221260962 26.8
      vertex -15.175055710554505 -11.45663778739038 26.8
      vertex -15.027752092215696 -11.544928178470546 26.8
    endloop
  endfacet
  facet normal 0 0 -1
    outer loop
      vertex -15.175055710554505 -14.54336221260962 26.8
      vertex -15.027752092215696 -11.544928178470546 26.8
      vertex -15.027752092215696 -14.455071821529454 26.8
    endloop
  endfacet
  facet normal 0 0 -1
    outer loop
      vertex -15.027752092215696 -14.455071821529454 26.8
      vertex -14.889811752713621 -11.64723170661521 26.8
      vertex -14.889811752713621 -14.35276829338479 26.8
    endloop
  endfacet
  facet normal 0 0 -1
    outer loop
      vertex -14.889811752713621 -14.35276829338479 26.8
      vertex -14.762563132923542 -11.762563132923542 26.8
      vertex -14.762563132923542 -14.237436867076458 26.8
    endloop
  endfacet
  facet normal 0 0 -1
    outer loop
      vertex -14.762563132923542 -14.237436867076458 26.8
      vertex -14.64723170661521 -11.889811752713621 26.8
      vertex -14.64723170661521 -14.110188247286379 26.8
    endloop
  endfacet
  facet normal 0 0 -1
    outer loop
      vertex -14.64723170661521 -14.110188247286379 26.8
      vertex -14.544928178470546 -12.027752092215696 26.8
      vertex -14.544928178470546 -13.972247907784304 26.8
    endloop
  endfacet
  facet normal 0 0 -1
    outer loop
      vertex -14.544928178470546 -13.972247907784304 26.8
      vertex -14.45663778739038 -12.175055710554505 26.8
      vertex -14.45663778739038 -13.824944289445495 26.8
    endloop
  endfacet
  facet normal 0 0 -1
    outer loop
      vertex -14.45663778739038 -13.824944289445495 26.8
      vertex -14.383210818105248 -12.330303993361094 26.8
      vertex -14.383210818105248 -13.669696006638906 26.8
    endloop
  endfacet
  facet normal 0 0 -1
    outer loop
      vertex -14.544928178470546 -13.972247907784304 26.8
      vertex -14.544928178470546 -12.027752092215696 26.8
      vertex -14.45663778739038 -12.175055710554505 26.8
    endloop
  endfacet
  facet normal 0 0 -1
    outer loop
      vertex -14.45663778739038 -13.824944289445495 26.8
      vertex -14.45663778739038 -12.175055710554505 26.8
      vertex -14.383210818105248 -12.330303993361094 26.8
    endloop
  endfacet
  facet normal 0 0 -1
    outer loop
      vertex -15.027752092215696 -14.455071821529454 26.8
      vertex -15.027752092215696 -11.544928178470546 26.8
      vertex -14.889811752713621 -11.64723170661521 26.8
    endloop
  endfacet
  facet normal 0 0 -1
    outer loop
      vertex -14.889811752713621 -14.35276829338479 26.8
      vertex -14.889811752713621 -11.64723170661521 26.8
      vertex -14.762563132923542 -11.762563132923542 26.8
    endloop
  endfacet
  facet normal 0 0 -1
    outer loop
      vertex -14.762563132923542 -14.237436867076458 26.8
      vertex -14.762563132923542 -11.762563132923542 26.8
      vertex -14.64723170661521 -11.889811752713621 26.8
    endloop
  endfacet
  facet normal 0 0 -1
    outer loop
      vertex -14.64723170661521 -14.110188247286379 26.8
      vertex -14.64723170661521 -11.889811752713621 26.8
      vertex -14.544928178470546 -12.027752092215696 26.8
    endloop
  endfacet
  facet normal 0.9039892931234409 -0.427555093430287 0
    outer loop
      vertex -14.45663778739038 -13.824944289445495 26.8
      vertex -14.383210818105248 -13.669696006638906 26.8
      vertex -14.45663778739038 -13.824944289445495 30
    endloop
  endfacet
  facet normal 0.5956993044924376 0.803207531480642 0
    outer loop
      vertex -14.889811752713621 -11.64723170661521 26.8
      vertex -15.027752092215696 -11.544928178470546 26.8
      vertex -15.027752092215696 -11.544928178470546 30
    endloop
  endfacet
  facet normal 0.6715589548470199 0.7409511253549578 0
    outer loop
      vertex -14.889811752713621 -11.64723170661521 26.8
      vertex -14.889811752713621 -11.64723170661521 30
      vertex -14.762563132923542 -11.762563132923542 26.8
    endloop
  endfacet
  facet normal 0.9039892931234409 0.427555093430287 0
    outer loop
      vertex -14.383210818105248 -12.330303993361094 26.8
      vertex -14.45663778739038 -12.175055710554505 26.8
      vertex -14.383210818105248 -12.330303993361094 30
    endloop
  endfacet
  facet normal 0.803207531480642 0.5956993044924376 0
    outer loop
      vertex -14.64723170661521 -11.889811752713621 26.8
      vertex -14.544928178470546 -12.027752092215696 30
      vertex -14.544928178470546 -12.027752092215696 26.8
    endloop
  endfacet
  facet normal 0.7409511253549578 0.6715589548470199 0
    outer loop
      vertex -14.762563132923542 -11.762563132923542 26.8
      vertex -14.64723170661521 -11.889811752713621 30
      vertex -14.64723170661521 -11.889811752713621 26.8
    endloop
  endfacet
  facet normal 0.8577286100002753 0.5141027441932164 0
    outer loop
      vertex -14.45663778739038 -12.175055710554505 26.8
      vertex -14.544928178470546 -12.027752092215696 26.8
      vertex -14.45663778739038 -12.175055710554505 30
    endloop
  endfacet
  facet normal 0.14673047445536436 0.9891765099647807 0
    outer loop
      vertex -15.828470004423268 -11.258426728323656 26.8
      vertex -15.828470004423268 -11.258426728323656 30
      vertex -15.658591936471776 -11.283625759294347 26.8
    endloop
  endfacet
  facet normal 0.2429801799032602 0.970031253194545 0
    outer loop
      vertex -15.658591936471776 -11.283625759294347 26.8
      vertex -15.658591936471776 -11.283625759294347 30
      vertex -15.492001814804691 -11.325354412468634 26.8
    endloop
  endfacet
  facet normal 0.33688985339221844 0.9415440651830214 0
    outer loop
      vertex -15.492001814804691 -11.325354412468634 26.8
      vertex -15.492001814804691 -11.325354412468634 30
      vertex -15.330303993361094 -11.383210818105248 26.8
    endloop
  endfacet
  facet normal 0.427555093430287 0.9039892931234409 0
    outer loop
      vertex -15.330303993361094 -11.383210818105248 26.8
      vertex -15.330303993361094 -11.383210818105248 30
      vertex -15.175055710554505 -11.45663778739038 26.8
    endloop
  endfacet
  facet normal 0.5141027441932164 0.8577286100002753 0
    outer loop
      vertex -15.175055710554505 -11.45663778739038 26.8
      vertex -15.175055710554505 -11.45663778739038 30
      vertex -15.027752092215696 -11.544928178470546 26.8
    endloop
  endfacet
  facet normal 0 0 -1
    outer loop
      vertex -14.383210818105248 -13.669696006638906 26.8
      vertex -14.325354412468634 -12.492001814804691 26.8
      vertex -14.325354412468634 -13.507998185195309 26.8
    endloop
  endfacet
  facet normal 0 0 -1
    outer loop
      vertex -14.325354412468634 -13.507998185195309 26.8
      vertex -14.283625759294347 -12.658591936471776 26.8
      vertex -14.283625759294347 -13.341408063528224 26.8
    endloop
  endfacet
  facet normal 0 0 -1
    outer loop
      vertex -14.283625759294347 -13.341408063528224 26.8
      vertex -14.258426728323656 -12.828470004423268 26.8
      vertex -14.258426728323656 -13.171529995576732 26.8
    endloop
  endfacet
  facet normal 0 0 -1
    outer loop
      vertex -14.325354412468634 -13.507998185195309 26.8
      vertex -14.325354412468634 -12.492001814804691 26.8
      vertex -14.283625759294347 -12.658591936471776 26.8
    endloop
  endfacet
  facet normal 0 0 -1
    outer loop
      vertex -14.383210818105248 -13.669696006638906 26.8
      vertex -14.383210818105248 -12.330303993361094 26.8
      vertex -14.325354412468634 -12.492001814804691 26.8
    endloop
  endfacet
  facet normal 0 0 -1
    outer loop
      vertex -14.258426728323656 -13.171529995576732 26.8
      vertex -14.258426728323656 -12.828470004423268 26.8
      vertex -14.25 -13 26.8
    endloop
  endfacet
  facet normal 0 0 -1
    outer loop
      vertex -14.283625759294347 -13.341408063528224 26.8
      vertex -14.283625759294347 -12.658591936471776 26.8
      vertex -14.258426728323656 -12.828470004423268 26.8
    endloop
  endfacet
  facet normal 0.9415440651830214 -0.33688985339221844 0
    outer loop
      vertex -14.383210818105248 -13.669696006638906 26.8
      vertex -14.325354412468634 -13.507998185195309 26.8
      vertex -14.383210818105248 -13.669696006638906 30
    endloop
  endfacet
  facet normal 0.970031253194545 -0.2429801799032602 0
    outer loop
      vertex -14.325354412468634 -13.507998185195309 26.8
      vertex -14.283625759294347 -13.341408063528224 26.8
      vertex -14.325354412468634 -13.507998185195309 30
    endloop
  endfacet
  facet normal 0.9891765099647807 -0.14673047445536436 0
    outer loop
      vertex -14.283625759294347 -13.341408063528224 26.8
      vertex -14.258426728323656 -13.171529995576732 26.8
      vertex -14.283625759294347 -13.341408063528224 30
    endloop
  endfacet
  facet normal 0.9987954562051724 -0.04906767432741899 0
    outer loop
      vertex -14.258426728323656 -13.171529995576732 26.8
      vertex -14.25 -13 26.8
      vertex -14.258426728323656 -13.171529995576732 30
    endloop
  endfacet
  facet normal 0.9987954562051724 0.04906767432741899 0
    outer loop
      vertex -14.25 -13 26.8
      vertex -14.258426728323656 -12.828470004423268 26.8
      vertex -14.25 -13 30
    endloop
  endfacet
  facet normal 0.9891765099647807 0.14673047445536436 0
    outer loop
      vertex -14.258426728323656 -12.828470004423268 26.8
      vertex -14.283625759294347 -12.658591936471776 26.8
      vertex -14.258426728323656 -12.828470004423268 30
    endloop
  endfacet
  facet normal 0.970031253194545 0.2429801799032602 0
    outer loop
      vertex -14.325354412468634 -12.492001814804691 26.8
      vertex -14.283625759294347 -12.658591936471776 30
      vertex -14.283625759294347 -12.658591936471776 26.8
    endloop
  endfacet
  facet normal 0.9415440651830214 0.33688985339221844 0
    outer loop
      vertex -14.383210818105248 -12.330303993361094 26.8
      vertex -14.325354412468634 -12.492001814804691 30
      vertex -14.325354412468634 -12.492001814804691 26.8
    endloop
  endfacet
  facet normal -0.5141027441932209 -0.8577286100002725 0
    outer loop
      vertex -16.972247907784304 -14.455071821529454 26.8
      vertex -16.824944289445497 -14.54336221260962 30
      vertex -16.972247907784304 -14.455071821529454 30
    endloop
  endfacet
  facet normal -0.671558954847025 -0.7409511253549531 0
    outer loop
      vertex -17.237436867076458 -14.237436867076458 26.8
      vertex -17.11018824728638 -14.35276829338479 30
      vertex -17.237436867076458 -14.237436867076458 30
    endloop
  endfacet
  facet normal -0.5956993044924326 -0.8032075314806456 0
    outer loop
      vertex -17.11018824728638 -14.35276829338479 26.8
      vertex -16.972247907784304 -14.455071821529454 30
      vertex -17.11018824728638 -14.35276829338479 30
    endloop
  endfacet
  facet normal -0.427555093430287 -0.9039892931234409 0
    outer loop
      vertex -16.824944289445497 -14.54336221260962 26.8
      vertex -16.669696006638908 -14.616789181894752 30
      vertex -16.824944289445497 -14.54336221260962 30
    endloop
  endfacet
  facet normal -0.33688985339221517 -0.9415440651830225 0
    outer loop
      vertex -16.669696006638908 -14.616789181894752 26.8
      vertex -16.50799818519531 -14.674645587531366 30
      vertex -16.669696006638908 -14.616789181894752 30
    endloop
  endfacet
  facet normal -0.2429801799032602 -0.970031253194545 0
    outer loop
      vertex -16.50799818519531 -14.674645587531366 26.8
      vertex -16.341408063528224 -14.716374240705653 30
      vertex -16.50799818519531 -14.674645587531366 30
    endloop
  endfacet
  facet normal -0.14673047445536286 -0.9891765099647808 0
    outer loop
      vertex -16.341408063528224 -14.716374240705653 26.8
      vertex -16.17152999557673 -14.741573271676344 30
      vertex -16.341408063528224 -14.716374240705653 30
    endloop
  endfacet
  facet normal -0.0490676743274195 -0.9987954562051724 0
    outer loop
      vertex -16.17152999557673 -14.741573271676344 26.8
      vertex -16 -14.75 30
      vertex -16.17152999557673 -14.741573271676344 30
    endloop
  endfacet
  facet normal 0.04906767432741899 -0.9987954562051724 0
    outer loop
      vertex -16 -14.75 26.8
      vertex -15.828470004423268 -14.741573271676344 30
      vertex -16 -14.75 30
    endloop
  endfacet
  facet normal 0.14673047445536436 -0.9891765099647807 0
    outer loop
      vertex -15.828470004423268 -14.741573271676344 26.8
      vertex -15.658591936471776 -14.716374240705653 30
      vertex -15.828470004423268 -14.741573271676344 30
    endloop
  endfacet
  facet normal 0.2429801799032602 -0.970031253194545 0
    outer loop
      vertex -15.658591936471776 -14.716374240705653 26.8
      vertex -15.492001814804691 -14.674645587531366 30
      vertex -15.658591936471776 -14.716374240705653 30
    endloop
  endfacet
  facet normal 0.33688985339221844 -0.9415440651830214 0
    outer loop
      vertex -15.492001814804691 -14.674645587531366 26.8
      vertex -15.330303993361094 -14.616789181894752 30
      vertex -15.492001814804691 -14.674645587531366 30
    endloop
  endfacet
  facet normal 0.427555093430287 -0.9039892931234409 0
    outer loop
      vertex -15.330303993361094 -14.616789181894752 26.8
      vertex -15.175055710554505 -14.54336221260962 30
      vertex -15.330303993361094 -14.616789181894752 30
    endloop
  endfacet
  facet normal 0.5141027441932164 -0.8577286100002753 0
    outer loop
      vertex -15.175055710554505 -14.54336221260962 26.8
      vertex -15.027752092215696 -14.455071821529454 30
      vertex -15.175055710554505 -14.54336221260962 30
    endloop
  endfacet
  facet normal 0.5956993044924376 -0.803207531480642 0
    outer loop
      vertex -15.027752092215696 -14.455071821529454 26.8
      vertex -14.889811752713621 -14.35276829338479 30
      vertex -15.027752092215696 -14.455071821529454 30
    endloop
  endfacet
  facet normal 0.6715589548470199 -0.7409511253549578 0
    outer loop
      vertex -14.889811752713621 -14.35276829338479 26.8
      vertex -14.762563132923542 -14.237436867076458 30
      vertex -14.889811752713621 -14.35276829338479 30
    endloop
  endfacet
  facet normal 0.7409511253549578 -0.6715589548470199 0
    outer loop
      vertex -14.64723170661521 -14.110188247286379 26.8
      vertex -14.64723170661521 -14.110188247286379 30
      vertex -14.762563132923542 -14.237436867076458 30
    endloop
  endfacet
  facet normal 0.803207531480642 -0.5956993044924376 0
    outer loop
      vertex -14.544928178470546 -13.972247907784304 26.8
      vertex -14.544928178470546 -13.972247907784304 30
      vertex -14.64723170661521 -14.110188247286379 30
    endloop
  endfacet
  facet normal -0.671558954847025 0.7409511253549531 0
    outer loop
      vertex -17.11018824728638 -11.64723170661521 26.8
      vertex -17.237436867076458 -11.762563132923542 30
      vertex -17.11018824728638 -11.64723170661521 30
    endloop
  endfacet
  facet normal -0.5956993044924326 0.8032075314806456 0
    outer loop
      vertex -16.972247907784304 -11.544928178470546 26.8
      vertex -17.11018824728638 -11.64723170661521 30
      vertex -16.972247907784304 -11.544928178470546 30
    endloop
  endfacet
  facet normal -0.5141027441932209 0.8577286100002725 0
    outer loop
      vertex -16.824944289445497 -11.45663778739038 26.8
      vertex -16.972247907784304 -11.544928178470546 30
      vertex -16.824944289445497 -11.45663778739038 30
    endloop
  endfacet
  facet normal -0.427555093430287 0.9039892931234409 0
    outer loop
      vertex -16.669696006638908 -11.383210818105248 26.8
      vertex -16.824944289445497 -11.45663778739038 30
      vertex -16.669696006638908 -11.383210818105248 30
    endloop
  endfacet
  facet normal -0.33688985339221517 0.9415440651830225 0
    outer loop
      vertex -16.50799818519531 -11.325354412468634 26.8
      vertex -16.669696006638908 -11.383210818105248 30
      vertex -16.50799818519531 -11.325354412468634 30
    endloop
  endfacet
  facet normal -0.2429801799032602 0.970031253194545 0
    outer loop
      vertex -16.341408063528224 -11.283625759294347 26.8
      vertex -16.50799818519531 -11.325354412468634 30
      vertex -16.341408063528224 -11.283625759294347 30
    endloop
  endfacet
  facet normal -0.14673047445536286 0.9891765099647808 0
    outer loop
      vertex -16.17152999557673 -11.258426728323656 26.8
      vertex -16.341408063528224 -11.283625759294347 30
      vertex -16.17152999557673 -11.258426728323656 30
    endloop
  endfacet
  facet normal -0.0490676743274195 0.9987954562051724 0
    outer loop
      vertex -16 -11.25 26.8
      vertex -16.17152999557673 -11.258426728323656 30
      vertex -16 -11.25 30
    endloop
  endfacet
  facet normal 0.04906767432741899 0.9987954562051724 0
    outer loop
      vertex -15.828470004423268 -11.258426728323656 26.8
      vertex -16 -11.25 30
      vertex -15.828470004423268 -11.258426728323656 30
    endloop
  endfacet
  facet normal 0.8577286100002753 -0.5141027441932164 0
    outer loop
      vertex -14.45663778739038 -13.824944289445495 26.8
      vertex -14.45663778739038 -13.824944289445495 30
      vertex -14.544928178470546 -13.972247907784304 30
    endloop
  endfacet
  facet normal 0.9039892931234409 -0.427555093430287 0
    outer loop
      vertex -14.383210818105248 -13.669696006638906 26.8
      vertex -14.383210818105248 -13.669696006638906 30
      vertex -14.45663778739038 -13.824944289445495 30
    endloop
  endfacet
  facet normal 0.5956993044924376 0.803207531480642 0
    outer loop
      vertex -14.889811752713621 -11.64723170661521 26.8
      vertex -15.027752092215696 -11.544928178470546 30
      vertex -14.889811752713621 -11.64723170661521 30
    endloop
  endfacet
  facet normal 0.6715589548470199 0.7409511253549578 0
    outer loop
      vertex -14.762563132923542 -11.762563132923542 26.8
      vertex -14.889811752713621 -11.64723170661521 30
      vertex -14.762563132923542 -11.762563132923542 30
    endloop
  endfacet
  facet normal 0.9039892931234409 0.427555093430287 0
    outer loop
      vertex -14.45663778739038 -12.175055710554505 26.8
      vertex -14.45663778739038 -12.175055710554505 30
      vertex -14.383210818105248 -12.330303993361094 30
    endloop
  endfacet
  facet normal 0.803207531480642 0.5956993044924376 0
    outer loop
      vertex -14.64723170661521 -11.889811752713621 26.8
      vertex -14.64723170661521 -11.889811752713621 30
      vertex -14.544928178470546 -12.027752092215696 30
    endloop
  endfacet
  facet normal 0.7409511253549578 0.6715589548470199 0
    outer loop
      vertex -14.762563132923542 -11.762563132923542 26.8
      vertex -14.762563132923542 -11.762563132923542 30
      vertex -14.64723170661521 -11.889811752713621 30
    endloop
  endfacet
  facet normal 0.8577286100002753 0.5141027441932164 0
    outer loop
      vertex -14.544928178470546 -12.027752092215696 26.8
      vertex -14.544928178470546 -12.027752092215696 30
      vertex -14.45663778739038 -12.175055710554505 30
    endloop
  endfacet
  facet normal 0.14673047445536436 0.9891765099647807 0
    outer loop
      vertex -15.658591936471776 -11.283625759294347 26.8
      vertex -15.828470004423268 -11.258426728323656 30
      vertex -15.658591936471776 -11.283625759294347 30
    endloop
  endfacet
  facet normal 0.2429801799032602 0.970031253194545 0
    outer loop
      vertex -15.492001814804691 -11.325354412468634 26.8
      vertex -15.658591936471776 -11.283625759294347 30
      vertex -15.492001814804691 -11.325354412468634 30
    endloop
  endfacet
  facet normal 0.33688985339221844 0.9415440651830214 0
    outer loop
      vertex -15.330303993361094 -11.383210818105248 26.8
      vertex -15.492001814804691 -11.325354412468634 30
      vertex -15.330303993361094 -11.383210818105248 30
    endloop
  endfacet
  facet normal 0.427555093430287 0.9039892931234409 0
    outer loop
      vertex -15.175055710554505 -11.45663778739038 26.8
      vertex -15.330303993361094 -11.383210818105248 30
      vertex -15.175055710554505 -11.45663778739038 30
    endloop
  endfacet
  facet normal 0.5141027441932164 0.8577286100002753 0
    outer loop
      vertex -15.027752092215696 -11.544928178470546 26.8
      vertex -15.175055710554505 -11.45663778739038 30
      vertex -15.027752092215696 -11.544928178470546 30
    endloop
  endfacet
  facet normal 0.9415440651830214 -0.33688985339221844 0
    outer loop
      vertex -14.325354412468634 -13.507998185195309 26.8
      vertex -14.325354412468634 -13.507998185195309 30
      vertex -14.383210818105248 -13.669696006638906 30
    endloop
  endfacet
  facet normal 0.970031253194545 -0.2429801799032602 0
    outer loop
      vertex -14.283625759294347 -13.341408063528224 26.8
      vertex -14.283625759294347 -13.341408063528224 30
      vertex -14.325354412468634 -13.507998185195309 30
    endloop
  endfacet
  facet normal 0.9891765099647807 -0.14673047445536436 0
    outer loop
      vertex -14.258426728323656 -13.171529995576732 26.8
      vertex -14.258426728323656 -13.171529995576732 30
      vertex -14.283625759294347 -13.341408063528224 30
    endloop
  endfacet
  facet normal 0.9987954562051724 -0.04906767432741899 0
    outer loop
      vertex -14.25 -13 26.8
      vertex -14.25 -13 30
      vertex -14.258426728323656 -13.171529995576732 30
    endloop
  endfacet
  facet normal 0.9987954562051724 0.04906767432741899 0
    outer loop
      vertex -14.258426728323656 -12.828470004423268 26.8
      vertex -14.258426728323656 -12.828470004423268 30
      vertex -14.25 -13 30
    endloop
  endfacet
  facet normal 0.970031253194545 0.2429801799032602 0
    outer loop
      vertex -14.325354412468634 -12.492001814804691 26.8
      vertex -14.325354412468634 -12.492001814804691 30
      vertex -14.283625759294347 -12.658591936471776 30
    endloop
  endfacet
  facet normal 0.9891765099647807 0.14673047445536436 0
    outer loop
      vertex -14.283625759294347 -12.658591936471776 26.8
      vertex -14.283625759294347 -12.658591936471776 30
      vertex -14.258426728323656 -12.828470004423268 30
    endloop
  endfacet
  facet normal 0.9415440651830214 0.33688985339221844 0
    outer loop
      vertex -14.383210818105248 -12.330303993361094 26.8
      vertex -14.383210818105248 -12.330303993361094 30
      vertex -14.325354412468634 -12.492001814804691 30
    endloop
  endfacet
  facet normal -0.7409511253549526 -0.6715589548470255 0
    outer loop
      vertex -17.35276829338479 6.88981175271362 26.8
      vertex -17.237436867076458 6.762563132923542 26.8
      vertex -17.35276829338479 6.88981175271362 30
    endloop
  endfacet
  facet normal 0 0 -1
    outer loop
      vertex -17.716374240705655 7.658591936471775 26.8
      vertex -17.741573271676344 7.828470004423269 26.8
      vertex -17.716374240705655 8.341408063528224 26.8
    endloop
  endfacet
  facet normal 0 0 -1
    outer loop
      vertex -17.741573271676344 7.828470004423269 26.8
      vertex -17.75 8 26.8
      vertex -17.741573271676344 8.171529995576732 26.8
    endloop
  endfacet
  facet normal 0 0 -1
    outer loop
      vertex -17.674645587531366 7.492001814804691 26.8
      vertex -17.716374240705655 7.658591936471775 26.8
      vertex -17.674645587531366 8.507998185195309 26.8
    endloop
  endfacet
  facet normal 0 0 -1
    outer loop
      vertex -17.616789181894752 7.330303993361093 26.8
      vertex -17.674645587531366 7.492001814804691 26.8
      vertex -17.616789181894752 8.669696006638906 26.8
    endloop
  endfacet
  facet normal 0 0 -1
    outer loop
      vertex -17.616789181894752 7.330303993361093 26.8
      vertex -17.543362212609622 8.824944289445495 26.8
      vertex -17.543362212609622 7.1750557105545045 26.8
    endloop
  endfacet
  facet normal 0 0 -1
    outer loop
      vertex -17.543362212609622 7.1750557105545045 26.8
      vertex -17.455071821529454 8.972247907784304 26.8
      vertex -17.455071821529454 7.027752092215696 26.8
    endloop
  endfacet
  facet normal 0 0 -1
    outer loop
      vertex -17.35276829338479 6.88981175271362 26.8
      vertex -17.455071821529454 7.027752092215696 26.8
      vertex -17.35276829338479 9.110188247286379 26.8
    endloop
  endfacet
  facet normal 0 0 -1
    outer loop
      vertex -17.35276829338479 6.88981175271362 26.8
      vertex -17.237436867076458 9.237436867076458 26.8
      vertex -17.237436867076458 6.762563132923542 26.8
    endloop
  endfacet
  facet normal 0 0 -1
    outer loop
      vertex -17.741573271676344 7.828470004423269 26.8
      vertex -17.741573271676344 8.171529995576732 26.8
      vertex -17.716374240705655 8.341408063528224 26.8
    endloop
  endfacet
  facet normal 0 0 -1
    outer loop
      vertex -17.716374240705655 7.658591936471775 26.8
      vertex -17.716374240705655 8.341408063528224 26.8
      vertex -17.674645587531366 8.507998185195309 26.8
    endloop
  endfacet
  facet normal 0 0 -1
    outer loop
      vertex -17.674645587531366 7.492001814804691 26.8
      vertex -17.674645587531366 8.507998185195309 26.8
      vertex -17.616789181894752 8.669696006638906 26.8
    endloop
  endfacet
  facet normal 0 0 -1
    outer loop
      vertex -17.616789181894752 7.330303993361093 26.8
      vertex -17.616789181894752 8.669696006638906 26.8
      vertex -17.543362212609622 8.824944289445495 26.8
    endloop
  endfacet
  facet normal 0 0 -1
    outer loop
      vertex -17.543362212609622 7.1750557105545045 26.8
      vertex -17.543362212609622 8.824944289445495 26.8
      vertex -17.455071821529454 8.972247907784304 26.8
    endloop
  endfacet
  facet normal 0 0 -1
    outer loop
      vertex -17.455071821529454 7.027752092215696 26.8
      vertex -17.455071821529454 8.972247907784304 26.8
      vertex -17.35276829338479 9.110188247286379 26.8
    endloop
  endfacet
  facet normal 0 0 -1
    outer loop
      vertex -17.35276829338479 6.88981175271362 26.8
      vertex -17.35276829338479 9.110188247286379 26.8
      vertex -17.237436867076458 9.237436867076458 26.8
    endloop
  endfacet
  facet normal -0.941544065183022 -0.3368898533922168 0
    outer loop
      vertex -17.616789181894752 7.330303993361093 26.8
      vertex -17.674645587531366 7.492001814804691 30
      vertex -17.674645587531366 7.492001814804691 26.8
    endloop
  endfacet
  facet normal -0.9700312531945421 -0.24298017990327112 0
    outer loop
      vertex -17.674645587531366 7.492001814804691 26.8
      vertex -17.716374240705655 7.658591936471775 30
      vertex -17.716374240705655 7.658591936471775 26.8
    endloop
  endfacet
  facet normal -0.9891765099647823 -0.14673047445535276 0
    outer loop
      vertex -17.716374240705655 7.658591936471775 26.8
      vertex -17.741573271676344 7.828470004423269 30
      vertex -17.741573271676344 7.828470004423269 26.8
    endloop
  endfacet
  facet normal -0.9987954562051724 -0.04906767432741925 0
    outer loop
      vertex -17.741573271676344 7.828470004423269 26.8
      vertex -17.75 8 30
      vertex -17.75 8 26.8
    endloop
  endfacet
  facet normal -0.8577286100002707 -0.514102744193224 0
    outer loop
      vertex -17.543362212609622 7.1750557105545045 26.8
      vertex -17.455071821529454 7.027752092215696 26.8
      vertex -17.543362212609622 7.1750557105545045 30
    endloop
  endfacet
  facet normal -0.903989293123444 -0.4275550934302806 0
    outer loop
      vertex -17.616789181894752 7.330303993361093 26.8
      vertex -17.543362212609622 7.1750557105545045 26.8
      vertex -17.616789181894752 7.330303993361093 30
    endloop
  endfacet
  facet normal -0.8032075314806486 -0.5956993044924282 0
    outer loop
      vertex -17.35276829338479 6.88981175271362 26.8
      vertex -17.455071821529454 7.027752092215696 30
      vertex -17.455071821529454 7.027752092215696 26.8
    endloop
  endfacet
  facet normal -0.9987954562051724 0.04906767432741899 0
    outer loop
      vertex -17.75 8 26.8
      vertex -17.741573271676344 8.171529995576732 30
      vertex -17.741573271676344 8.171529995576732 26.8
    endloop
  endfacet
  facet normal -0.989176509964782 0.14673047445535423 0
    outer loop
      vertex -17.741573271676344 8.171529995576732 26.8
      vertex -17.716374240705655 8.341408063528224 30
      vertex -17.716374240705655 8.341408063528224 26.8
    endloop
  endfacet
  facet normal -0.9700312531945424 0.24298017990326992 0
    outer loop
      vertex -17.716374240705655 8.341408063528224 26.8
      vertex -17.674645587531366 8.507998185195309 30
      vertex -17.674645587531366 8.507998185195309 26.8
    endloop
  endfacet
  facet normal -0.9415440651830214 0.33688985339221844 0
    outer loop
      vertex -17.674645587531366 8.507998185195309 26.8
      vertex -17.616789181894752 8.669696006638906 30
      vertex -17.616789181894752 8.669696006638906 26.8
    endloop
  endfacet
  facet normal -0.9039892931234449 0.4275550934302786 0
    outer loop
      vertex -17.616789181894752 8.669696006638906 26.8
      vertex -17.543362212609622 8.824944289445495 30
      vertex -17.543362212609622 8.824944289445495 26.8
    endloop
  endfacet
  facet normal -0.8577286100002707 0.514102744193224 0
    outer loop
      vertex -17.543362212609622 8.824944289445495 26.8
      vertex -17.455071821529454 8.972247907784304 30
      vertex -17.455071821529454 8.972247907784304 26.8
    endloop
  endfacet
  facet normal -0.8032075314806467 0.5956993044924307 0
    outer loop
      vertex -17.455071821529454 8.972247907784304 26.8
      vertex -17.35276829338479 9.110188247286379 30
      vertex -17.35276829338479 9.110188247286379 26.8
    endloop
  endfacet
  facet normal -0.7409511253549526 0.6715589548470255 0
    outer loop
      vertex -17.35276829338479 9.110188247286379 26.8
      vertex -17.237436867076458 9.237436867076458 30
      vertex -17.237436867076458 9.237436867076458 26.8
    endloop
  endfacet
  facet normal -0.8032075314806486 -0.5956993044924282 0
    outer loop
      vertex -17.35276829338479 6.88981175271362 26.8
      vertex -17.35276829338479 6.88981175271362 30
      vertex -17.455071821529454 7.027752092215696 30
    endloop
  endfacet
  facet normal -0.7409511253549526 -0.6715589548470255 0
    outer loop
      vertex -17.35276829338479 6.88981175271362 30
      vertex -17.237436867076458 6.762563132923542 26.8
      vertex -17.237436867076458 6.762563132923542 30
    endloop
  endfacet
  facet normal -0.941544065183022 -0.3368898533922168 0
    outer loop
      vertex -17.616789181894752 7.330303993361093 26.8
      vertex -17.616789181894752 7.330303993361093 30
      vertex -17.674645587531366 7.492001814804691 30
    endloop
  endfacet
  facet normal -0.9891765099647823 -0.14673047445535276 0
    outer loop
      vertex -17.716374240705655 7.658591936471775 26.8
      vertex -17.716374240705655 7.658591936471775 30
      vertex -17.741573271676344 7.828470004423269 30
    endloop
  endfacet
  facet normal -0.9700312531945421 -0.24298017990327112 0
    outer loop
      vertex -17.674645587531366 7.492001814804691 26.8
      vertex -17.674645587531366 7.492001814804691 30
      vertex -17.716374240705655 7.658591936471775 30
    endloop
  endfacet
  facet normal -0.9987954562051724 -0.04906767432741925 0
    outer loop
      vertex -17.741573271676344 7.828470004423269 26.8
      vertex -17.741573271676344 7.828470004423269 30
      vertex -17.75 8 30
    endloop
  endfacet
  facet normal -0.9987954562051724 0.04906767432741899 0
    outer loop
      vertex -17.75 8 26.8
      vertex -17.75 8 30
      vertex -17.741573271676344 8.171529995576732 30
    endloop
  endfacet
  facet normal -0.8577286100002707 -0.514102744193224 0
    outer loop
      vertex -17.455071821529454 7.027752092215696 26.8
      vertex -17.455071821529454 7.027752092215696 30
      vertex -17.543362212609622 7.1750557105545045 30
    endloop
  endfacet
  facet normal -0.903989293123444 -0.4275550934302806 0
    outer loop
      vertex -17.543362212609622 7.1750557105545045 26.8
      vertex -17.543362212609622 7.1750557105545045 30
      vertex -17.616789181894752 7.330303993361093 30
    endloop
  endfacet
  facet normal -0.989176509964782 0.14673047445535423 0
    outer loop
      vertex -17.741573271676344 8.171529995576732 26.8
      vertex -17.741573271676344 8.171529995576732 30
      vertex -17.716374240705655 8.341408063528224 30
    endloop
  endfacet
  facet normal -0.9700312531945424 0.24298017990326992 0
    outer loop
      vertex -17.716374240705655 8.341408063528224 26.8
      vertex -17.716374240705655 8.341408063528224 30
      vertex -17.674645587531366 8.507998185195309 30
    endloop
  endfacet
  facet normal -0.9415440651830214 0.33688985339221844 0
    outer loop
      vertex -17.674645587531366 8.507998185195309 26.8
      vertex -17.674645587531366 8.507998185195309 30
      vertex -17.616789181894752 8.669696006638906 30
    endloop
  endfacet
  facet normal -0.9039892931234449 0.4275550934302786 0
    outer loop
      vertex -17.616789181894752 8.669696006638906 26.8
      vertex -17.616789181894752 8.669696006638906 30
      vertex -17.543362212609622 8.824944289445495 30
    endloop
  endfacet
  facet normal -0.8577286100002707 0.514102744193224 0
    outer loop
      vertex -17.543362212609622 8.824944289445495 26.8
      vertex -17.543362212609622 8.824944289445495 30
      vertex -17.455071821529454 8.972247907784304 30
    endloop
  endfacet
  facet normal -0.8032075314806467 0.5956993044924307 0
    outer loop
      vertex -17.455071821529454 8.972247907784304 26.8
      vertex -17.455071821529454 8.972247907784304 30
      vertex -17.35276829338479 9.110188247286379 30
    endloop
  endfacet
  facet normal -0.7409511253549526 0.6715589548470255 0
    outer loop
      vertex -17.35276829338479 9.110188247286379 26.8
      vertex -17.35276829338479 9.110188247286379 30
      vertex -17.237436867076458 9.237436867076458 30
    endloop
  endfacet
  facet normal -0.6715589548470222 -0.7409511253549557 0
    outer loop
      vertex -17.11018824728638 6.6472317066152105 26.8
      vertex -17.11018824728638 6.6472317066152105 30
      vertex -17.237436867076458 6.762563132923542 26.8
    endloop
  endfacet
  facet normal -0.5956993044924326 -0.8032075314806456 0
    outer loop
      vertex -17.11018824728638 6.6472317066152105 26.8
      vertex -16.972247907784304 6.5449281784705455 26.8
      vertex -16.972247907784304 6.5449281784705455 30
    endloop
  endfacet
  facet normal -0.3368898533922197 -0.9415440651830208 0
    outer loop
      vertex -16.669696006638908 6.3832108181052485 26.8
      vertex -16.50799818519531 6.325354412468634 26.8
      vertex -16.50799818519531 6.325354412468634 30
    endloop
  endfacet
  facet normal -0.5141027441932248 -0.8577286100002702 0
    outer loop
      vertex -16.972247907784304 6.5449281784705455 26.8
      vertex -16.824944289445497 6.456637787390378 26.8
      vertex -16.824944289445497 6.456637787390378 30
    endloop
  endfacet
  facet normal -0.4275550934302786 -0.9039892931234449 0
    outer loop
      vertex -16.824944289445497 6.456637787390378 26.8
      vertex -16.669696006638908 6.3832108181052485 26.8
      vertex -16.669696006638908 6.3832108181052485 30
    endloop
  endfacet
  facet normal -0.2429801799032602 -0.970031253194545 0
    outer loop
      vertex -16.50799818519531 6.325354412468634 26.8
      vertex -16.341408063528224 6.283625759294347 26.8
      vertex -16.341408063528224 6.283625759294347 30
    endloop
  endfacet
  facet normal -0.14673047445536286 -0.9891765099647808 0
    outer loop
      vertex -16.341408063528224 6.283625759294347 26.8
      vertex -16.17152999557673 6.258426728323656 26.8
      vertex -16.17152999557673 6.258426728323656 30
    endloop
  endfacet
  facet normal -0.0490676743274195 -0.9987954562051724 0
    outer loop
      vertex -16.17152999557673 6.258426728323656 26.8
      vertex -16 6.25 26.8
      vertex -16 6.25 30
    endloop
  endfacet
  facet normal 0.04906767432741899 -0.9987954562051724 0
    outer loop
      vertex -16 6.25 26.8
      vertex -15.828470004423268 6.258426728323656 26.8
      vertex -15.828470004423268 6.258426728323656 30
    endloop
  endfacet
  facet normal 0 0 -1
    outer loop
      vertex -17.11018824728638 6.6472317066152105 26.8
      vertex -17.237436867076458 6.762563132923542 26.8
      vertex -17.11018824728638 9.35276829338479 26.8
    endloop
  endfacet
  facet normal 0 0 -1
    outer loop
      vertex -17.11018824728638 6.6472317066152105 26.8
      vertex -16.972247907784304 9.455071821529454 26.8
      vertex -16.972247907784304 6.5449281784705455 26.8
    endloop
  endfacet
  facet normal 0 0 -1
    outer loop
      vertex -16.972247907784304 6.5449281784705455 26.8
      vertex -16.824944289445497 9.54336221260962 26.8
      vertex -16.824944289445497 6.456637787390378 26.8
    endloop
  endfacet
  facet normal 0 0 -1
    outer loop
      vertex -16.824944289445497 6.456637787390378 26.8
      vertex -16.669696006638908 9.616789181894752 26.8
      vertex -16.669696006638908 6.3832108181052485 26.8
    endloop
  endfacet
  facet normal 0 0 -1
    outer loop
      vertex -16.669696006638908 6.3832108181052485 26.8
      vertex -16.50799818519531 9.674645587531366 26.8
      vertex -16.50799818519531 6.325354412468634 26.8
    endloop
  endfacet
  facet normal 0 0 -1
    outer loop
      vertex -17.237436867076458 6.762563132923542 26.8
      vertex -17.237436867076458 9.237436867076458 26.8
      vertex -17.11018824728638 9.35276829338479 26.8
    endloop
  endfacet
  facet normal 0 0 -1
    outer loop
      vertex -17.11018824728638 6.6472317066152105 26.8
      vertex -17.11018824728638 9.35276829338479 26.8
      vertex -16.972247907784304 9.455071821529454 26.8
    endloop
  endfacet
  facet normal 0 0 -1
    outer loop
      vertex -16.972247907784304 6.5449281784705455 26.8
      vertex -16.972247907784304 9.455071821529454 26.8
      vertex -16.824944289445497 9.54336221260962 26.8
    endloop
  endfacet
  facet normal 0 0 -1
    outer loop
      vertex -16.824944289445497 6.456637787390378 26.8
      vertex -16.824944289445497 9.54336221260962 26.8
      vertex -16.669696006638908 9.616789181894752 26.8
    endloop
  endfacet
  facet normal 0 0 -1
    outer loop
      vertex -16.669696006638908 6.3832108181052485 26.8
      vertex -16.669696006638908 9.616789181894752 26.8
      vertex -16.50799818519531 9.674645587531366 26.8
    endloop
  endfacet
  facet normal 0 0 -1
    outer loop
      vertex -16.50799818519531 6.325354412468634 26.8
      vertex -16.341408063528224 9.716374240705653 26.8
      vertex -16.341408063528224 6.283625759294347 26.8
    endloop
  endfacet
  facet normal 0 0 -1
    outer loop
      vertex -16.341408063528224 6.283625759294347 26.8
      vertex -16.17152999557673 9.741573271676344 26.8
      vertex -16.17152999557673 6.258426728323656 26.8
    endloop
  endfacet
  facet normal 0 0 -1
    outer loop
      vertex -16.17152999557673 6.258426728323656 26.8
      vertex -16 9.75 26.8
      vertex -16 6.25 26.8
    endloop
  endfacet
  facet normal 0 0 -1
    outer loop
      vertex -16 6.25 26.8
      vertex -15.828470004423268 9.741573271676344 26.8
      vertex -15.828470004423268 6.258426728323656 26.8
    endloop
  endfacet
  facet normal 0 0 -1
    outer loop
      vertex -16.50799818519531 6.325354412468634 26.8
      vertex -16.50799818519531 9.674645587531366 26.8
      vertex -16.341408063528224 9.716374240705653 26.8
    endloop
  endfacet
  facet normal 0 0 -1
    outer loop
      vertex -16.341408063528224 6.283625759294347 26.8
      vertex -16.341408063528224 9.716374240705653 26.8
      vertex -16.17152999557673 9.741573271676344 26.8
    endloop
  endfacet
  facet normal 0 0 -1
    outer loop
      vertex -16.17152999557673 6.258426728323656 26.8
      vertex -16.17152999557673 9.741573271676344 26.8
      vertex -16 9.75 26.8
    endloop
  endfacet
  facet normal 0 0 -1
    outer loop
      vertex -16 6.25 26.8
      vertex -16 9.75 26.8
      vertex -15.828470004423268 9.741573271676344 26.8
    endloop
  endfacet
  facet normal 0.14673047445536436 -0.9891765099647807 0
    outer loop
      vertex -15.828470004423268 6.258426728323656 26.8
      vertex -15.658591936471776 6.283625759294347 26.8
      vertex -15.658591936471776 6.283625759294347 30
    endloop
  endfacet
  facet normal 0.2429801799032602 -0.970031253194545 0
    outer loop
      vertex -15.658591936471776 6.283625759294347 26.8
      vertex -15.492001814804691 6.325354412468634 26.8
      vertex -15.492001814804691 6.325354412468634 30
    endloop
  endfacet
  facet normal 0.3368898533922231 -0.9415440651830198 0
    outer loop
      vertex -15.492001814804691 6.325354412468634 26.8
      vertex -15.330303993361094 6.3832108181052485 26.8
      vertex -15.330303993361094 6.3832108181052485 30
    endloop
  endfacet
  facet normal 0.4275550934302786 -0.9039892931234449 0
    outer loop
      vertex -15.330303993361094 6.3832108181052485 26.8
      vertex -15.175055710554505 6.456637787390378 26.8
      vertex -15.175055710554505 6.456637787390378 30
    endloop
  endfacet
  facet normal 0.5141027441932203 -0.857728610000273 0
    outer loop
      vertex -15.175055710554505 6.456637787390378 26.8
      vertex -15.027752092215696 6.5449281784705455 26.8
      vertex -15.027752092215696 6.5449281784705455 30
    endloop
  endfacet
  facet normal 0.5956993044924376 -0.803207531480642 0
    outer loop
      vertex -15.027752092215696 6.5449281784705455 26.8
      vertex -14.889811752713621 6.6472317066152105 26.8
      vertex -14.889811752713621 6.6472317066152105 30
    endloop
  endfacet
  facet normal 0.671558954847017 -0.7409511253549603 0
    outer loop
      vertex -14.889811752713621 6.6472317066152105 26.8
      vertex -14.762563132923542 6.762563132923542 26.8
      vertex -14.762563132923542 6.762563132923542 30
    endloop
  endfacet
  facet normal 0.7409511253549578 -0.6715589548470199 0
    outer loop
      vertex -14.762563132923542 6.762563132923542 26.8
      vertex -14.64723170661521 6.88981175271362 26.8
      vertex -14.762563132923542 6.762563132923542 30
    endloop
  endfacet
  facet normal 0.8032075314806437 -0.595699304492435 0
    outer loop
      vertex -14.64723170661521 6.88981175271362 26.8
      vertex -14.544928178470546 7.027752092215696 26.8
      vertex -14.64723170661521 6.88981175271362 30
    endloop
  endfacet
  facet normal 0 0 -1
    outer loop
      vertex -15.828470004423268 6.258426728323656 26.8
      vertex -15.658591936471776 9.716374240705653 26.8
      vertex -15.658591936471776 6.283625759294347 26.8
    endloop
  endfacet
  facet normal 0 0 -1
    outer loop
      vertex -15.658591936471776 6.283625759294347 26.8
      vertex -15.492001814804691 9.674645587531366 26.8
      vertex -15.492001814804691 6.325354412468634 26.8
    endloop
  endfacet
  facet normal 0 0 -1
    outer loop
      vertex -15.492001814804691 6.325354412468634 26.8
      vertex -15.330303993361094 9.616789181894752 26.8
      vertex -15.330303993361094 6.3832108181052485 26.8
    endloop
  endfacet
  facet normal 0 0 -1
    outer loop
      vertex -15.330303993361094 6.3832108181052485 26.8
      vertex -15.175055710554505 9.54336221260962 26.8
      vertex -15.175055710554505 6.456637787390378 26.8
    endloop
  endfacet
  facet normal 0 0 -1
    outer loop
      vertex -15.828470004423268 6.258426728323656 26.8
      vertex -15.828470004423268 9.741573271676344 26.8
      vertex -15.658591936471776 9.716374240705653 26.8
    endloop
  endfacet
  facet normal 0 0 -1
    outer loop
      vertex -15.658591936471776 6.283625759294347 26.8
      vertex -15.658591936471776 9.716374240705653 26.8
      vertex -15.492001814804691 9.674645587531366 26.8
    endloop
  endfacet
  facet normal 0 0 -1
    outer loop
      vertex -15.492001814804691 6.325354412468634 26.8
      vertex -15.492001814804691 9.674645587531366 26.8
      vertex -15.330303993361094 9.616789181894752 26.8
    endloop
  endfacet
  facet normal 0 0 -1
    outer loop
      vertex -15.330303993361094 6.3832108181052485 26.8
      vertex -15.330303993361094 9.616789181894752 26.8
      vertex -15.175055710554505 9.54336221260962 26.8
    endloop
  endfacet
  facet normal 0 0 -1
    outer loop
      vertex -15.175055710554505 6.456637787390378 26.8
      vertex -15.175055710554505 9.54336221260962 26.8
      vertex -15.027752092215696 9.455071821529454 26.8
    endloop
  endfacet
  facet normal 0 0 -1
    outer loop
      vertex -15.175055710554505 6.456637787390378 26.8
      vertex -15.027752092215696 9.455071821529454 26.8
      vertex -15.027752092215696 6.5449281784705455 26.8
    endloop
  endfacet
  facet normal 0 0 -1
    outer loop
      vertex -15.027752092215696 6.5449281784705455 26.8
      vertex -14.889811752713621 9.35276829338479 26.8
      vertex -14.889811752713621 6.6472317066152105 26.8
    endloop
  endfacet
  facet normal 0 0 -1
    outer loop
      vertex -14.889811752713621 6.6472317066152105 26.8
      vertex -14.762563132923542 9.237436867076458 26.8
      vertex -14.762563132923542 6.762563132923542 26.8
    endloop
  endfacet
  facet normal 0 0 -1
    outer loop
      vertex -14.762563132923542 6.762563132923542 26.8
      vertex -14.64723170661521 9.110188247286379 26.8
      vertex -14.64723170661521 6.88981175271362 26.8
    endloop
  endfacet
  facet normal 0 0 -1
    outer loop
      vertex -14.64723170661521 6.88981175271362 26.8
      vertex -14.544928178470546 8.972247907784304 26.8
      vertex -14.544928178470546 7.027752092215696 26.8
    endloop
  endfacet
  facet normal 0 0 -1
    outer loop
      vertex -14.544928178470546 7.027752092215696 26.8
      vertex -14.45663778739038 8.824944289445495 26.8
      vertex -14.45663778739038 7.1750557105545045 26.8
    endloop
  endfacet
  facet normal 0 0 -1
    outer loop
      vertex -14.45663778739038 7.1750557105545045 26.8
      vertex -14.383210818105248 8.669696006638906 26.8
      vertex -14.383210818105248 7.330303993361093 26.8
    endloop
  endfacet
  facet normal 0 0 -1
    outer loop
      vertex -15.027752092215696 6.5449281784705455 26.8
      vertex -15.027752092215696 9.455071821529454 26.8
      vertex -14.889811752713621 9.35276829338479 26.8
    endloop
  endfacet
  facet normal 0 0 -1
    outer loop
      vertex -14.889811752713621 6.6472317066152105 26.8
      vertex -14.889811752713621 9.35276829338479 26.8
      vertex -14.762563132923542 9.237436867076458 26.8
    endloop
  endfacet
  facet normal 0 0 -1
    outer loop
      vertex -14.762563132923542 6.762563132923542 26.8
      vertex -14.762563132923542 9.237436867076458 26.8
      vertex -14.64723170661521 9.110188247286379 26.8
    endloop
  endfacet
  facet normal 0 0 -1
    outer loop
      vertex -14.64723170661521 6.88981175271362 26.8
      vertex -14.64723170661521 9.110188247286379 26.8
      vertex -14.544928178470546 8.972247907784304 26.8
    endloop
  endfacet
  facet normal 0 0 -1
    outer loop
      vertex -14.544928178470546 7.027752092215696 26.8
      vertex -14.544928178470546 8.972247907784304 26.8
      vertex -14.45663778739038 8.824944289445495 26.8
    endloop
  endfacet
  facet normal 0 0 -1
    outer loop
      vertex -14.45663778739038 7.1750557105545045 26.8
      vertex -14.45663778739038 8.824944289445495 26.8
      vertex -14.383210818105248 8.669696006638906 26.8
    endloop
  endfacet
  facet normal 0.8577286100002753 -0.5141027441932164 0
    outer loop
      vertex -14.544928178470546 7.027752092215696 26.8
      vertex -14.45663778739038 7.1750557105545045 26.8
      vertex -14.544928178470546 7.027752092215696 30
    endloop
  endfacet
  facet normal 0.90398929312344 -0.427555093430289 0
    outer loop
      vertex -14.45663778739038 7.1750557105545045 26.8
      vertex -14.383210818105248 7.330303993361093 26.8
      vertex -14.45663778739038 7.1750557105545045 30
    endloop
  endfacet
  facet normal 0.7409511253549578 0.6715589548470199 0
    outer loop
      vertex -14.762563132923542 9.237436867076458 26.8
      vertex -14.64723170661521 9.110188247286379 30
      vertex -14.64723170661521 9.110188247286379 26.8
    endloop
  endfacet
  facet normal 0.803207531480642 0.5956993044924376 0
    outer loop
      vertex -14.64723170661521 9.110188247286379 26.8
      vertex -14.544928178470546 8.972247907784304 30
      vertex -14.544928178470546 8.972247907784304 26.8
    endloop
  endfacet
  facet normal 0.8577286100002753 0.5141027441932164 0
    outer loop
      vertex -14.45663778739038 8.824944289445495 26.8
      vertex -14.544928178470546 8.972247907784304 26.8
      vertex -14.45663778739038 8.824944289445495 30
    endloop
  endfacet
  facet normal 0.9039892931234409 0.427555093430287 0
    outer loop
      vertex -14.383210818105248 8.669696006638906 26.8
      vertex -14.45663778739038 8.824944289445495 26.8
      vertex -14.383210818105248 8.669696006638906 30
    endloop
  endfacet
  facet normal 0 0 -1
    outer loop
      vertex -14.383210818105248 7.330303993361093 26.8
      vertex -14.325354412468634 8.507998185195309 26.8
      vertex -14.325354412468634 7.492001814804691 26.8
    endloop
  endfacet
  facet normal 0 0 -1
    outer loop
      vertex -14.325354412468634 7.492001814804691 26.8
      vertex -14.283625759294347 8.341408063528224 26.8
      vertex -14.283625759294347 7.658591936471775 26.8
    endloop
  endfacet
  facet normal 0 0 -1
    outer loop
      vertex -14.283625759294347 7.658591936471775 26.8
      vertex -14.258426728323656 8.171529995576732 26.8
      vertex -14.258426728323656 7.828470004423269 26.8
    endloop
  endfacet
  facet normal 0 0 -1
    outer loop
      vertex -14.258426728323656 7.828470004423269 26.8
      vertex -14.258426728323656 8.171529995576732 26.8
      vertex -14.25 8 26.8
    endloop
  endfacet
  facet normal 0 0 -1
    outer loop
      vertex -14.283625759294347 7.658591936471775 26.8
      vertex -14.283625759294347 8.341408063528224 26.8
      vertex -14.258426728323656 8.171529995576732 26.8
    endloop
  endfacet
  facet normal 0 0 -1
    outer loop
      vertex -14.383210818105248 7.330303993361093 26.8
      vertex -14.383210818105248 8.669696006638906 26.8
      vertex -14.325354412468634 8.507998185195309 26.8
    endloop
  endfacet
  facet normal 0 0 -1
    outer loop
      vertex -14.325354412468634 7.492001814804691 26.8
      vertex -14.325354412468634 8.507998185195309 26.8
      vertex -14.283625759294347 8.341408063528224 26.8
    endloop
  endfacet
  facet normal 0.941544065183022 -0.3368898533922168 0
    outer loop
      vertex -14.383210818105248 7.330303993361093 26.8
      vertex -14.325354412468634 7.492001814804691 26.8
      vertex -14.383210818105248 7.330303993361093 30
    endloop
  endfacet
  facet normal 0.9700312531945446 -0.2429801799032614 0
    outer loop
      vertex -14.325354412468634 7.492001814804691 26.8
      vertex -14.283625759294347 7.658591936471775 26.8
      vertex -14.325354412468634 7.492001814804691 30
    endloop
  endfacet
  facet normal 0.9891765099647808 -0.14673047445536286 0
    outer loop
      vertex -14.283625759294347 7.658591936471775 26.8
      vertex -14.258426728323656 7.828470004423269 26.8
      vertex -14.283625759294347 7.658591936471775 30
    endloop
  endfacet
  facet normal 0.9987954562051724 -0.04906767432741925 0
    outer loop
      vertex -14.258426728323656 7.828470004423269 26.8
      vertex -14.25 8 26.8
      vertex -14.258426728323656 7.828470004423269 30
    endloop
  endfacet
  facet normal 0.9987954562051724 0.04906767432741899 0
    outer loop
      vertex -14.25 8 26.8
      vertex -14.258426728323656 8.171529995576732 26.8
      vertex -14.25 8 30
    endloop
  endfacet
  facet normal 0.9891765099647807 0.14673047445536436 0
    outer loop
      vertex -14.258426728323656 8.171529995576732 26.8
      vertex -14.283625759294347 8.341408063528224 26.8
      vertex -14.258426728323656 8.171529995576732 30
    endloop
  endfacet
  facet normal 0.970031253194545 0.2429801799032602 0
    outer loop
      vertex -14.283625759294347 8.341408063528224 26.8
      vertex -14.325354412468634 8.507998185195309 26.8
      vertex -14.283625759294347 8.341408063528224 30
    endloop
  endfacet
  facet normal 0.9415440651830214 0.33688985339221844 0
    outer loop
      vertex -14.383210818105248 8.669696006638906 26.8
      vertex -14.325354412468634 8.507998185195309 30
      vertex -14.325354412468634 8.507998185195309 26.8
    endloop
  endfacet
  facet normal -0.6715589548470222 -0.7409511253549557 0
    outer loop
      vertex -17.237436867076458 6.762563132923542 26.8
      vertex -17.11018824728638 6.6472317066152105 30
      vertex -17.237436867076458 6.762563132923542 30
    endloop
  endfacet
  facet normal -0.5956993044924326 -0.8032075314806456 0
    outer loop
      vertex -17.11018824728638 6.6472317066152105 26.8
      vertex -16.972247907784304 6.5449281784705455 30
      vertex -17.11018824728638 6.6472317066152105 30
    endloop
  endfacet
  facet normal -0.5141027441932248 -0.8577286100002702 0
    outer loop
      vertex -16.972247907784304 6.5449281784705455 26.8
      vertex -16.824944289445497 6.456637787390378 30
      vertex -16.972247907784304 6.5449281784705455 30
    endloop
  endfacet
  facet normal -0.4275550934302786 -0.9039892931234449 0
    outer loop
      vertex -16.824944289445497 6.456637787390378 26.8
      vertex -16.669696006638908 6.3832108181052485 30
      vertex -16.824944289445497 6.456637787390378 30
    endloop
  endfacet
  facet normal -0.3368898533922197 -0.9415440651830208 0
    outer loop
      vertex -16.669696006638908 6.3832108181052485 26.8
      vertex -16.50799818519531 6.325354412468634 30
      vertex -16.669696006638908 6.3832108181052485 30
    endloop
  endfacet
  facet normal -0.2429801799032602 -0.970031253194545 0
    outer loop
      vertex -16.50799818519531 6.325354412468634 26.8
      vertex -16.341408063528224 6.283625759294347 30
      vertex -16.50799818519531 6.325354412468634 30
    endloop
  endfacet
  facet normal -0.14673047445536286 -0.9891765099647808 0
    outer loop
      vertex -16.341408063528224 6.283625759294347 26.8
      vertex -16.17152999557673 6.258426728323656 30
      vertex -16.341408063528224 6.283625759294347 30
    endloop
  endfacet
  facet normal -0.0490676743274195 -0.9987954562051724 0
    outer loop
      vertex -16.17152999557673 6.258426728323656 26.8
      vertex -16 6.25 30
      vertex -16.17152999557673 6.258426728323656 30
    endloop
  endfacet
  facet normal 0.04906767432741899 -0.9987954562051724 0
    outer loop
      vertex -16 6.25 26.8
      vertex -15.828470004423268 6.258426728323656 30
      vertex -16 6.25 30
    endloop
  endfacet
  facet normal 0.14673047445536436 -0.9891765099647807 0
    outer loop
      vertex -15.828470004423268 6.258426728323656 26.8
      vertex -15.658591936471776 6.283625759294347 30
      vertex -15.828470004423268 6.258426728323656 30
    endloop
  endfacet
  facet normal 0.2429801799032602 -0.970031253194545 0
    outer loop
      vertex -15.658591936471776 6.283625759294347 26.8
      vertex -15.492001814804691 6.325354412468634 30
      vertex -15.658591936471776 6.283625759294347 30
    endloop
  endfacet
  facet normal 0.3368898533922231 -0.9415440651830198 0
    outer loop
      vertex -15.492001814804691 6.325354412468634 26.8
      vertex -15.330303993361094 6.3832108181052485 30
      vertex -15.492001814804691 6.325354412468634 30
    endloop
  endfacet
  facet normal 0.4275550934302786 -0.9039892931234449 0
    outer loop
      vertex -15.330303993361094 6.3832108181052485 26.8
      vertex -15.175055710554505 6.456637787390378 30
      vertex -15.330303993361094 6.3832108181052485 30
    endloop
  endfacet
  facet normal 0.5141027441932203 -0.857728610000273 0
    outer loop
      vertex -15.175055710554505 6.456637787390378 26.8
      vertex -15.027752092215696 6.5449281784705455 30
      vertex -15.175055710554505 6.456637787390378 30
    endloop
  endfacet
  facet normal 0.5956993044924376 -0.803207531480642 0
    outer loop
      vertex -15.027752092215696 6.5449281784705455 26.8
      vertex -14.889811752713621 6.6472317066152105 30
      vertex -15.027752092215696 6.5449281784705455 30
    endloop
  endfacet
  facet normal 0.671558954847017 -0.7409511253549603 0
    outer loop
      vertex -14.889811752713621 6.6472317066152105 26.8
      vertex -14.762563132923542 6.762563132923542 30
      vertex -14.889811752713621 6.6472317066152105 30
    endloop
  endfacet
  facet normal 0.7409511253549578 -0.6715589548470199 0
    outer loop
      vertex -14.64723170661521 6.88981175271362 26.8
      vertex -14.64723170661521 6.88981175271362 30
      vertex -14.762563132923542 6.762563132923542 30
    endloop
  endfacet
  facet normal 0.8032075314806437 -0.595699304492435 0
    outer loop
      vertex -14.544928178470546 7.027752092215696 26.8
      vertex -14.544928178470546 7.027752092215696 30
      vertex -14.64723170661521 6.88981175271362 30
    endloop
  endfacet
  facet normal 0.8577286100002753 -0.5141027441932164 0
    outer loop
      vertex -14.45663778739038 7.1750557105545045 26.8
      vertex -14.45663778739038 7.1750557105545045 30
      vertex -14.544928178470546 7.027752092215696 30
    endloop
  endfacet
  facet normal 0.90398929312344 -0.427555093430289 0
    outer loop
      vertex -14.383210818105248 7.330303993361093 26.8
      vertex -14.383210818105248 7.330303993361093 30
      vertex -14.45663778739038 7.1750557105545045 30
    endloop
  endfacet
  facet normal 0.7409511253549578 0.6715589548470199 0
    outer loop
      vertex -14.762563132923542 9.237436867076458 26.8
      vertex -14.762563132923542 9.237436867076458 30
      vertex -14.64723170661521 9.110188247286379 30
    endloop
  endfacet
  facet normal 0.803207531480642 0.5956993044924376 0
    outer loop
      vertex -14.64723170661521 9.110188247286379 26.8
      vertex -14.64723170661521 9.110188247286379 30
      vertex -14.544928178470546 8.972247907784304 30
    endloop
  endfacet
  facet normal 0.8577286100002753 0.5141027441932164 0
    outer loop
      vertex -14.544928178470546 8.972247907784304 26.8
      vertex -14.544928178470546 8.972247907784304 30
      vertex -14.45663778739038 8.824944289445495 30
    endloop
  endfacet
  facet normal 0.9039892931234409 0.427555093430287 0
    outer loop
      vertex -14.45663778739038 8.824944289445495 26.8
      vertex -14.45663778739038 8.824944289445495 30
      vertex -14.383210818105248 8.669696006638906 30
    endloop
  endfacet
  facet normal 0.941544065183022 -0.3368898533922168 0
    outer loop
      vertex -14.325354412468634 7.492001814804691 26.8
      vertex -14.325354412468634 7.492001814804691 30
      vertex -14.383210818105248 7.330303993361093 30
    endloop
  endfacet
  facet normal 0.9700312531945446 -0.2429801799032614 0
    outer loop
      vertex -14.283625759294347 7.658591936471775 26.8
      vertex -14.283625759294347 7.658591936471775 30
      vertex -14.325354412468634 7.492001814804691 30
    endloop
  endfacet
  facet normal 0.9891765099647808 -0.14673047445536286 0
    outer loop
      vertex -14.258426728323656 7.828470004423269 26.8
      vertex -14.258426728323656 7.828470004423269 30
      vertex -14.283625759294347 7.658591936471775 30
    endloop
  endfacet
  facet normal 0.9987954562051724 -0.04906767432741925 0
    outer loop
      vertex -14.25 8 26.8
      vertex -14.25 8 30
      vertex -14.258426728323656 7.828470004423269 30
    endloop
  endfacet
  facet normal 0.9987954562051724 0.04906767432741899 0
    outer loop
      vertex -14.258426728323656 8.171529995576732 26.8
      vertex -14.258426728323656 8.171529995576732 30
      vertex -14.25 8 30
    endloop
  endfacet
  facet normal 0.9891765099647807 0.14673047445536436 0
    outer loop
      vertex -14.283625759294347 8.341408063528224 26.8
      vertex -14.283625759294347 8.341408063528224 30
      vertex -14.258426728323656 8.171529995576732 30
    endloop
  endfacet
  facet normal 0.970031253194545 0.2429801799032602 0
    outer loop
      vertex -14.325354412468634 8.507998185195309 26.8
      vertex -14.325354412468634 8.507998185195309 30
      vertex -14.283625759294347 8.341408063528224 30
    endloop
  endfacet
  facet normal 0.9415440651830214 0.33688985339221844 0
    outer loop
      vertex -14.383210818105248 8.669696006638906 26.8
      vertex -14.383210818105248 8.669696006638906 30
      vertex -14.325354412468634 8.507998185195309 30
    endloop
  endfacet
  facet normal -0.671558954847025 0.7409511253549531 0
    outer loop
      vertex -17.237436867076458 9.237436867076458 26.8
      vertex -17.237436867076458 9.237436867076458 30
      vertex -17.11018824728638 9.35276829338479 26.8
    endloop
  endfacet
  facet normal -0.5956993044924326 0.8032075314806456 0
    outer loop
      vertex -17.11018824728638 9.35276829338479 26.8
      vertex -17.11018824728638 9.35276829338479 30
      vertex -16.972247907784304 9.455071821529454 26.8
    endloop
  endfacet
  facet normal -0.5141027441932209 0.8577286100002725 0
    outer loop
      vertex -16.972247907784304 9.455071821529454 26.8
      vertex -16.972247907784304 9.455071821529454 30
      vertex -16.824944289445497 9.54336221260962 26.8
    endloop
  endfacet
  facet normal -0.427555093430287 0.9039892931234409 0
    outer loop
      vertex -16.824944289445497 9.54336221260962 26.8
      vertex -16.824944289445497 9.54336221260962 30
      vertex -16.669696006638908 9.616789181894752 26.8
    endloop
  endfacet
  facet normal -0.33688985339221517 0.9415440651830225 0
    outer loop
      vertex -16.669696006638908 9.616789181894752 26.8
      vertex -16.669696006638908 9.616789181894752 30
      vertex -16.50799818519531 9.674645587531366 26.8
    endloop
  endfacet
  facet normal -0.2429801799032602 0.970031253194545 0
    outer loop
      vertex -16.50799818519531 9.674645587531366 26.8
      vertex -16.50799818519531 9.674645587531366 30
      vertex -16.341408063528224 9.716374240705653 26.8
    endloop
  endfacet
  facet normal -0.14673047445536286 0.9891765099647808 0
    outer loop
      vertex -16.341408063528224 9.716374240705653 26.8
      vertex -16.341408063528224 9.716374240705653 30
      vertex -16.17152999557673 9.741573271676344 26.8
    endloop
  endfacet
  facet normal -0.0490676743274195 0.9987954562051724 0
    outer loop
      vertex -16.17152999557673 9.741573271676344 26.8
      vertex -16.17152999557673 9.741573271676344 30
      vertex -16 9.75 26.8
    endloop
  endfacet
  facet normal 0.04906767432741899 0.9987954562051724 0
    outer loop
      vertex -16 9.75 26.8
      vertex -16 9.75 30
      vertex -15.828470004423268 9.741573271676344 26.8
    endloop
  endfacet
  facet normal 0.14673047445536436 0.9891765099647807 0
    outer loop
      vertex -15.828470004423268 9.741573271676344 26.8
      vertex -15.828470004423268 9.741573271676344 30
      vertex -15.658591936471776 9.716374240705653 26.8
    endloop
  endfacet
  facet normal 0.2429801799032602 0.970031253194545 0
    outer loop
      vertex -15.658591936471776 9.716374240705653 26.8
      vertex -15.658591936471776 9.716374240705653 30
      vertex -15.492001814804691 9.674645587531366 26.8
    endloop
  endfacet
  facet normal 0.33688985339221844 0.9415440651830214 0
    outer loop
      vertex -15.492001814804691 9.674645587531366 26.8
      vertex -15.492001814804691 9.674645587531366 30
      vertex -15.330303993361094 9.616789181894752 26.8
    endloop
  endfacet
  facet normal 0.427555093430287 0.9039892931234409 0
    outer loop
      vertex -15.330303993361094 9.616789181894752 26.8
      vertex -15.330303993361094 9.616789181894752 30
      vertex -15.175055710554505 9.54336221260962 26.8
    endloop
  endfacet
  facet normal 0.5141027441932164 0.8577286100002753 0
    outer loop
      vertex -15.175055710554505 9.54336221260962 26.8
      vertex -15.175055710554505 9.54336221260962 30
      vertex -15.027752092215696 9.455071821529454 26.8
    endloop
  endfacet
  facet normal 0.5956993044924376 0.803207531480642 0
    outer loop
      vertex -15.027752092215696 9.455071821529454 26.8
      vertex -15.027752092215696 9.455071821529454 30
      vertex -14.889811752713621 9.35276829338479 26.8
    endloop
  endfacet
  facet normal 0.6715589548470199 0.7409511253549578 0
    outer loop
      vertex -14.762563132923542 9.237436867076458 26.8
      vertex -14.889811752713621 9.35276829338479 26.8
      vertex -14.889811752713621 9.35276829338479 30
    endloop
  endfacet
  facet normal -0.671558954847025 0.7409511253549531 0
    outer loop
      vertex -17.237436867076458 9.237436867076458 30
      vertex -17.11018824728638 9.35276829338479 30
      vertex -17.11018824728638 9.35276829338479 26.8
    endloop
  endfacet
  facet normal -0.5956993044924326 0.8032075314806456 0
    outer loop
      vertex -16.972247907784304 9.455071821529454 26.8
      vertex -17.11018824728638 9.35276829338479 30
      vertex -16.972247907784304 9.455071821529454 30
    endloop
  endfacet
  facet normal -0.5141027441932209 0.8577286100002725 0
    outer loop
      vertex -16.824944289445497 9.54336221260962 26.8
      vertex -16.972247907784304 9.455071821529454 30
      vertex -16.824944289445497 9.54336221260962 30
    endloop
  endfacet
  facet normal -0.427555093430287 0.9039892931234409 0
    outer loop
      vertex -16.669696006638908 9.616789181894752 26.8
      vertex -16.824944289445497 9.54336221260962 30
      vertex -16.669696006638908 9.616789181894752 30
    endloop
  endfacet
  facet normal -0.33688985339221517 0.9415440651830225 0
    outer loop
      vertex -16.50799818519531 9.674645587531366 26.8
      vertex -16.669696006638908 9.616789181894752 30
      vertex -16.50799818519531 9.674645587531366 30
    endloop
  endfacet
  facet normal -0.2429801799032602 0.970031253194545 0
    outer loop
      vertex -16.341408063528224 9.716374240705653 26.8
      vertex -16.50799818519531 9.674645587531366 30
      vertex -16.341408063528224 9.716374240705653 30
    endloop
  endfacet
  facet normal -0.14673047445536286 0.9891765099647808 0
    outer loop
      vertex -16.17152999557673 9.741573271676344 26.8
      vertex -16.341408063528224 9.716374240705653 30
      vertex -16.17152999557673 9.741573271676344 30
    endloop
  endfacet
  facet normal -0.0490676743274195 0.9987954562051724 0
    outer loop
      vertex -16 9.75 26.8
      vertex -16.17152999557673 9.741573271676344 30
      vertex -16 9.75 30
    endloop
  endfacet
  facet normal 0.04906767432741899 0.9987954562051724 0
    outer loop
      vertex -15.828470004423268 9.741573271676344 26.8
      vertex -16 9.75 30
      vertex -15.828470004423268 9.741573271676344 30
    endloop
  endfacet
  facet normal 0.14673047445536436 0.9891765099647807 0
    outer loop
      vertex -15.658591936471776 9.716374240705653 26.8
      vertex -15.828470004423268 9.741573271676344 30
      vertex -15.658591936471776 9.716374240705653 30
    endloop
  endfacet
  facet normal 0.2429801799032602 0.970031253194545 0
    outer loop
      vertex -15.492001814804691 9.674645587531366 26.8
      vertex -15.658591936471776 9.716374240705653 30
      vertex -15.492001814804691 9.674645587531366 30
    endloop
  endfacet
  facet normal 0.33688985339221844 0.9415440651830214 0
    outer loop
      vertex -15.330303993361094 9.616789181894752 26.8
      vertex -15.492001814804691 9.674645587531366 30
      vertex -15.330303993361094 9.616789181894752 30
    endloop
  endfacet
  facet normal 0.427555093430287 0.9039892931234409 0
    outer loop
      vertex -15.175055710554505 9.54336221260962 26.8
      vertex -15.330303993361094 9.616789181894752 30
      vertex -15.175055710554505 9.54336221260962 30
    endloop
  endfacet
  facet normal 0.5141027441932164 0.8577286100002753 0
    outer loop
      vertex -15.027752092215696 9.455071821529454 26.8
      vertex -15.175055710554505 9.54336221260962 30
      vertex -15.027752092215696 9.455071821529454 30
    endloop
  endfacet
  facet normal 0.5956993044924376 0.803207531480642 0
    outer loop
      vertex -14.889811752713621 9.35276829338479 26.8
      vertex -15.027752092215696 9.455071821529454 30
      vertex -14.889811752713621 9.35276829338479 30
    endloop
  endfacet
  facet normal 0.6715589548470199 0.7409511253549578 0
    outer loop
      vertex -14.762563132923542 9.237436867076458 26.8
      vertex -14.889811752713621 9.35276829338479 30
      vertex -14.762563132923542 9.237436867076458 30
    endloop
  endfacet
  facet normal 0 0 -1
    outer loop
      vertex 14.283625759294347 -13.341408063528224 26.8
      vertex 14.258426728323656 -13.171529995576732 26.8
      vertex 14.283625759294347 -12.658591936471776 26.8
    endloop
  endfacet
  facet normal 0 0 -1
    outer loop
      vertex 14.325354412468634 -13.507998185195309 26.8
      vertex 14.383210818105248 -12.330303993361094 26.8
      vertex 14.383210818105248 -13.669696006638906 26.8
    endloop
  endfacet
  facet normal 0 0 -1
    outer loop
      vertex 14.283625759294347 -13.341408063528224 26.8
      vertex 14.325354412468634 -12.492001814804691 26.8
      vertex 14.325354412468634 -13.507998185195309 26.8
    endloop
  endfacet
  facet normal 0 0 -1
    outer loop
      vertex 14.258426728323656 -13.171529995576732 26.8
      vertex 14.25 -13 26.8
      vertex 14.258426728323656 -12.828470004423268 26.8
    endloop
  endfacet
  facet normal 0 0 -1
    outer loop
      vertex 14.258426728323656 -13.171529995576732 26.8
      vertex 14.258426728323656 -12.828470004423268 26.8
      vertex 14.283625759294347 -12.658591936471776 26.8
    endloop
  endfacet
  facet normal 0 0 -1
    outer loop
      vertex 14.283625759294347 -13.341408063528224 26.8
      vertex 14.283625759294347 -12.658591936471776 26.8
      vertex 14.325354412468634 -12.492001814804691 26.8
    endloop
  endfacet
  facet normal 0 0 -1
    outer loop
      vertex 14.325354412468634 -13.507998185195309 26.8
      vertex 14.325354412468634 -12.492001814804691 26.8
      vertex 14.383210818105248 -12.330303993361094 26.8
    endloop
  endfacet
  facet normal -0.9415440651830214 -0.33688985339221844 0
    outer loop
      vertex 14.325354412468634 -13.507998185195309 26.8
      vertex 14.383210818105248 -13.669696006638906 26.8
      vertex 14.325354412468634 -13.507998185195309 30
    endloop
  endfacet
  facet normal -0.970031253194545 -0.2429801799032602 0
    outer loop
      vertex 14.283625759294347 -13.341408063528224 26.8
      vertex 14.325354412468634 -13.507998185195309 26.8
      vertex 14.283625759294347 -13.341408063528224 30
    endloop
  endfacet
  facet normal -0.9891765099647807 -0.14673047445536436 0
    outer loop
      vertex 14.283625759294347 -13.341408063528224 26.8
      vertex 14.258426728323656 -13.171529995576732 30
      vertex 14.258426728323656 -13.171529995576732 26.8
    endloop
  endfacet
  facet normal -0.9987954562051724 -0.04906767432741899 0
    outer loop
      vertex 14.258426728323656 -13.171529995576732 26.8
      vertex 14.25 -13 30
      vertex 14.25 -13 26.8
    endloop
  endfacet
  facet normal -0.9987954562051724 0.04906767432741899 0
    outer loop
      vertex 14.25 -13 26.8
      vertex 14.258426728323656 -12.828470004423268 30
      vertex 14.258426728323656 -12.828470004423268 26.8
    endloop
  endfacet
  facet normal -0.9891765099647807 0.14673047445536436 0
    outer loop
      vertex 14.258426728323656 -12.828470004423268 26.8
      vertex 14.283625759294347 -12.658591936471776 30
      vertex 14.283625759294347 -12.658591936471776 26.8
    endloop
  endfacet
  facet normal -0.970031253194545 0.2429801799032602 0
    outer loop
      vertex 14.283625759294347 -12.658591936471776 26.8
      vertex 14.325354412468634 -12.492001814804691 30
      vertex 14.325354412468634 -12.492001814804691 26.8
    endloop
  endfacet
  facet normal -0.9415440651830214 0.33688985339221844 0
    outer loop
      vertex 14.325354412468634 -12.492001814804691 26.8
      vertex 14.383210818105248 -12.330303993361094 30
      vertex 14.383210818105248 -12.330303993361094 26.8
    endloop
  endfacet
  facet normal -0.803207531480642 -0.5956993044924376 0
    outer loop
      vertex 14.544928178470546 -13.972247907784304 26.8
      vertex 14.64723170661521 -14.110188247286379 26.8
      vertex 14.544928178470546 -13.972247907784304 30
    endloop
  endfacet
  facet normal -0.7409511253549578 -0.6715589548470199 0
    outer loop
      vertex 14.64723170661521 -14.110188247286379 26.8
      vertex 14.762563132923542 -14.237436867076458 26.8
      vertex 14.64723170661521 -14.110188247286379 30
    endloop
  endfacet
  facet normal -0.6715589548470199 -0.7409511253549578 0
    outer loop
      vertex 14.762563132923542 -14.237436867076458 26.8
      vertex 14.889811752713621 -14.35276829338479 26.8
      vertex 14.889811752713621 -14.35276829338479 30
    endloop
  endfacet
  facet normal -0.5956993044924376 -0.803207531480642 0
    outer loop
      vertex 15.027752092215696 -14.455071821529454 26.8
      vertex 15.027752092215696 -14.455071821529454 30
      vertex 14.889811752713621 -14.35276829338479 26.8
    endloop
  endfacet
  facet normal -0.5141027441932164 -0.8577286100002753 0
    outer loop
      vertex 15.027752092215696 -14.455071821529454 26.8
      vertex 15.175055710554505 -14.54336221260962 26.8
      vertex 15.175055710554505 -14.54336221260962 30
    endloop
  endfacet
  facet normal -0.427555093430287 -0.9039892931234409 0
    outer loop
      vertex 15.175055710554505 -14.54336221260962 26.8
      vertex 15.330303993361094 -14.616789181894752 26.8
      vertex 15.330303993361094 -14.616789181894752 30
    endloop
  endfacet
  facet normal -0.33688985339221844 -0.9415440651830214 0
    outer loop
      vertex 15.330303993361094 -14.616789181894752 26.8
      vertex 15.492001814804691 -14.674645587531366 26.8
      vertex 15.492001814804691 -14.674645587531366 30
    endloop
  endfacet
  facet normal -0.2429801799032602 -0.970031253194545 0
    outer loop
      vertex 15.492001814804691 -14.674645587531366 26.8
      vertex 15.658591936471776 -14.716374240705653 26.8
      vertex 15.658591936471776 -14.716374240705653 30
    endloop
  endfacet
  facet normal -0.14673047445536436 -0.9891765099647807 0
    outer loop
      vertex 15.658591936471776 -14.716374240705653 26.8
      vertex 15.828470004423268 -14.741573271676344 26.8
      vertex 15.828470004423268 -14.741573271676344 30
    endloop
  endfacet
  facet normal -0.04906767432741899 -0.9987954562051724 0
    outer loop
      vertex 15.828470004423268 -14.741573271676344 26.8
      vertex 16 -14.75 26.8
      vertex 16 -14.75 30
    endloop
  endfacet
  facet normal 0.0490676743274195 -0.9987954562051724 0
    outer loop
      vertex 16 -14.75 26.8
      vertex 16.17152999557673 -14.741573271676344 26.8
      vertex 16.17152999557673 -14.741573271676344 30
    endloop
  endfacet
  facet normal 0.14673047445536286 -0.9891765099647808 0
    outer loop
      vertex 16.17152999557673 -14.741573271676344 26.8
      vertex 16.341408063528224 -14.716374240705653 26.8
      vertex 16.341408063528224 -14.716374240705653 30
    endloop
  endfacet
  facet normal 0.2429801799032602 -0.970031253194545 0
    outer loop
      vertex 16.341408063528224 -14.716374240705653 26.8
      vertex 16.50799818519531 -14.674645587531366 26.8
      vertex 16.50799818519531 -14.674645587531366 30
    endloop
  endfacet
  facet normal 0.33688985339221517 -0.9415440651830225 0
    outer loop
      vertex 16.50799818519531 -14.674645587531366 26.8
      vertex 16.669696006638908 -14.616789181894752 26.8
      vertex 16.669696006638908 -14.616789181894752 30
    endloop
  endfacet
  facet normal 0.427555093430287 -0.9039892931234409 0
    outer loop
      vertex 16.669696006638908 -14.616789181894752 26.8
      vertex 16.824944289445497 -14.54336221260962 26.8
      vertex 16.824944289445497 -14.54336221260962 30
    endloop
  endfacet
  facet normal 0.5141027441932209 -0.8577286100002725 0
    outer loop
      vertex 16.824944289445497 -14.54336221260962 26.8
      vertex 16.972247907784304 -14.455071821529454 26.8
      vertex 16.972247907784304 -14.455071821529454 30
    endloop
  endfacet
  facet normal 0.5956993044924326 -0.8032075314806456 0
    outer loop
      vertex 16.972247907784304 -14.455071821529454 26.8
      vertex 17.11018824728638 -14.35276829338479 26.8
      vertex 17.11018824728638 -14.35276829338479 30
    endloop
  endfacet
  facet normal 0.671558954847025 -0.7409511253549531 0
    outer loop
      vertex 17.11018824728638 -14.35276829338479 26.8
      vertex 17.237436867076458 -14.237436867076458 26.8
      vertex 17.237436867076458 -14.237436867076458 30
    endloop
  endfacet
  facet normal 0 0 -1
    outer loop
      vertex 14.544928178470546 -13.972247907784304 26.8
      vertex 14.64723170661521 -11.889811752713621 26.8
      vertex 14.64723170661521 -14.110188247286379 26.8
    endloop
  endfacet
  facet normal 0 0 -1
    outer loop
      vertex 14.64723170661521 -14.110188247286379 26.8
      vertex 14.762563132923542 -11.762563132923542 26.8
      vertex 14.762563132923542 -14.237436867076458 26.8
    endloop
  endfacet
  facet normal 0 0 -1
    outer loop
      vertex 14.45663778739038 -13.824944289445495 26.8
      vertex 14.383210818105248 -13.669696006638906 26.8
      vertex 14.45663778739038 -12.175055710554505 26.8
    endloop
  endfacet
  facet normal 0 0 -1
    outer loop
      vertex 14.544928178470546 -13.972247907784304 26.8
      vertex 14.45663778739038 -13.824944289445495 26.8
      vertex 14.544928178470546 -12.027752092215696 26.8
    endloop
  endfacet
  facet normal 0 0 -1
    outer loop
      vertex 14.383210818105248 -13.669696006638906 26.8
      vertex 14.383210818105248 -12.330303993361094 26.8
      vertex 14.45663778739038 -12.175055710554505 26.8
    endloop
  endfacet
  facet normal 0 0 -1
    outer loop
      vertex 14.762563132923542 -14.237436867076458 26.8
      vertex 14.889811752713621 -11.64723170661521 26.8
      vertex 14.889811752713621 -14.35276829338479 26.8
    endloop
  endfacet
  facet normal 0 0 -1
    outer loop
      vertex 15.027752092215696 -14.455071821529454 26.8
      vertex 14.889811752713621 -14.35276829338479 26.8
      vertex 15.027752092215696 -11.544928178470546 26.8
    endloop
  endfacet
  facet normal 0 0 -1
    outer loop
      vertex 14.45663778739038 -13.824944289445495 26.8
      vertex 14.45663778739038 -12.175055710554505 26.8
      vertex 14.544928178470546 -12.027752092215696 26.8
    endloop
  endfacet
  facet normal 0 0 -1
    outer loop
      vertex 14.544928178470546 -13.972247907784304 26.8
      vertex 14.544928178470546 -12.027752092215696 26.8
      vertex 14.64723170661521 -11.889811752713621 26.8
    endloop
  endfacet
  facet normal 0 0 -1
    outer loop
      vertex 14.64723170661521 -14.110188247286379 26.8
      vertex 14.64723170661521 -11.889811752713621 26.8
      vertex 14.762563132923542 -11.762563132923542 26.8
    endloop
  endfacet
  facet normal 0 0 -1
    outer loop
      vertex 14.762563132923542 -14.237436867076458 26.8
      vertex 14.762563132923542 -11.762563132923542 26.8
      vertex 14.889811752713621 -11.64723170661521 26.8
    endloop
  endfacet
  facet normal 0 0 -1
    outer loop
      vertex 14.889811752713621 -14.35276829338479 26.8
      vertex 14.889811752713621 -11.64723170661521 26.8
      vertex 15.027752092215696 -11.544928178470546 26.8
    endloop
  endfacet
  facet normal 0 0 -1
    outer loop
      vertex 15.027752092215696 -14.455071821529454 26.8
      vertex 15.027752092215696 -11.544928178470546 26.8
      vertex 15.175055710554505 -11.45663778739038 26.8
    endloop
  endfacet
  facet normal 0 0 -1
    outer loop
      vertex 15.027752092215696 -14.455071821529454 26.8
      vertex 15.175055710554505 -11.45663778739038 26.8
      vertex 15.175055710554505 -14.54336221260962 26.8
    endloop
  endfacet
  facet normal 0 0 -1
    outer loop
      vertex 15.175055710554505 -14.54336221260962 26.8
      vertex 15.330303993361094 -11.383210818105248 26.8
      vertex 15.330303993361094 -14.616789181894752 26.8
    endloop
  endfacet
  facet normal 0 0 -1
    outer loop
      vertex 15.330303993361094 -14.616789181894752 26.8
      vertex 15.492001814804691 -11.325354412468634 26.8
      vertex 15.492001814804691 -14.674645587531366 26.8
    endloop
  endfacet
  facet normal 0 0 -1
    outer loop
      vertex 15.492001814804691 -14.674645587531366 26.8
      vertex 15.658591936471776 -11.283625759294347 26.8
      vertex 15.658591936471776 -14.716374240705653 26.8
    endloop
  endfacet
  facet normal 0 0 -1
    outer loop
      vertex 15.658591936471776 -14.716374240705653 26.8
      vertex 15.828470004423268 -11.258426728323656 26.8
      vertex 15.828470004423268 -14.741573271676344 26.8
    endloop
  endfacet
  facet normal 0 0 -1
    outer loop
      vertex 15.175055710554505 -14.54336221260962 26.8
      vertex 15.175055710554505 -11.45663778739038 26.8
      vertex 15.330303993361094 -11.383210818105248 26.8
    endloop
  endfacet
  facet normal 0 0 -1
    outer loop
      vertex 15.330303993361094 -14.616789181894752 26.8
      vertex 15.330303993361094 -11.383210818105248 26.8
      vertex 15.492001814804691 -11.325354412468634 26.8
    endloop
  endfacet
  facet normal 0 0 -1
    outer loop
      vertex 15.492001814804691 -14.674645587531366 26.8
      vertex 15.492001814804691 -11.325354412468634 26.8
      vertex 15.658591936471776 -11.283625759294347 26.8
    endloop
  endfacet
  facet normal 0 0 -1
    outer loop
      vertex 15.658591936471776 -14.716374240705653 26.8
      vertex 15.658591936471776 -11.283625759294347 26.8
      vertex 15.828470004423268 -11.258426728323656 26.8
    endloop
  endfacet
  facet normal -0.9039892931234409 -0.427555093430287 0
    outer loop
      vertex 14.45663778739038 -13.824944289445495 26.8
      vertex 14.383210818105248 -13.669696006638906 30
      vertex 14.383210818105248 -13.669696006638906 26.8
    endloop
  endfacet
  facet normal -0.8577286100002753 -0.5141027441932164 0
    outer loop
      vertex 14.544928178470546 -13.972247907784304 26.8
      vertex 14.45663778739038 -13.824944289445495 30
      vertex 14.45663778739038 -13.824944289445495 26.8
    endloop
  endfacet
  facet normal -0.9039892931234409 0.427555093430287 0
    outer loop
      vertex 14.383210818105248 -12.330303993361094 26.8
      vertex 14.45663778739038 -12.175055710554505 30
      vertex 14.45663778739038 -12.175055710554505 26.8
    endloop
  endfacet
  facet normal -0.8577286100002753 0.5141027441932164 0
    outer loop
      vertex 14.45663778739038 -12.175055710554505 26.8
      vertex 14.544928178470546 -12.027752092215696 30
      vertex 14.544928178470546 -12.027752092215696 26.8
    endloop
  endfacet
  facet normal -0.803207531480642 0.5956993044924376 0
    outer loop
      vertex 14.544928178470546 -12.027752092215696 26.8
      vertex 14.64723170661521 -11.889811752713621 30
      vertex 14.64723170661521 -11.889811752713621 26.8
    endloop
  endfacet
  facet normal -0.7409511253549578 0.6715589548470199 0
    outer loop
      vertex 14.64723170661521 -11.889811752713621 26.8
      vertex 14.762563132923542 -11.762563132923542 30
      vertex 14.762563132923542 -11.762563132923542 26.8
    endloop
  endfacet
  facet normal -0.6715589548470199 0.7409511253549578 0
    outer loop
      vertex 14.762563132923542 -11.762563132923542 26.8
      vertex 14.762563132923542 -11.762563132923542 30
      vertex 14.889811752713621 -11.64723170661521 26.8
    endloop
  endfacet
  facet normal -0.5956993044924376 0.803207531480642 0
    outer loop
      vertex 14.889811752713621 -11.64723170661521 26.8
      vertex 14.889811752713621 -11.64723170661521 30
      vertex 15.027752092215696 -11.544928178470546 26.8
    endloop
  endfacet
  facet normal -0.5141027441932164 0.8577286100002753 0
    outer loop
      vertex 15.027752092215696 -11.544928178470546 26.8
      vertex 15.027752092215696 -11.544928178470546 30
      vertex 15.175055710554505 -11.45663778739038 26.8
    endloop
  endfacet
  facet normal -0.427555093430287 0.9039892931234409 0
    outer loop
      vertex 15.175055710554505 -11.45663778739038 26.8
      vertex 15.175055710554505 -11.45663778739038 30
      vertex 15.330303993361094 -11.383210818105248 26.8
    endloop
  endfacet
  facet normal -0.33688985339221844 0.9415440651830214 0
    outer loop
      vertex 15.330303993361094 -11.383210818105248 26.8
      vertex 15.330303993361094 -11.383210818105248 30
      vertex 15.492001814804691 -11.325354412468634 26.8
    endloop
  endfacet
  facet normal -0.2429801799032602 0.970031253194545 0
    outer loop
      vertex 15.492001814804691 -11.325354412468634 26.8
      vertex 15.492001814804691 -11.325354412468634 30
      vertex 15.658591936471776 -11.283625759294347 26.8
    endloop
  endfacet
  facet normal -0.14673047445536436 0.9891765099647807 0
    outer loop
      vertex 15.658591936471776 -11.283625759294347 26.8
      vertex 15.658591936471776 -11.283625759294347 30
      vertex 15.828470004423268 -11.258426728323656 26.8
    endloop
  endfacet
  facet normal 0 0 -1
    outer loop
      vertex 15.828470004423268 -14.741573271676344 26.8
      vertex 16 -11.25 26.8
      vertex 16 -14.75 26.8
    endloop
  endfacet
  facet normal 0 0 -1
    outer loop
      vertex 16 -14.75 26.8
      vertex 16.17152999557673 -11.258426728323656 26.8
      vertex 16.17152999557673 -14.741573271676344 26.8
    endloop
  endfacet
  facet normal 0 0 -1
    outer loop
      vertex 16.17152999557673 -14.741573271676344 26.8
      vertex 16.341408063528224 -11.283625759294347 26.8
      vertex 16.341408063528224 -14.716374240705653 26.8
    endloop
  endfacet
  facet normal 0 0 -1
    outer loop
      vertex 16.341408063528224 -14.716374240705653 26.8
      vertex 16.50799818519531 -11.325354412468634 26.8
      vertex 16.50799818519531 -14.674645587531366 26.8
    endloop
  endfacet
  facet normal 0 0 -1
    outer loop
      vertex 15.828470004423268 -14.741573271676344 26.8
      vertex 15.828470004423268 -11.258426728323656 26.8
      vertex 16 -11.25 26.8
    endloop
  endfacet
  facet normal 0 0 -1
    outer loop
      vertex 16 -14.75 26.8
      vertex 16 -11.25 26.8
      vertex 16.17152999557673 -11.258426728323656 26.8
    endloop
  endfacet
  facet normal 0 0 -1
    outer loop
      vertex 16.17152999557673 -14.741573271676344 26.8
      vertex 16.17152999557673 -11.258426728323656 26.8
      vertex 16.341408063528224 -11.283625759294347 26.8
    endloop
  endfacet
  facet normal 0 0 -1
    outer loop
      vertex 16.341408063528224 -14.716374240705653 26.8
      vertex 16.341408063528224 -11.283625759294347 26.8
      vertex 16.50799818519531 -11.325354412468634 26.8
    endloop
  endfacet
  facet normal 0 0 -1
    outer loop
      vertex 16.50799818519531 -14.674645587531366 26.8
      vertex 16.669696006638908 -11.383210818105248 26.8
      vertex 16.669696006638908 -14.616789181894752 26.8
    endloop
  endfacet
  facet normal 0 0 -1
    outer loop
      vertex 16.669696006638908 -14.616789181894752 26.8
      vertex 16.824944289445497 -11.45663778739038 26.8
      vertex 16.824944289445497 -14.54336221260962 26.8
    endloop
  endfacet
  facet normal 0 0 -1
    outer loop
      vertex 16.824944289445497 -14.54336221260962 26.8
      vertex 16.972247907784304 -11.544928178470546 26.8
      vertex 16.972247907784304 -14.455071821529454 26.8
    endloop
  endfacet
  facet normal 0 0 -1
    outer loop
      vertex 16.972247907784304 -14.455071821529454 26.8
      vertex 17.11018824728638 -11.64723170661521 26.8
      vertex 17.11018824728638 -14.35276829338479 26.8
    endloop
  endfacet
  facet normal 0 0 -1
    outer loop
      vertex 17.11018824728638 -14.35276829338479 26.8
      vertex 17.237436867076458 -11.762563132923542 26.8
      vertex 17.237436867076458 -14.237436867076458 26.8
    endloop
  endfacet
  facet normal 0 0 -1
    outer loop
      vertex 16.50799818519531 -14.674645587531366 26.8
      vertex 16.50799818519531 -11.325354412468634 26.8
      vertex 16.669696006638908 -11.383210818105248 26.8
    endloop
  endfacet
  facet normal 0 0 -1
    outer loop
      vertex 16.669696006638908 -14.616789181894752 26.8
      vertex 16.669696006638908 -11.383210818105248 26.8
      vertex 16.824944289445497 -11.45663778739038 26.8
    endloop
  endfacet
  facet normal 0 0 -1
    outer loop
      vertex 16.824944289445497 -14.54336221260962 26.8
      vertex 16.824944289445497 -11.45663778739038 26.8
      vertex 16.972247907784304 -11.544928178470546 26.8
    endloop
  endfacet
  facet normal 0 0 -1
    outer loop
      vertex 16.972247907784304 -14.455071821529454 26.8
      vertex 16.972247907784304 -11.544928178470546 26.8
      vertex 17.11018824728638 -11.64723170661521 26.8
    endloop
  endfacet
  facet normal 0 0 -1
    outer loop
      vertex 17.11018824728638 -14.35276829338479 26.8
      vertex 17.11018824728638 -11.64723170661521 26.8
      vertex 17.237436867076458 -11.762563132923542 26.8
    endloop
  endfacet
  facet normal 0.5956993044924326 0.8032075314806456 0
    outer loop
      vertex 17.11018824728638 -11.64723170661521 26.8
      vertex 16.972247907784304 -11.544928178470546 26.8
      vertex 16.972247907784304 -11.544928178470546 30
    endloop
  endfacet
  facet normal 0.671558954847025 0.7409511253549531 0
    outer loop
      vertex 17.11018824728638 -11.64723170661521 26.8
      vertex 17.11018824728638 -11.64723170661521 30
      vertex 17.237436867076458 -11.762563132923542 26.8
    endloop
  endfacet
  facet normal -0.04906767432741899 0.9987954562051724 0
    outer loop
      vertex 15.828470004423268 -11.258426728323656 26.8
      vertex 15.828470004423268 -11.258426728323656 30
      vertex 16 -11.25 26.8
    endloop
  endfacet
  facet normal 0.0490676743274195 0.9987954562051724 0
    outer loop
      vertex 16 -11.25 26.8
      vertex 16 -11.25 30
      vertex 16.17152999557673 -11.258426728323656 26.8
    endloop
  endfacet
  facet normal 0.14673047445536286 0.9891765099647808 0
    outer loop
      vertex 16.17152999557673 -11.258426728323656 26.8
      vertex 16.17152999557673 -11.258426728323656 30
      vertex 16.341408063528224 -11.283625759294347 26.8
    endloop
  endfacet
  facet normal 0.2429801799032602 0.970031253194545 0
    outer loop
      vertex 16.341408063528224 -11.283625759294347 26.8
      vertex 16.341408063528224 -11.283625759294347 30
      vertex 16.50799818519531 -11.325354412468634 26.8
    endloop
  endfacet
  facet normal 0.33688985339221517 0.9415440651830225 0
    outer loop
      vertex 16.50799818519531 -11.325354412468634 26.8
      vertex 16.50799818519531 -11.325354412468634 30
      vertex 16.669696006638908 -11.383210818105248 26.8
    endloop
  endfacet
  facet normal 0.427555093430287 0.9039892931234409 0
    outer loop
      vertex 16.669696006638908 -11.383210818105248 26.8
      vertex 16.669696006638908 -11.383210818105248 30
      vertex 16.824944289445497 -11.45663778739038 26.8
    endloop
  endfacet
  facet normal 0.5141027441932209 0.8577286100002725 0
    outer loop
      vertex 16.824944289445497 -11.45663778739038 26.8
      vertex 16.824944289445497 -11.45663778739038 30
      vertex 16.972247907784304 -11.544928178470546 26.8
    endloop
  endfacet
  facet normal -0.9415440651830214 -0.33688985339221844 0
    outer loop
      vertex 14.383210818105248 -13.669696006638906 26.8
      vertex 14.383210818105248 -13.669696006638906 30
      vertex 14.325354412468634 -13.507998185195309 30
    endloop
  endfacet
  facet normal -0.970031253194545 -0.2429801799032602 0
    outer loop
      vertex 14.325354412468634 -13.507998185195309 26.8
      vertex 14.325354412468634 -13.507998185195309 30
      vertex 14.283625759294347 -13.341408063528224 30
    endloop
  endfacet
  facet normal -0.9891765099647807 -0.14673047445536436 0
    outer loop
      vertex 14.283625759294347 -13.341408063528224 26.8
      vertex 14.283625759294347 -13.341408063528224 30
      vertex 14.258426728323656 -13.171529995576732 30
    endloop
  endfacet
  facet normal -0.9987954562051724 -0.04906767432741899 0
    outer loop
      vertex 14.258426728323656 -13.171529995576732 26.8
      vertex 14.258426728323656 -13.171529995576732 30
      vertex 14.25 -13 30
    endloop
  endfacet
  facet normal -0.9987954562051724 0.04906767432741899 0
    outer loop
      vertex 14.25 -13 26.8
      vertex 14.25 -13 30
      vertex 14.258426728323656 -12.828470004423268 30
    endloop
  endfacet
  facet normal -0.9891765099647807 0.14673047445536436 0
    outer loop
      vertex 14.258426728323656 -12.828470004423268 26.8
      vertex 14.258426728323656 -12.828470004423268 30
      vertex 14.283625759294347 -12.658591936471776 30
    endloop
  endfacet
  facet normal -0.970031253194545 0.2429801799032602 0
    outer loop
      vertex 14.283625759294347 -12.658591936471776 26.8
      vertex 14.283625759294347 -12.658591936471776 30
      vertex 14.325354412468634 -12.492001814804691 30
    endloop
  endfacet
  facet normal -0.9415440651830214 0.33688985339221844 0
    outer loop
      vertex 14.325354412468634 -12.492001814804691 26.8
      vertex 14.325354412468634 -12.492001814804691 30
      vertex 14.383210818105248 -12.330303993361094 30
    endloop
  endfacet
  facet normal -0.8577286100002753 -0.5141027441932164 0
    outer loop
      vertex 14.544928178470546 -13.972247907784304 26.8
      vertex 14.544928178470546 -13.972247907784304 30
      vertex 14.45663778739038 -13.824944289445495 30
    endloop
  endfacet
  facet normal -0.7409511253549578 -0.6715589548470199 0
    outer loop
      vertex 14.762563132923542 -14.237436867076458 26.8
      vertex 14.762563132923542 -14.237436867076458 30
      vertex 14.64723170661521 -14.110188247286379 30
    endloop
  endfacet
  facet normal -0.803207531480642 -0.5956993044924376 0
    outer loop
      vertex 14.64723170661521 -14.110188247286379 26.8
      vertex 14.64723170661521 -14.110188247286379 30
      vertex 14.544928178470546 -13.972247907784304 30
    endloop
  endfacet
  facet normal -0.5141027441932164 -0.8577286100002753 0
    outer loop
      vertex 15.027752092215696 -14.455071821529454 26.8
      vertex 15.175055710554505 -14.54336221260962 30
      vertex 15.027752092215696 -14.455071821529454 30
    endloop
  endfacet
  facet normal -0.6715589548470199 -0.7409511253549578 0
    outer loop
      vertex 14.762563132923542 -14.237436867076458 26.8
      vertex 14.889811752713621 -14.35276829338479 30
      vertex 14.762563132923542 -14.237436867076458 30
    endloop
  endfacet
  facet normal -0.5956993044924376 -0.803207531480642 0
    outer loop
      vertex 14.889811752713621 -14.35276829338479 26.8
      vertex 15.027752092215696 -14.455071821529454 30
      vertex 14.889811752713621 -14.35276829338479 30
    endloop
  endfacet
  facet normal -0.427555093430287 -0.9039892931234409 0
    outer loop
      vertex 15.175055710554505 -14.54336221260962 26.8
      vertex 15.330303993361094 -14.616789181894752 30
      vertex 15.175055710554505 -14.54336221260962 30
    endloop
  endfacet
  facet normal -0.33688985339221844 -0.9415440651830214 0
    outer loop
      vertex 15.330303993361094 -14.616789181894752 26.8
      vertex 15.492001814804691 -14.674645587531366 30
      vertex 15.330303993361094 -14.616789181894752 30
    endloop
  endfacet
  facet normal -0.2429801799032602 -0.970031253194545 0
    outer loop
      vertex 15.492001814804691 -14.674645587531366 26.8
      vertex 15.658591936471776 -14.716374240705653 30
      vertex 15.492001814804691 -14.674645587531366 30
    endloop
  endfacet
  facet normal -0.14673047445536436 -0.9891765099647807 0
    outer loop
      vertex 15.658591936471776 -14.716374240705653 26.8
      vertex 15.828470004423268 -14.741573271676344 30
      vertex 15.658591936471776 -14.716374240705653 30
    endloop
  endfacet
  facet normal -0.04906767432741899 -0.9987954562051724 0
    outer loop
      vertex 15.828470004423268 -14.741573271676344 26.8
      vertex 16 -14.75 30
      vertex 15.828470004423268 -14.741573271676344 30
    endloop
  endfacet
  facet normal 0.0490676743274195 -0.9987954562051724 0
    outer loop
      vertex 16 -14.75 26.8
      vertex 16.17152999557673 -14.741573271676344 30
      vertex 16 -14.75 30
    endloop
  endfacet
  facet normal 0.14673047445536286 -0.9891765099647808 0
    outer loop
      vertex 16.17152999557673 -14.741573271676344 26.8
      vertex 16.341408063528224 -14.716374240705653 30
      vertex 16.17152999557673 -14.741573271676344 30
    endloop
  endfacet
  facet normal 0.2429801799032602 -0.970031253194545 0
    outer loop
      vertex 16.341408063528224 -14.716374240705653 26.8
      vertex 16.50799818519531 -14.674645587531366 30
      vertex 16.341408063528224 -14.716374240705653 30
    endloop
  endfacet
  facet normal 0.33688985339221517 -0.9415440651830225 0
    outer loop
      vertex 16.50799818519531 -14.674645587531366 26.8
      vertex 16.669696006638908 -14.616789181894752 30
      vertex 16.50799818519531 -14.674645587531366 30
    endloop
  endfacet
  facet normal 0.427555093430287 -0.9039892931234409 0
    outer loop
      vertex 16.669696006638908 -14.616789181894752 26.8
      vertex 16.824944289445497 -14.54336221260962 30
      vertex 16.669696006638908 -14.616789181894752 30
    endloop
  endfacet
  facet normal 0.5141027441932209 -0.8577286100002725 0
    outer loop
      vertex 16.824944289445497 -14.54336221260962 26.8
      vertex 16.972247907784304 -14.455071821529454 30
      vertex 16.824944289445497 -14.54336221260962 30
    endloop
  endfacet
  facet normal 0.5956993044924326 -0.8032075314806456 0
    outer loop
      vertex 16.972247907784304 -14.455071821529454 26.8
      vertex 17.11018824728638 -14.35276829338479 30
      vertex 16.972247907784304 -14.455071821529454 30
    endloop
  endfacet
  facet normal 0.671558954847025 -0.7409511253549531 0
    outer loop
      vertex 17.11018824728638 -14.35276829338479 26.8
      vertex 17.237436867076458 -14.237436867076458 30
      vertex 17.11018824728638 -14.35276829338479 30
    endloop
  endfacet
  facet normal -0.9039892931234409 -0.427555093430287 0
    outer loop
      vertex 14.45663778739038 -13.824944289445495 26.8
      vertex 14.45663778739038 -13.824944289445495 30
      vertex 14.383210818105248 -13.669696006638906 30
    endloop
  endfacet
  facet normal -0.9039892931234409 0.427555093430287 0
    outer loop
      vertex 14.383210818105248 -12.330303993361094 26.8
      vertex 14.383210818105248 -12.330303993361094 30
      vertex 14.45663778739038 -12.175055710554505 30
    endloop
  endfacet
  facet normal -0.8577286100002753 0.5141027441932164 0
    outer loop
      vertex 14.45663778739038 -12.175055710554505 26.8
      vertex 14.45663778739038 -12.175055710554505 30
      vertex 14.544928178470546 -12.027752092215696 30
    endloop
  endfacet
  facet normal -0.803207531480642 0.5956993044924376 0
    outer loop
      vertex 14.544928178470546 -12.027752092215696 26.8
      vertex 14.544928178470546 -12.027752092215696 30
      vertex 14.64723170661521 -11.889811752713621 30
    endloop
  endfacet
  facet normal -0.7409511253549578 0.6715589548470199 0
    outer loop
      vertex 14.64723170661521 -11.889811752713621 26.8
      vertex 14.64723170661521 -11.889811752713621 30
      vertex 14.762563132923542 -11.762563132923542 30
    endloop
  endfacet
  facet normal -0.6715589548470199 0.7409511253549578 0
    outer loop
      vertex 14.889811752713621 -11.64723170661521 26.8
      vertex 14.762563132923542 -11.762563132923542 30
      vertex 14.889811752713621 -11.64723170661521 30
    endloop
  endfacet
  facet normal -0.5956993044924376 0.803207531480642 0
    outer loop
      vertex 15.027752092215696 -11.544928178470546 26.8
      vertex 14.889811752713621 -11.64723170661521 30
      vertex 15.027752092215696 -11.544928178470546 30
    endloop
  endfacet
  facet normal -0.5141027441932164 0.8577286100002753 0
    outer loop
      vertex 15.175055710554505 -11.45663778739038 26.8
      vertex 15.027752092215696 -11.544928178470546 30
      vertex 15.175055710554505 -11.45663778739038 30
    endloop
  endfacet
  facet normal -0.427555093430287 0.9039892931234409 0
    outer loop
      vertex 15.330303993361094 -11.383210818105248 26.8
      vertex 15.175055710554505 -11.45663778739038 30
      vertex 15.330303993361094 -11.383210818105248 30
    endloop
  endfacet
  facet normal -0.33688985339221844 0.9415440651830214 0
    outer loop
      vertex 15.492001814804691 -11.325354412468634 26.8
      vertex 15.330303993361094 -11.383210818105248 30
      vertex 15.492001814804691 -11.325354412468634 30
    endloop
  endfacet
  facet normal -0.2429801799032602 0.970031253194545 0
    outer loop
      vertex 15.658591936471776 -11.283625759294347 26.8
      vertex 15.492001814804691 -11.325354412468634 30
      vertex 15.658591936471776 -11.283625759294347 30
    endloop
  endfacet
  facet normal -0.14673047445536436 0.9891765099647807 0
    outer loop
      vertex 15.828470004423268 -11.258426728323656 26.8
      vertex 15.658591936471776 -11.283625759294347 30
      vertex 15.828470004423268 -11.258426728323656 30
    endloop
  endfacet
  facet normal 0.5956993044924326 0.8032075314806456 0
    outer loop
      vertex 17.11018824728638 -11.64723170661521 26.8
      vertex 16.972247907784304 -11.544928178470546 30
      vertex 17.11018824728638 -11.64723170661521 30
    endloop
  endfacet
  facet normal 0.671558954847025 0.7409511253549531 0
    outer loop
      vertex 17.237436867076458 -11.762563132923542 26.8
      vertex 17.11018824728638 -11.64723170661521 30
      vertex 17.237436867076458 -11.762563132923542 30
    endloop
  endfacet
  facet normal -0.04906767432741899 0.9987954562051724 0
    outer loop
      vertex 16 -11.25 26.8
      vertex 15.828470004423268 -11.258426728323656 30
      vertex 16 -11.25 30
    endloop
  endfacet
  facet normal 0.0490676743274195 0.9987954562051724 0
    outer loop
      vertex 16.17152999557673 -11.258426728323656 26.8
      vertex 16 -11.25 30
      vertex 16.17152999557673 -11.258426728323656 30
    endloop
  endfacet
  facet normal 0.14673047445536286 0.9891765099647808 0
    outer loop
      vertex 16.341408063528224 -11.283625759294347 26.8
      vertex 16.17152999557673 -11.258426728323656 30
      vertex 16.341408063528224 -11.283625759294347 30
    endloop
  endfacet
  facet normal 0.2429801799032602 0.970031253194545 0
    outer loop
      vertex 16.50799818519531 -11.325354412468634 26.8
      vertex 16.341408063528224 -11.283625759294347 30
      vertex 16.50799818519531 -11.325354412468634 30
    endloop
  endfacet
  facet normal 0.33688985339221517 0.9415440651830225 0
    outer loop
      vertex 16.669696006638908 -11.383210818105248 26.8
      vertex 16.50799818519531 -11.325354412468634 30
      vertex 16.669696006638908 -11.383210818105248 30
    endloop
  endfacet
  facet normal 0.427555093430287 0.9039892931234409 0
    outer loop
      vertex 16.824944289445497 -11.45663778739038 26.8
      vertex 16.669696006638908 -11.383210818105248 30
      vertex 16.824944289445497 -11.45663778739038 30
    endloop
  endfacet
  facet normal 0.5141027441932209 0.8577286100002725 0
    outer loop
      vertex 16.972247907784304 -11.544928178470546 26.8
      vertex 16.824944289445497 -11.45663778739038 30
      vertex 16.972247907784304 -11.544928178470546 30
    endloop
  endfacet
  facet normal 0.7409511253549526 -0.6715589548470255 0
    outer loop
      vertex 17.237436867076458 -14.237436867076458 26.8
      vertex 17.35276829338479 -14.110188247286379 26.8
      vertex 17.237436867076458 -14.237436867076458 30
    endloop
  endfacet
  facet normal 0.8032075314806467 -0.5956993044924307 0
    outer loop
      vertex 17.35276829338479 -14.110188247286379 26.8
      vertex 17.455071821529454 -13.972247907784304 26.8
      vertex 17.35276829338479 -14.110188247286379 30
    endloop
  endfacet
  facet normal 0.8577286100002707 -0.514102744193224 0
    outer loop
      vertex 17.455071821529454 -13.972247907784304 26.8
      vertex 17.543362212609622 -13.824944289445495 26.8
      vertex 17.455071821529454 -13.972247907784304 30
    endloop
  endfacet
  facet normal 0 0 -1
    outer loop
      vertex 17.237436867076458 -14.237436867076458 26.8
      vertex 17.35276829338479 -11.889811752713621 26.8
      vertex 17.35276829338479 -14.110188247286379 26.8
    endloop
  endfacet
  facet normal 0 0 -1
    outer loop
      vertex 17.35276829338479 -14.110188247286379 26.8
      vertex 17.455071821529454 -12.027752092215696 26.8
      vertex 17.455071821529454 -13.972247907784304 26.8
    endloop
  endfacet
  facet normal 0 0 -1
    outer loop
      vertex 17.455071821529454 -13.972247907784304 26.8
      vertex 17.543362212609622 -12.175055710554505 26.8
      vertex 17.543362212609622 -13.824944289445495 26.8
    endloop
  endfacet
  facet normal 0 0 -1
    outer loop
      vertex 17.543362212609622 -13.824944289445495 26.8
      vertex 17.616789181894752 -12.330303993361094 26.8
      vertex 17.616789181894752 -13.669696006638906 26.8
    endloop
  endfacet
  facet normal 0 0 -1
    outer loop
      vertex 17.455071821529454 -13.972247907784304 26.8
      vertex 17.455071821529454 -12.027752092215696 26.8
      vertex 17.543362212609622 -12.175055710554505 26.8
    endloop
  endfacet
  facet normal 0 0 -1
    outer loop
      vertex 17.543362212609622 -13.824944289445495 26.8
      vertex 17.543362212609622 -12.175055710554505 26.8
      vertex 17.616789181894752 -12.330303993361094 26.8
    endloop
  endfacet
  facet normal 0 0 -1
    outer loop
      vertex 17.616789181894752 -13.669696006638906 26.8
      vertex 17.674645587531366 -12.492001814804691 26.8
      vertex 17.674645587531366 -13.507998185195309 26.8
    endloop
  endfacet
  facet normal 0 0 -1
    outer loop
      vertex 17.674645587531366 -13.507998185195309 26.8
      vertex 17.716374240705655 -12.658591936471776 26.8
      vertex 17.716374240705655 -13.341408063528224 26.8
    endloop
  endfacet
  facet normal 0 0 -1
    outer loop
      vertex 17.716374240705655 -13.341408063528224 26.8
      vertex 17.741573271676344 -12.828470004423268 26.8
      vertex 17.741573271676344 -13.171529995576732 26.8
    endloop
  endfacet
  facet normal 0 0 -1
    outer loop
      vertex 17.674645587531366 -13.507998185195309 26.8
      vertex 17.674645587531366 -12.492001814804691 26.8
      vertex 17.716374240705655 -12.658591936471776 26.8
    endloop
  endfacet
  facet normal 0 0 -1
    outer loop
      vertex 17.616789181894752 -13.669696006638906 26.8
      vertex 17.616789181894752 -12.330303993361094 26.8
      vertex 17.674645587531366 -12.492001814804691 26.8
    endloop
  endfacet
  facet normal 0 0 -1
    outer loop
      vertex 17.716374240705655 -13.341408063528224 26.8
      vertex 17.716374240705655 -12.658591936471776 26.8
      vertex 17.741573271676344 -12.828470004423268 26.8
    endloop
  endfacet
  facet normal 0 0 -1
    outer loop
      vertex 17.741573271676344 -13.171529995576732 26.8
      vertex 17.741573271676344 -12.828470004423268 26.8
      vertex 17.75 -13 26.8
    endloop
  endfacet
  facet normal 0 0 -1
    outer loop
      vertex 17.237436867076458 -14.237436867076458 26.8
      vertex 17.237436867076458 -11.762563132923542 26.8
      vertex 17.35276829338479 -11.889811752713621 26.8
    endloop
  endfacet
  facet normal 0 0 -1
    outer loop
      vertex 17.35276829338479 -14.110188247286379 26.8
      vertex 17.35276829338479 -11.889811752713621 26.8
      vertex 17.455071821529454 -12.027752092215696 26.8
    endloop
  endfacet
  facet normal 0.9039892931234449 -0.4275550934302786 0
    outer loop
      vertex 17.543362212609622 -13.824944289445495 26.8
      vertex 17.616789181894752 -13.669696006638906 26.8
      vertex 17.543362212609622 -13.824944289445495 30
    endloop
  endfacet
  facet normal 0.9415440651830214 -0.33688985339221844 0
    outer loop
      vertex 17.616789181894752 -13.669696006638906 26.8
      vertex 17.674645587531366 -13.507998185195309 26.8
      vertex 17.616789181894752 -13.669696006638906 30
    endloop
  endfacet
  facet normal 0.9700312531945424 -0.24298017990326992 0
    outer loop
      vertex 17.674645587531366 -13.507998185195309 26.8
      vertex 17.716374240705655 -13.341408063528224 26.8
      vertex 17.674645587531366 -13.507998185195309 30
    endloop
  endfacet
  facet normal 0.989176509964782 -0.14673047445535423 0
    outer loop
      vertex 17.716374240705655 -13.341408063528224 26.8
      vertex 17.741573271676344 -13.171529995576732 26.8
      vertex 17.716374240705655 -13.341408063528224 30
    endloop
  endfacet
  facet normal 0.9987954562051724 -0.04906767432741899 0
    outer loop
      vertex 17.741573271676344 -13.171529995576732 26.8
      vertex 17.75 -13 26.8
      vertex 17.741573271676344 -13.171529995576732 30
    endloop
  endfacet
  facet normal 0.9987954562051724 0.04906767432741899 0
    outer loop
      vertex 17.75 -13 26.8
      vertex 17.741573271676344 -12.828470004423268 26.8
      vertex 17.75 -13 30
    endloop
  endfacet
  facet normal 0.989176509964782 0.14673047445535423 0
    outer loop
      vertex 17.741573271676344 -12.828470004423268 26.8
      vertex 17.716374240705655 -12.658591936471776 26.8
      vertex 17.741573271676344 -12.828470004423268 30
    endloop
  endfacet
  facet normal 0.9039892931234449 0.4275550934302786 0
    outer loop
      vertex 17.543362212609622 -12.175055710554505 26.8
      vertex 17.616789181894752 -12.330303993361094 30
      vertex 17.616789181894752 -12.330303993361094 26.8
    endloop
  endfacet
  facet normal 0.8032075314806467 0.5956993044924307 0
    outer loop
      vertex 17.35276829338479 -11.889811752713621 26.8
      vertex 17.455071821529454 -12.027752092215696 30
      vertex 17.455071821529454 -12.027752092215696 26.8
    endloop
  endfacet
  facet normal 0.7409511253549526 0.6715589548470255 0
    outer loop
      vertex 17.237436867076458 -11.762563132923542 26.8
      vertex 17.35276829338479 -11.889811752713621 30
      vertex 17.35276829338479 -11.889811752713621 26.8
    endloop
  endfacet
  facet normal 0.8577286100002707 0.514102744193224 0
    outer loop
      vertex 17.543362212609622 -12.175055710554505 26.8
      vertex 17.455071821529454 -12.027752092215696 26.8
      vertex 17.543362212609622 -12.175055710554505 30
    endloop
  endfacet
  facet normal 0.9415440651830214 0.33688985339221844 0
    outer loop
      vertex 17.674645587531366 -12.492001814804691 26.8
      vertex 17.616789181894752 -12.330303993361094 26.8
      vertex 17.674645587531366 -12.492001814804691 30
    endloop
  endfacet
  facet normal 0.9700312531945424 0.24298017990326992 0
    outer loop
      vertex 17.674645587531366 -12.492001814804691 26.8
      vertex 17.716374240705655 -12.658591936471776 30
      vertex 17.716374240705655 -12.658591936471776 26.8
    endloop
  endfacet
  facet normal 0.7409511253549526 -0.6715589548470255 0
    outer loop
      vertex 17.237436867076458 -14.237436867076458 30
      vertex 17.35276829338479 -14.110188247286379 26.8
      vertex 17.35276829338479 -14.110188247286379 30
    endloop
  endfacet
  facet normal 0.8032075314806467 -0.5956993044924307 0
    outer loop
      vertex 17.455071821529454 -13.972247907784304 26.8
      vertex 17.455071821529454 -13.972247907784304 30
      vertex 17.35276829338479 -14.110188247286379 30
    endloop
  endfacet
  facet normal 0.8577286100002707 -0.514102744193224 0
    outer loop
      vertex 17.543362212609622 -13.824944289445495 26.8
      vertex 17.543362212609622 -13.824944289445495 30
      vertex 17.455071821529454 -13.972247907784304 30
    endloop
  endfacet
  facet normal 0.9039892931234449 -0.4275550934302786 0
    outer loop
      vertex 17.616789181894752 -13.669696006638906 26.8
      vertex 17.616789181894752 -13.669696006638906 30
      vertex 17.543362212609622 -13.824944289445495 30
    endloop
  endfacet
  facet normal 0.9415440651830214 -0.33688985339221844 0
    outer loop
      vertex 17.674645587531366 -13.507998185195309 26.8
      vertex 17.674645587531366 -13.507998185195309 30
      vertex 17.616789181894752 -13.669696006638906 30
    endloop
  endfacet
  facet normal 0.9700312531945424 -0.24298017990326992 0
    outer loop
      vertex 17.716374240705655 -13.341408063528224 26.8
      vertex 17.716374240705655 -13.341408063528224 30
      vertex 17.674645587531366 -13.507998185195309 30
    endloop
  endfacet
  facet normal 0.989176509964782 -0.14673047445535423 0
    outer loop
      vertex 17.741573271676344 -13.171529995576732 26.8
      vertex 17.741573271676344 -13.171529995576732 30
      vertex 17.716374240705655 -13.341408063528224 30
    endloop
  endfacet
  facet normal 0.9987954562051724 -0.04906767432741899 0
    outer loop
      vertex 17.75 -13 26.8
      vertex 17.75 -13 30
      vertex 17.741573271676344 -13.171529995576732 30
    endloop
  endfacet
  facet normal 0.9987954562051724 0.04906767432741899 0
    outer loop
      vertex 17.741573271676344 -12.828470004423268 26.8
      vertex 17.741573271676344 -12.828470004423268 30
      vertex 17.75 -13 30
    endloop
  endfacet
  facet normal 0.9039892931234449 0.4275550934302786 0
    outer loop
      vertex 17.543362212609622 -12.175055710554505 26.8
      vertex 17.543362212609622 -12.175055710554505 30
      vertex 17.616789181894752 -12.330303993361094 30
    endloop
  endfacet
  facet normal 0.8032075314806467 0.5956993044924307 0
    outer loop
      vertex 17.35276829338479 -11.889811752713621 26.8
      vertex 17.35276829338479 -11.889811752713621 30
      vertex 17.455071821529454 -12.027752092215696 30
    endloop
  endfacet
  facet normal 0.7409511253549526 0.6715589548470255 0
    outer loop
      vertex 17.237436867076458 -11.762563132923542 26.8
      vertex 17.237436867076458 -11.762563132923542 30
      vertex 17.35276829338479 -11.889811752713621 30
    endloop
  endfacet
  facet normal 0.8577286100002707 0.514102744193224 0
    outer loop
      vertex 17.455071821529454 -12.027752092215696 26.8
      vertex 17.455071821529454 -12.027752092215696 30
      vertex 17.543362212609622 -12.175055710554505 30
    endloop
  endfacet
  facet normal 0.9700312531945424 0.24298017990326992 0
    outer loop
      vertex 17.674645587531366 -12.492001814804691 26.8
      vertex 17.674645587531366 -12.492001814804691 30
      vertex 17.716374240705655 -12.658591936471776 30
    endloop
  endfacet
  facet normal 0.989176509964782 0.14673047445535423 0
    outer loop
      vertex 17.716374240705655 -12.658591936471776 26.8
      vertex 17.716374240705655 -12.658591936471776 30
      vertex 17.741573271676344 -12.828470004423268 30
    endloop
  endfacet
  facet normal 0.9415440651830214 0.33688985339221844 0
    outer loop
      vertex 17.616789181894752 -12.330303993361094 26.8
      vertex 17.616789181894752 -12.330303993361094 30
      vertex 17.674645587531366 -12.492001814804691 30
    endloop
  endfacet
  facet normal 0 0 -1
    outer loop
      vertex 14.283625759294347 7.658591936471775 26.8
      vertex 14.258426728323656 7.828470004423269 26.8
      vertex 14.283625759294347 8.341408063528224 26.8
    endloop
  endfacet
  facet normal 0 0 -1
    outer loop
      vertex 14.258426728323656 7.828470004423269 26.8
      vertex 14.25 8 26.8
      vertex 14.258426728323656 8.171529995576732 26.8
    endloop
  endfacet
  facet normal 0 0 -1
    outer loop
      vertex 14.325354412468634 7.492001814804691 26.8
      vertex 14.283625759294347 7.658591936471775 26.8
      vertex 14.325354412468634 8.507998185195309 26.8
    endloop
  endfacet
  facet normal 0 0 -1
    outer loop
      vertex 14.325354412468634 7.492001814804691 26.8
      vertex 14.383210818105248 8.669696006638906 26.8
      vertex 14.383210818105248 7.330303993361093 26.8
    endloop
  endfacet
  facet normal 0 0 -1
    outer loop
      vertex 14.258426728323656 7.828470004423269 26.8
      vertex 14.258426728323656 8.171529995576732 26.8
      vertex 14.283625759294347 8.341408063528224 26.8
    endloop
  endfacet
  facet normal 0 0 -1
    outer loop
      vertex 14.283625759294347 7.658591936471775 26.8
      vertex 14.283625759294347 8.341408063528224 26.8
      vertex 14.325354412468634 8.507998185195309 26.8
    endloop
  endfacet
  facet normal 0 0 -1
    outer loop
      vertex 14.325354412468634 7.492001814804691 26.8
      vertex 14.325354412468634 8.507998185195309 26.8
      vertex 14.383210818105248 8.669696006638906 26.8
    endloop
  endfacet
  facet normal -0.941544065183022 -0.3368898533922168 0
    outer loop
      vertex 14.325354412468634 7.492001814804691 26.8
      vertex 14.383210818105248 7.330303993361093 26.8
      vertex 14.325354412468634 7.492001814804691 30
    endloop
  endfacet
  facet normal -0.9891765099647808 -0.14673047445536286 0
    outer loop
      vertex 14.283625759294347 7.658591936471775 26.8
      vertex 14.258426728323656 7.828470004423269 30
      vertex 14.258426728323656 7.828470004423269 26.8
    endloop
  endfacet
  facet normal -0.9700312531945446 -0.2429801799032614 0
    outer loop
      vertex 14.325354412468634 7.492001814804691 26.8
      vertex 14.283625759294347 7.658591936471775 30
      vertex 14.283625759294347 7.658591936471775 26.8
    endloop
  endfacet
  facet normal -0.9987954562051724 -0.04906767432741925 0
    outer loop
      vertex 14.258426728323656 7.828470004423269 26.8
      vertex 14.25 8 30
      vertex 14.25 8 26.8
    endloop
  endfacet
  facet normal -0.9987954562051724 0.04906767432741899 0
    outer loop
      vertex 14.25 8 26.8
      vertex 14.258426728323656 8.171529995576732 30
      vertex 14.258426728323656 8.171529995576732 26.8
    endloop
  endfacet
  facet normal -0.9891765099647807 0.14673047445536436 0
    outer loop
      vertex 14.258426728323656 8.171529995576732 26.8
      vertex 14.283625759294347 8.341408063528224 30
      vertex 14.283625759294347 8.341408063528224 26.8
    endloop
  endfacet
  facet normal -0.970031253194545 0.2429801799032602 0
    outer loop
      vertex 14.283625759294347 8.341408063528224 26.8
      vertex 14.325354412468634 8.507998185195309 30
      vertex 14.325354412468634 8.507998185195309 26.8
    endloop
  endfacet
  facet normal -0.9415440651830214 0.33688985339221844 0
    outer loop
      vertex 14.325354412468634 8.507998185195309 26.8
      vertex 14.383210818105248 8.669696006638906 30
      vertex 14.383210818105248 8.669696006638906 26.8
    endloop
  endfacet
  facet normal -0.7409511253549578 -0.6715589548470199 0
    outer loop
      vertex 14.64723170661521 6.88981175271362 26.8
      vertex 14.762563132923542 6.762563132923542 26.8
      vertex 14.64723170661521 6.88981175271362 30
    endloop
  endfacet
  facet normal -0.671558954847017 -0.7409511253549603 0
    outer loop
      vertex 14.889811752713621 6.6472317066152105 26.8
      vertex 14.889811752713621 6.6472317066152105 30
      vertex 14.762563132923542 6.762563132923542 26.8
    endloop
  endfacet
  facet normal -0.5956993044924376 -0.803207531480642 0
    outer loop
      vertex 14.889811752713621 6.6472317066152105 26.8
      vertex 15.027752092215696 6.5449281784705455 26.8
      vertex 15.027752092215696 6.5449281784705455 30
    endloop
  endfacet
  facet normal -0.3368898533922231 -0.9415440651830198 0
    outer loop
      vertex 15.330303993361094 6.3832108181052485 26.8
      vertex 15.492001814804691 6.325354412468634 26.8
      vertex 15.492001814804691 6.325354412468634 30
    endloop
  endfacet
  facet normal -0.5141027441932203 -0.857728610000273 0
    outer loop
      vertex 15.027752092215696 6.5449281784705455 26.8
      vertex 15.175055710554505 6.456637787390378 26.8
      vertex 15.175055710554505 6.456637787390378 30
    endloop
  endfacet
  facet normal -0.4275550934302786 -0.9039892931234449 0
    outer loop
      vertex 15.175055710554505 6.456637787390378 26.8
      vertex 15.330303993361094 6.3832108181052485 26.8
      vertex 15.330303993361094 6.3832108181052485 30
    endloop
  endfacet
  facet normal -0.2429801799032602 -0.970031253194545 0
    outer loop
      vertex 15.492001814804691 6.325354412468634 26.8
      vertex 15.658591936471776 6.283625759294347 26.8
      vertex 15.658591936471776 6.283625759294347 30
    endloop
  endfacet
  facet normal -0.14673047445536436 -0.9891765099647807 0
    outer loop
      vertex 15.658591936471776 6.283625759294347 26.8
      vertex 15.828470004423268 6.258426728323656 26.8
      vertex 15.828470004423268 6.258426728323656 30
    endloop
  endfacet
  facet normal 0 0 -1
    outer loop
      vertex 14.45663778739038 7.1750557105545045 26.8
      vertex 14.383210818105248 7.330303993361093 26.8
      vertex 14.45663778739038 8.824944289445495 26.8
    endloop
  endfacet
  facet normal 0 0 -1
    outer loop
      vertex 14.45663778739038 7.1750557105545045 26.8
      vertex 14.544928178470546 8.972247907784304 26.8
      vertex 14.544928178470546 7.027752092215696 26.8
    endloop
  endfacet
  facet normal 0 0 -1
    outer loop
      vertex 14.64723170661521 6.88981175271362 26.8
      vertex 14.544928178470546 7.027752092215696 26.8
      vertex 14.64723170661521 9.110188247286379 26.8
    endloop
  endfacet
  facet normal 0 0 -1
    outer loop
      vertex 14.64723170661521 6.88981175271362 26.8
      vertex 14.762563132923542 9.237436867076458 26.8
      vertex 14.762563132923542 6.762563132923542 26.8
    endloop
  endfacet
  facet normal 0 0 -1
    outer loop
      vertex 14.889811752713621 6.6472317066152105 26.8
      vertex 14.762563132923542 6.762563132923542 26.8
      vertex 14.889811752713621 9.35276829338479 26.8
    endloop
  endfacet
  facet normal 0 0 -1
    outer loop
      vertex 14.889811752713621 6.6472317066152105 26.8
      vertex 15.027752092215696 9.455071821529454 26.8
      vertex 15.027752092215696 6.5449281784705455 26.8
    endloop
  endfacet
  facet normal 0 0 -1
    outer loop
      vertex 14.383210818105248 7.330303993361093 26.8
      vertex 14.383210818105248 8.669696006638906 26.8
      vertex 14.45663778739038 8.824944289445495 26.8
    endloop
  endfacet
  facet normal 0 0 -1
    outer loop
      vertex 14.45663778739038 7.1750557105545045 26.8
      vertex 14.45663778739038 8.824944289445495 26.8
      vertex 14.544928178470546 8.972247907784304 26.8
    endloop
  endfacet
  facet normal 0 0 -1
    outer loop
      vertex 14.544928178470546 7.027752092215696 26.8
      vertex 14.544928178470546 8.972247907784304 26.8
      vertex 14.64723170661521 9.110188247286379 26.8
    endloop
  endfacet
  facet normal 0 0 -1
    outer loop
      vertex 14.64723170661521 6.88981175271362 26.8
      vertex 14.64723170661521 9.110188247286379 26.8
      vertex 14.762563132923542 9.237436867076458 26.8
    endloop
  endfacet
  facet normal 0 0 -1
    outer loop
      vertex 14.762563132923542 6.762563132923542 26.8
      vertex 14.762563132923542 9.237436867076458 26.8
      vertex 14.889811752713621 9.35276829338479 26.8
    endloop
  endfacet
  facet normal 0 0 -1
    outer loop
      vertex 14.889811752713621 6.6472317066152105 26.8
      vertex 14.889811752713621 9.35276829338479 26.8
      vertex 15.027752092215696 9.455071821529454 26.8
    endloop
  endfacet
  facet normal 0 0 -1
    outer loop
      vertex 15.027752092215696 6.5449281784705455 26.8
      vertex 15.027752092215696 9.455071821529454 26.8
      vertex 15.175055710554505 9.54336221260962 26.8
    endloop
  endfacet
  facet normal 0 0 -1
    outer loop
      vertex 15.027752092215696 6.5449281784705455 26.8
      vertex 15.175055710554505 9.54336221260962 26.8
      vertex 15.175055710554505 6.456637787390378 26.8
    endloop
  endfacet
  facet normal 0 0 -1
    outer loop
      vertex 15.175055710554505 6.456637787390378 26.8
      vertex 15.330303993361094 9.616789181894752 26.8
      vertex 15.330303993361094 6.3832108181052485 26.8
    endloop
  endfacet
  facet normal 0 0 -1
    outer loop
      vertex 15.330303993361094 6.3832108181052485 26.8
      vertex 15.492001814804691 9.674645587531366 26.8
      vertex 15.492001814804691 6.325354412468634 26.8
    endloop
  endfacet
  facet normal 0 0 -1
    outer loop
      vertex 15.492001814804691 6.325354412468634 26.8
      vertex 15.658591936471776 9.716374240705653 26.8
      vertex 15.658591936471776 6.283625759294347 26.8
    endloop
  endfacet
  facet normal 0 0 -1
    outer loop
      vertex 15.658591936471776 6.283625759294347 26.8
      vertex 15.828470004423268 9.741573271676344 26.8
      vertex 15.828470004423268 6.258426728323656 26.8
    endloop
  endfacet
  facet normal 0 0 -1
    outer loop
      vertex 15.175055710554505 6.456637787390378 26.8
      vertex 15.175055710554505 9.54336221260962 26.8
      vertex 15.330303993361094 9.616789181894752 26.8
    endloop
  endfacet
  facet normal 0 0 -1
    outer loop
      vertex 15.330303993361094 6.3832108181052485 26.8
      vertex 15.330303993361094 9.616789181894752 26.8
      vertex 15.492001814804691 9.674645587531366 26.8
    endloop
  endfacet
  facet normal 0 0 -1
    outer loop
      vertex 15.492001814804691 6.325354412468634 26.8
      vertex 15.492001814804691 9.674645587531366 26.8
      vertex 15.658591936471776 9.716374240705653 26.8
    endloop
  endfacet
  facet normal 0 0 -1
    outer loop
      vertex 15.658591936471776 6.283625759294347 26.8
      vertex 15.658591936471776 9.716374240705653 26.8
      vertex 15.828470004423268 9.741573271676344 26.8
    endloop
  endfacet
  facet normal -0.8577286100002753 -0.5141027441932164 0
    outer loop
      vertex 14.45663778739038 7.1750557105545045 26.8
      vertex 14.544928178470546 7.027752092215696 26.8
      vertex 14.45663778739038 7.1750557105545045 30
    endloop
  endfacet
  facet normal -0.90398929312344 -0.427555093430289 0
    outer loop
      vertex 14.45663778739038 7.1750557105545045 26.8
      vertex 14.383210818105248 7.330303993361093 30
      vertex 14.383210818105248 7.330303993361093 26.8
    endloop
  endfacet
  facet normal -0.8032075314806437 -0.595699304492435 0
    outer loop
      vertex 14.64723170661521 6.88981175271362 26.8
      vertex 14.544928178470546 7.027752092215696 30
      vertex 14.544928178470546 7.027752092215696 26.8
    endloop
  endfacet
  facet normal -0.9039892931234409 0.427555093430287 0
    outer loop
      vertex 14.383210818105248 8.669696006638906 26.8
      vertex 14.45663778739038 8.824944289445495 30
      vertex 14.45663778739038 8.824944289445495 26.8
    endloop
  endfacet
  facet normal -0.8577286100002753 0.5141027441932164 0
    outer loop
      vertex 14.45663778739038 8.824944289445495 26.8
      vertex 14.544928178470546 8.972247907784304 30
      vertex 14.544928178470546 8.972247907784304 26.8
    endloop
  endfacet
  facet normal -0.803207531480642 0.5956993044924376 0
    outer loop
      vertex 14.544928178470546 8.972247907784304 26.8
      vertex 14.64723170661521 9.110188247286379 30
      vertex 14.64723170661521 9.110188247286379 26.8
    endloop
  endfacet
  facet normal -0.7409511253549578 0.6715589548470199 0
    outer loop
      vertex 14.64723170661521 9.110188247286379 26.8
      vertex 14.762563132923542 9.237436867076458 30
      vertex 14.762563132923542 9.237436867076458 26.8
    endloop
  endfacet
  facet normal -0.04906767432741899 -0.9987954562051724 0
    outer loop
      vertex 15.828470004423268 6.258426728323656 26.8
      vertex 16 6.25 26.8
      vertex 16 6.25 30
    endloop
  endfacet
  facet normal 0.0490676743274195 -0.9987954562051724 0
    outer loop
      vertex 16 6.25 26.8
      vertex 16.17152999557673 6.258426728323656 26.8
      vertex 16.17152999557673 6.258426728323656 30
    endloop
  endfacet
  facet normal 0.14673047445536286 -0.9891765099647808 0
    outer loop
      vertex 16.17152999557673 6.258426728323656 26.8
      vertex 16.341408063528224 6.283625759294347 26.8
      vertex 16.341408063528224 6.283625759294347 30
    endloop
  endfacet
  facet normal 0.2429801799032602 -0.970031253194545 0
    outer loop
      vertex 16.341408063528224 6.283625759294347 26.8
      vertex 16.50799818519531 6.325354412468634 26.8
      vertex 16.50799818519531 6.325354412468634 30
    endloop
  endfacet
  facet normal 0.3368898533922197 -0.9415440651830208 0
    outer loop
      vertex 16.50799818519531 6.325354412468634 26.8
      vertex 16.669696006638908 6.3832108181052485 26.8
      vertex 16.669696006638908 6.3832108181052485 30
    endloop
  endfacet
  facet normal 0.4275550934302786 -0.9039892931234449 0
    outer loop
      vertex 16.669696006638908 6.3832108181052485 26.8
      vertex 16.824944289445497 6.456637787390378 26.8
      vertex 16.824944289445497 6.456637787390378 30
    endloop
  endfacet
  facet normal 0.5141027441932248 -0.8577286100002702 0
    outer loop
      vertex 16.824944289445497 6.456637787390378 26.8
      vertex 16.972247907784304 6.5449281784705455 26.8
      vertex 16.972247907784304 6.5449281784705455 30
    endloop
  endfacet
  facet normal 0.5956993044924326 -0.8032075314806456 0
    outer loop
      vertex 16.972247907784304 6.5449281784705455 26.8
      vertex 17.11018824728638 6.6472317066152105 26.8
      vertex 17.11018824728638 6.6472317066152105 30
    endloop
  endfacet
  facet normal 0.6715589548470222 -0.7409511253549557 0
    outer loop
      vertex 17.11018824728638 6.6472317066152105 26.8
      vertex 17.237436867076458 6.762563132923542 26.8
      vertex 17.237436867076458 6.762563132923542 30
    endloop
  endfacet
  facet normal 0 0 -1
    outer loop
      vertex 15.828470004423268 6.258426728323656 26.8
      vertex 16 9.75 26.8
      vertex 16 6.25 26.8
    endloop
  endfacet
  facet normal 0 0 -1
    outer loop
      vertex 16 6.25 26.8
      vertex 16.17152999557673 9.741573271676344 26.8
      vertex 16.17152999557673 6.258426728323656 26.8
    endloop
  endfacet
  facet normal 0 0 -1
    outer loop
      vertex 16.17152999557673 6.258426728323656 26.8
      vertex 16.341408063528224 9.716374240705653 26.8
      vertex 16.341408063528224 6.283625759294347 26.8
    endloop
  endfacet
  facet normal 0 0 -1
    outer loop
      vertex 16.341408063528224 6.283625759294347 26.8
      vertex 16.50799818519531 9.674645587531366 26.8
      vertex 16.50799818519531 6.325354412468634 26.8
    endloop
  endfacet
  facet normal 0 0 -1
    outer loop
      vertex 15.828470004423268 6.258426728323656 26.8
      vertex 15.828470004423268 9.741573271676344 26.8
      vertex 16 9.75 26.8
    endloop
  endfacet
  facet normal 0 0 -1
    outer loop
      vertex 16 6.25 26.8
      vertex 16 9.75 26.8
      vertex 16.17152999557673 9.741573271676344 26.8
    endloop
  endfacet
  facet normal 0 0 -1
    outer loop
      vertex 16.17152999557673 6.258426728323656 26.8
      vertex 16.17152999557673 9.741573271676344 26.8
      vertex 16.341408063528224 9.716374240705653 26.8
    endloop
  endfacet
  facet normal 0 0 -1
    outer loop
      vertex 16.341408063528224 6.283625759294347 26.8
      vertex 16.341408063528224 9.716374240705653 26.8
      vertex 16.50799818519531 9.674645587531366 26.8
    endloop
  endfacet
  facet normal 0 0 -1
    outer loop
      vertex 16.50799818519531 6.325354412468634 26.8
      vertex 16.669696006638908 9.616789181894752 26.8
      vertex 16.669696006638908 6.3832108181052485 26.8
    endloop
  endfacet
  facet normal 0 0 -1
    outer loop
      vertex 16.669696006638908 6.3832108181052485 26.8
      vertex 16.824944289445497 9.54336221260962 26.8
      vertex 16.824944289445497 6.456637787390378 26.8
    endloop
  endfacet
  facet normal 0 0 -1
    outer loop
      vertex 16.824944289445497 6.456637787390378 26.8
      vertex 16.972247907784304 9.455071821529454 26.8
      vertex 16.972247907784304 6.5449281784705455 26.8
    endloop
  endfacet
  facet normal 0 0 -1
    outer loop
      vertex 16.972247907784304 6.5449281784705455 26.8
      vertex 17.11018824728638 9.35276829338479 26.8
      vertex 17.11018824728638 6.6472317066152105 26.8
    endloop
  endfacet
  facet normal 0 0 -1
    outer loop
      vertex 17.11018824728638 6.6472317066152105 26.8
      vertex 17.237436867076458 9.237436867076458 26.8
      vertex 17.237436867076458 6.762563132923542 26.8
    endloop
  endfacet
  facet normal 0 0 -1
    outer loop
      vertex 16.50799818519531 6.325354412468634 26.8
      vertex 16.50799818519531 9.674645587531366 26.8
      vertex 16.669696006638908 9.616789181894752 26.8
    endloop
  endfacet
  facet normal 0 0 -1
    outer loop
      vertex 16.669696006638908 6.3832108181052485 26.8
      vertex 16.669696006638908 9.616789181894752 26.8
      vertex 16.824944289445497 9.54336221260962 26.8
    endloop
  endfacet
  facet normal 0 0 -1
    outer loop
      vertex 16.824944289445497 6.456637787390378 26.8
      vertex 16.824944289445497 9.54336221260962 26.8
      vertex 16.972247907784304 9.455071821529454 26.8
    endloop
  endfacet
  facet normal 0 0 -1
    outer loop
      vertex 16.972247907784304 6.5449281784705455 26.8
      vertex 16.972247907784304 9.455071821529454 26.8
      vertex 17.11018824728638 9.35276829338479 26.8
    endloop
  endfacet
  facet normal 0 0 -1
    outer loop
      vertex 17.11018824728638 6.6472317066152105 26.8
      vertex 17.11018824728638 9.35276829338479 26.8
      vertex 17.237436867076458 9.237436867076458 26.8
    endloop
  endfacet
  facet normal -0.941544065183022 -0.3368898533922168 0
    outer loop
      vertex 14.383210818105248 7.330303993361093 26.8
      vertex 14.383210818105248 7.330303993361093 30
      vertex 14.325354412468634 7.492001814804691 30
    endloop
  endfacet
  facet normal -0.9891765099647808 -0.14673047445536286 0
    outer loop
      vertex 14.283625759294347 7.658591936471775 26.8
      vertex 14.283625759294347 7.658591936471775 30
      vertex 14.258426728323656 7.828470004423269 30
    endloop
  endfacet
  facet normal -0.9700312531945446 -0.2429801799032614 0
    outer loop
      vertex 14.325354412468634 7.492001814804691 26.8
      vertex 14.325354412468634 7.492001814804691 30
      vertex 14.283625759294347 7.658591936471775 30
    endloop
  endfacet
  facet normal -0.9987954562051724 -0.04906767432741925 0
    outer loop
      vertex 14.258426728323656 7.828470004423269 26.8
      vertex 14.258426728323656 7.828470004423269 30
      vertex 14.25 8 30
    endloop
  endfacet
  facet normal -0.9987954562051724 0.04906767432741899 0
    outer loop
      vertex 14.25 8 26.8
      vertex 14.25 8 30
      vertex 14.258426728323656 8.171529995576732 30
    endloop
  endfacet
  facet normal -0.9891765099647807 0.14673047445536436 0
    outer loop
      vertex 14.258426728323656 8.171529995576732 26.8
      vertex 14.258426728323656 8.171529995576732 30
      vertex 14.283625759294347 8.341408063528224 30
    endloop
  endfacet
  facet normal -0.970031253194545 0.2429801799032602 0
    outer loop
      vertex 14.283625759294347 8.341408063528224 26.8
      vertex 14.283625759294347 8.341408063528224 30
      vertex 14.325354412468634 8.507998185195309 30
    endloop
  endfacet
  facet normal -0.9415440651830214 0.33688985339221844 0
    outer loop
      vertex 14.325354412468634 8.507998185195309 26.8
      vertex 14.325354412468634 8.507998185195309 30
      vertex 14.383210818105248 8.669696006638906 30
    endloop
  endfacet
  facet normal -0.8032075314806437 -0.595699304492435 0
    outer loop
      vertex 14.64723170661521 6.88981175271362 26.8
      vertex 14.64723170661521 6.88981175271362 30
      vertex 14.544928178470546 7.027752092215696 30
    endloop
  endfacet
  facet normal -0.7409511253549578 -0.6715589548470199 0
    outer loop
      vertex 14.762563132923542 6.762563132923542 26.8
      vertex 14.762563132923542 6.762563132923542 30
      vertex 14.64723170661521 6.88981175271362 30
    endloop
  endfacet
  facet normal -0.671558954847017 -0.7409511253549603 0
    outer loop
      vertex 14.762563132923542 6.762563132923542 26.8
      vertex 14.889811752713621 6.6472317066152105 30
      vertex 14.762563132923542 6.762563132923542 30
    endloop
  endfacet
  facet normal -0.5956993044924376 -0.803207531480642 0
    outer loop
      vertex 14.889811752713621 6.6472317066152105 26.8
      vertex 15.027752092215696 6.5449281784705455 30
      vertex 14.889811752713621 6.6472317066152105 30
    endloop
  endfacet
  facet normal -0.5141027441932203 -0.857728610000273 0
    outer loop
      vertex 15.027752092215696 6.5449281784705455 26.8
      vertex 15.175055710554505 6.456637787390378 30
      vertex 15.027752092215696 6.5449281784705455 30
    endloop
  endfacet
  facet normal -0.4275550934302786 -0.9039892931234449 0
    outer loop
      vertex 15.175055710554505 6.456637787390378 26.8
      vertex 15.330303993361094 6.3832108181052485 30
      vertex 15.175055710554505 6.456637787390378 30
    endloop
  endfacet
  facet normal -0.3368898533922231 -0.9415440651830198 0
    outer loop
      vertex 15.330303993361094 6.3832108181052485 26.8
      vertex 15.492001814804691 6.325354412468634 30
      vertex 15.330303993361094 6.3832108181052485 30
    endloop
  endfacet
  facet normal -0.2429801799032602 -0.970031253194545 0
    outer loop
      vertex 15.492001814804691 6.325354412468634 26.8
      vertex 15.658591936471776 6.283625759294347 30
      vertex 15.492001814804691 6.325354412468634 30
    endloop
  endfacet
  facet normal -0.14673047445536436 -0.9891765099647807 0
    outer loop
      vertex 15.658591936471776 6.283625759294347 26.8
      vertex 15.828470004423268 6.258426728323656 30
      vertex 15.658591936471776 6.283625759294347 30
    endloop
  endfacet
  facet normal -0.8577286100002753 -0.5141027441932164 0
    outer loop
      vertex 14.544928178470546 7.027752092215696 26.8
      vertex 14.544928178470546 7.027752092215696 30
      vertex 14.45663778739038 7.1750557105545045 30
    endloop
  endfacet
  facet normal -0.90398929312344 -0.427555093430289 0
    outer loop
      vertex 14.45663778739038 7.1750557105545045 26.8
      vertex 14.45663778739038 7.1750557105545045 30
      vertex 14.383210818105248 7.330303993361093 30
    endloop
  endfacet
  facet normal -0.9039892931234409 0.427555093430287 0
    outer loop
      vertex 14.383210818105248 8.669696006638906 26.8
      vertex 14.383210818105248 8.669696006638906 30
      vertex 14.45663778739038 8.824944289445495 30
    endloop
  endfacet
  facet normal -0.8577286100002753 0.5141027441932164 0
    outer loop
      vertex 14.45663778739038 8.824944289445495 26.8
      vertex 14.45663778739038 8.824944289445495 30
      vertex 14.544928178470546 8.972247907784304 30
    endloop
  endfacet
  facet normal -0.803207531480642 0.5956993044924376 0
    outer loop
      vertex 14.544928178470546 8.972247907784304 26.8
      vertex 14.544928178470546 8.972247907784304 30
      vertex 14.64723170661521 9.110188247286379 30
    endloop
  endfacet
  facet normal -0.7409511253549578 0.6715589548470199 0
    outer loop
      vertex 14.64723170661521 9.110188247286379 26.8
      vertex 14.64723170661521 9.110188247286379 30
      vertex 14.762563132923542 9.237436867076458 30
    endloop
  endfacet
  facet normal -0.04906767432741899 -0.9987954562051724 0
    outer loop
      vertex 15.828470004423268 6.258426728323656 26.8
      vertex 16 6.25 30
      vertex 15.828470004423268 6.258426728323656 30
    endloop
  endfacet
  facet normal 0.0490676743274195 -0.9987954562051724 0
    outer loop
      vertex 16 6.25 26.8
      vertex 16.17152999557673 6.258426728323656 30
      vertex 16 6.25 30
    endloop
  endfacet
  facet normal 0.14673047445536286 -0.9891765099647808 0
    outer loop
      vertex 16.17152999557673 6.258426728323656 26.8
      vertex 16.341408063528224 6.283625759294347 30
      vertex 16.17152999557673 6.258426728323656 30
    endloop
  endfacet
  facet normal 0.2429801799032602 -0.970031253194545 0
    outer loop
      vertex 16.341408063528224 6.283625759294347 26.8
      vertex 16.50799818519531 6.325354412468634 30
      vertex 16.341408063528224 6.283625759294347 30
    endloop
  endfacet
  facet normal 0.3368898533922197 -0.9415440651830208 0
    outer loop
      vertex 16.50799818519531 6.325354412468634 26.8
      vertex 16.669696006638908 6.3832108181052485 30
      vertex 16.50799818519531 6.325354412468634 30
    endloop
  endfacet
  facet normal 0.4275550934302786 -0.9039892931234449 0
    outer loop
      vertex 16.669696006638908 6.3832108181052485 26.8
      vertex 16.824944289445497 6.456637787390378 30
      vertex 16.669696006638908 6.3832108181052485 30
    endloop
  endfacet
  facet normal 0.5141027441932248 -0.8577286100002702 0
    outer loop
      vertex 16.824944289445497 6.456637787390378 26.8
      vertex 16.972247907784304 6.5449281784705455 30
      vertex 16.824944289445497 6.456637787390378 30
    endloop
  endfacet
  facet normal 0.5956993044924326 -0.8032075314806456 0
    outer loop
      vertex 16.972247907784304 6.5449281784705455 26.8
      vertex 17.11018824728638 6.6472317066152105 30
      vertex 16.972247907784304 6.5449281784705455 30
    endloop
  endfacet
  facet normal 0.6715589548470222 -0.7409511253549557 0
    outer loop
      vertex 17.11018824728638 6.6472317066152105 26.8
      vertex 17.237436867076458 6.762563132923542 30
      vertex 17.11018824728638 6.6472317066152105 30
    endloop
  endfacet
  facet normal -0.6715589548470199 0.7409511253549578 0
    outer loop
      vertex 14.762563132923542 9.237436867076458 26.8
      vertex 14.762563132923542 9.237436867076458 30
      vertex 14.889811752713621 9.35276829338479 26.8
    endloop
  endfacet
  facet normal -0.5956993044924376 0.803207531480642 0
    outer loop
      vertex 14.889811752713621 9.35276829338479 26.8
      vertex 14.889811752713621 9.35276829338479 30
      vertex 15.027752092215696 9.455071821529454 26.8
    endloop
  endfacet
  facet normal -0.5141027441932164 0.8577286100002753 0
    outer loop
      vertex 15.027752092215696 9.455071821529454 26.8
      vertex 15.027752092215696 9.455071821529454 30
      vertex 15.175055710554505 9.54336221260962 26.8
    endloop
  endfacet
  facet normal -0.427555093430287 0.9039892931234409 0
    outer loop
      vertex 15.175055710554505 9.54336221260962 26.8
      vertex 15.175055710554505 9.54336221260962 30
      vertex 15.330303993361094 9.616789181894752 26.8
    endloop
  endfacet
  facet normal -0.33688985339221844 0.9415440651830214 0
    outer loop
      vertex 15.330303993361094 9.616789181894752 26.8
      vertex 15.330303993361094 9.616789181894752 30
      vertex 15.492001814804691 9.674645587531366 26.8
    endloop
  endfacet
  facet normal -0.2429801799032602 0.970031253194545 0
    outer loop
      vertex 15.492001814804691 9.674645587531366 26.8
      vertex 15.492001814804691 9.674645587531366 30
      vertex 15.658591936471776 9.716374240705653 26.8
    endloop
  endfacet
  facet normal -0.14673047445536436 0.9891765099647807 0
    outer loop
      vertex 15.658591936471776 9.716374240705653 26.8
      vertex 15.658591936471776 9.716374240705653 30
      vertex 15.828470004423268 9.741573271676344 26.8
    endloop
  endfacet
  facet normal -0.04906767432741899 0.9987954562051724 0
    outer loop
      vertex 15.828470004423268 9.741573271676344 26.8
      vertex 15.828470004423268 9.741573271676344 30
      vertex 16 9.75 26.8
    endloop
  endfacet
  facet normal 0.0490676743274195 0.9987954562051724 0
    outer loop
      vertex 16 9.75 26.8
      vertex 16 9.75 30
      vertex 16.17152999557673 9.741573271676344 26.8
    endloop
  endfacet
  facet normal 0.14673047445536286 0.9891765099647808 0
    outer loop
      vertex 16.17152999557673 9.741573271676344 26.8
      vertex 16.17152999557673 9.741573271676344 30
      vertex 16.341408063528224 9.716374240705653 26.8
    endloop
  endfacet
  facet normal 0.2429801799032602 0.970031253194545 0
    outer loop
      vertex 16.341408063528224 9.716374240705653 26.8
      vertex 16.341408063528224 9.716374240705653 30
      vertex 16.50799818519531 9.674645587531366 26.8
    endloop
  endfacet
  facet normal 0.33688985339221517 0.9415440651830225 0
    outer loop
      vertex 16.50799818519531 9.674645587531366 26.8
      vertex 16.50799818519531 9.674645587531366 30
      vertex 16.669696006638908 9.616789181894752 26.8
    endloop
  endfacet
  facet normal 0.5141027441932209 0.8577286100002725 0
    outer loop
      vertex 16.824944289445497 9.54336221260962 26.8
      vertex 16.824944289445497 9.54336221260962 30
      vertex 16.972247907784304 9.455071821529454 26.8
    endloop
  endfacet
  facet normal 0.427555093430287 0.9039892931234409 0
    outer loop
      vertex 16.669696006638908 9.616789181894752 26.8
      vertex 16.669696006638908 9.616789181894752 30
      vertex 16.824944289445497 9.54336221260962 26.8
    endloop
  endfacet
  facet normal 0.5956993044924326 0.8032075314806456 0
    outer loop
      vertex 16.972247907784304 9.455071821529454 26.8
      vertex 16.972247907784304 9.455071821529454 30
      vertex 17.11018824728638 9.35276829338479 26.8
    endloop
  endfacet
  facet normal 0.671558954847025 0.7409511253549531 0
    outer loop
      vertex 17.237436867076458 9.237436867076458 26.8
      vertex 17.11018824728638 9.35276829338479 26.8
      vertex 17.11018824728638 9.35276829338479 30
    endloop
  endfacet
  facet normal -0.6715589548470199 0.7409511253549578 0
    outer loop
      vertex 14.762563132923542 9.237436867076458 30
      vertex 14.889811752713621 9.35276829338479 30
      vertex 14.889811752713621 9.35276829338479 26.8
    endloop
  endfacet
  facet normal -0.5956993044924376 0.803207531480642 0
    outer loop
      vertex 15.027752092215696 9.455071821529454 26.8
      vertex 14.889811752713621 9.35276829338479 30
      vertex 15.027752092215696 9.455071821529454 30
    endloop
  endfacet
  facet normal -0.5141027441932164 0.8577286100002753 0
    outer loop
      vertex 15.175055710554505 9.54336221260962 26.8
      vertex 15.027752092215696 9.455071821529454 30
      vertex 15.175055710554505 9.54336221260962 30
    endloop
  endfacet
  facet normal -0.427555093430287 0.9039892931234409 0
    outer loop
      vertex 15.330303993361094 9.616789181894752 26.8
      vertex 15.175055710554505 9.54336221260962 30
      vertex 15.330303993361094 9.616789181894752 30
    endloop
  endfacet
  facet normal -0.33688985339221844 0.9415440651830214 0
    outer loop
      vertex 15.492001814804691 9.674645587531366 26.8
      vertex 15.330303993361094 9.616789181894752 30
      vertex 15.492001814804691 9.674645587531366 30
    endloop
  endfacet
  facet normal -0.2429801799032602 0.970031253194545 0
    outer loop
      vertex 15.658591936471776 9.716374240705653 26.8
      vertex 15.492001814804691 9.674645587531366 30
      vertex 15.658591936471776 9.716374240705653 30
    endloop
  endfacet
  facet normal -0.14673047445536436 0.9891765099647807 0
    outer loop
      vertex 15.828470004423268 9.741573271676344 26.8
      vertex 15.658591936471776 9.716374240705653 30
      vertex 15.828470004423268 9.741573271676344 30
    endloop
  endfacet
  facet normal -0.04906767432741899 0.9987954562051724 0
    outer loop
      vertex 16 9.75 26.8
      vertex 15.828470004423268 9.741573271676344 30
      vertex 16 9.75 30
    endloop
  endfacet
  facet normal 0.0490676743274195 0.9987954562051724 0
    outer loop
      vertex 16.17152999557673 9.741573271676344 26.8
      vertex 16 9.75 30
      vertex 16.17152999557673 9.741573271676344 30
    endloop
  endfacet
  facet normal 0.14673047445536286 0.9891765099647808 0
    outer loop
      vertex 16.341408063528224 9.716374240705653 26.8
      vertex 16.17152999557673 9.741573271676344 30
      vertex 16.341408063528224 9.716374240705653 30
    endloop
  endfacet
  facet normal 0.2429801799032602 0.970031253194545 0
    outer loop
      vertex 16.50799818519531 9.674645587531366 26.8
      vertex 16.341408063528224 9.716374240705653 30
      vertex 16.50799818519531 9.674645587531366 30
    endloop
  endfacet
  facet normal 0.33688985339221517 0.9415440651830225 0
    outer loop
      vertex 16.669696006638908 9.616789181894752 26.8
      vertex 16.50799818519531 9.674645587531366 30
      vertex 16.669696006638908 9.616789181894752 30
    endloop
  endfacet
  facet normal 0.427555093430287 0.9039892931234409 0
    outer loop
      vertex 16.824944289445497 9.54336221260962 26.8
      vertex 16.669696006638908 9.616789181894752 30
      vertex 16.824944289445497 9.54336221260962 30
    endloop
  endfacet
  facet normal 0.5141027441932209 0.8577286100002725 0
    outer loop
      vertex 16.972247907784304 9.455071821529454 26.8
      vertex 16.824944289445497 9.54336221260962 30
      vertex 16.972247907784304 9.455071821529454 30
    endloop
  endfacet
  facet normal 0.5956993044924326 0.8032075314806456 0
    outer loop
      vertex 17.11018824728638 9.35276829338479 26.8
      vertex 16.972247907784304 9.455071821529454 30
      vertex 17.11018824728638 9.35276829338479 30
    endloop
  endfacet
  facet normal 0.671558954847025 0.7409511253549531 0
    outer loop
      vertex 17.237436867076458 9.237436867076458 26.8
      vertex 17.11018824728638 9.35276829338479 30
      vertex 17.237436867076458 9.237436867076458 30
    endloop
  endfacet
  facet normal 0.7409511253549526 -0.6715589548470255 0
    outer loop
      vertex 17.237436867076458 6.762563132923542 26.8
      vertex 17.35276829338479 6.88981175271362 26.8
      vertex 17.237436867076458 6.762563132923542 30
    endloop
  endfacet
  facet normal 0.8032075314806486 -0.5956993044924282 0
    outer loop
      vertex 17.35276829338479 6.88981175271362 26.8
      vertex 17.455071821529454 7.027752092215696 26.8
      vertex 17.35276829338479 6.88981175271362 30
    endloop
  endfacet
  facet normal 0 0 -1
    outer loop
      vertex 17.237436867076458 6.762563132923542 26.8
      vertex 17.35276829338479 9.110188247286379 26.8
      vertex 17.35276829338479 6.88981175271362 26.8
    endloop
  endfacet
  facet normal 0 0 -1
    outer loop
      vertex 17.35276829338479 6.88981175271362 26.8
      vertex 17.455071821529454 8.972247907784304 26.8
      vertex 17.455071821529454 7.027752092215696 26.8
    endloop
  endfacet
  facet normal 0 0 -1
    outer loop
      vertex 17.455071821529454 7.027752092215696 26.8
      vertex 17.543362212609622 8.824944289445495 26.8
      vertex 17.543362212609622 7.1750557105545045 26.8
    endloop
  endfacet
  facet normal 0 0 -1
    outer loop
      vertex 17.543362212609622 7.1750557105545045 26.8
      vertex 17.616789181894752 8.669696006638906 26.8
      vertex 17.616789181894752 7.330303993361093 26.8
    endloop
  endfacet
  facet normal 0 0 -1
    outer loop
      vertex 17.616789181894752 7.330303993361093 26.8
      vertex 17.674645587531366 8.507998185195309 26.8
      vertex 17.674645587531366 7.492001814804691 26.8
    endloop
  endfacet
  facet normal 0 0 -1
    outer loop
      vertex 17.674645587531366 7.492001814804691 26.8
      vertex 17.716374240705655 8.341408063528224 26.8
      vertex 17.716374240705655 7.658591936471775 26.8
    endloop
  endfacet
  facet normal 0 0 -1
    outer loop
      vertex 17.716374240705655 7.658591936471775 26.8
      vertex 17.741573271676344 8.171529995576732 26.8
      vertex 17.741573271676344 7.828470004423269 26.8
    endloop
  endfacet
  facet normal 0 0 -1
    outer loop
      vertex 17.716374240705655 7.658591936471775 26.8
      vertex 17.716374240705655 8.341408063528224 26.8
      vertex 17.741573271676344 8.171529995576732 26.8
    endloop
  endfacet
  facet normal 0 0 -1
    outer loop
      vertex 17.741573271676344 7.828470004423269 26.8
      vertex 17.741573271676344 8.171529995576732 26.8
      vertex 17.75 8 26.8
    endloop
  endfacet
  facet normal 0 0 -1
    outer loop
      vertex 17.237436867076458 6.762563132923542 26.8
      vertex 17.237436867076458 9.237436867076458 26.8
      vertex 17.35276829338479 9.110188247286379 26.8
    endloop
  endfacet
  facet normal 0 0 -1
    outer loop
      vertex 17.35276829338479 6.88981175271362 26.8
      vertex 17.35276829338479 9.110188247286379 26.8
      vertex 17.455071821529454 8.972247907784304 26.8
    endloop
  endfacet
  facet normal 0 0 -1
    outer loop
      vertex 17.455071821529454 7.027752092215696 26.8
      vertex 17.455071821529454 8.972247907784304 26.8
      vertex 17.543362212609622 8.824944289445495 26.8
    endloop
  endfacet
  facet normal 0 0 -1
    outer loop
      vertex 17.543362212609622 7.1750557105545045 26.8
      vertex 17.543362212609622 8.824944289445495 26.8
      vertex 17.616789181894752 8.669696006638906 26.8
    endloop
  endfacet
  facet normal 0 0 -1
    outer loop
      vertex 17.616789181894752 7.330303993361093 26.8
      vertex 17.616789181894752 8.669696006638906 26.8
      vertex 17.674645587531366 8.507998185195309 26.8
    endloop
  endfacet
  facet normal 0 0 -1
    outer loop
      vertex 17.674645587531366 7.492001814804691 26.8
      vertex 17.674645587531366 8.507998185195309 26.8
      vertex 17.716374240705655 8.341408063528224 26.8
    endloop
  endfacet
  facet normal 0.8577286100002707 -0.514102744193224 0
    outer loop
      vertex 17.455071821529454 7.027752092215696 26.8
      vertex 17.543362212609622 7.1750557105545045 26.8
      vertex 17.455071821529454 7.027752092215696 30
    endloop
  endfacet
  facet normal 0.903989293123444 -0.4275550934302806 0
    outer loop
      vertex 17.543362212609622 7.1750557105545045 26.8
      vertex 17.616789181894752 7.330303993361093 26.8
      vertex 17.543362212609622 7.1750557105545045 30
    endloop
  endfacet
  facet normal 0.941544065183022 -0.3368898533922168 0
    outer loop
      vertex 17.616789181894752 7.330303993361093 26.8
      vertex 17.674645587531366 7.492001814804691 26.8
      vertex 17.616789181894752 7.330303993361093 30
    endloop
  endfacet
  facet normal 0.9700312531945421 -0.24298017990327112 0
    outer loop
      vertex 17.674645587531366 7.492001814804691 26.8
      vertex 17.716374240705655 7.658591936471775 26.8
      vertex 17.674645587531366 7.492001814804691 30
    endloop
  endfacet
  facet normal 0.9891765099647823 -0.14673047445535276 0
    outer loop
      vertex 17.716374240705655 7.658591936471775 26.8
      vertex 17.741573271676344 7.828470004423269 26.8
      vertex 17.716374240705655 7.658591936471775 30
    endloop
  endfacet
  facet normal 0.9987954562051724 -0.04906767432741925 0
    outer loop
      vertex 17.741573271676344 7.828470004423269 26.8
      vertex 17.75 8 26.8
      vertex 17.741573271676344 7.828470004423269 30
    endloop
  endfacet
  facet normal 0.9987954562051724 0.04906767432741899 0
    outer loop
      vertex 17.75 8 26.8
      vertex 17.741573271676344 8.171529995576732 26.8
      vertex 17.75 8 30
    endloop
  endfacet
  facet normal 0.7409511253549526 0.6715589548470255 0
    outer loop
      vertex 17.237436867076458 9.237436867076458 26.8
      vertex 17.35276829338479 9.110188247286379 30
      vertex 17.35276829338479 9.110188247286379 26.8
    endloop
  endfacet
  facet normal 0.8032075314806467 0.5956993044924307 0
    outer loop
      vertex 17.35276829338479 9.110188247286379 26.8
      vertex 17.455071821529454 8.972247907784304 30
      vertex 17.455071821529454 8.972247907784304 26.8
    endloop
  endfacet
  facet normal 0.8577286100002707 0.514102744193224 0
    outer loop
      vertex 17.543362212609622 8.824944289445495 26.8
      vertex 17.455071821529454 8.972247907784304 26.8
      vertex 17.543362212609622 8.824944289445495 30
    endloop
  endfacet
  facet normal 0.9039892931234449 0.4275550934302786 0
    outer loop
      vertex 17.543362212609622 8.824944289445495 26.8
      vertex 17.616789181894752 8.669696006638906 30
      vertex 17.616789181894752 8.669696006638906 26.8
    endloop
  endfacet
  facet normal 0.989176509964782 0.14673047445535423 0
    outer loop
      vertex 17.741573271676344 8.171529995576732 26.8
      vertex 17.716374240705655 8.341408063528224 26.8
      vertex 17.741573271676344 8.171529995576732 30
    endloop
  endfacet
  facet normal 0.9415440651830214 0.33688985339221844 0
    outer loop
      vertex 17.674645587531366 8.507998185195309 26.8
      vertex 17.616789181894752 8.669696006638906 26.8
      vertex 17.674645587531366 8.507998185195309 30
    endloop
  endfacet
  facet normal 0.9700312531945424 0.24298017990326992 0
    outer loop
      vertex 17.716374240705655 8.341408063528224 26.8
      vertex 17.674645587531366 8.507998185195309 26.8
      vertex 17.716374240705655 8.341408063528224 30
    endloop
  endfacet
  facet normal 0.7409511253549526 -0.6715589548470255 0
    outer loop
      vertex 17.237436867076458 6.762563132923542 30
      vertex 17.35276829338479 6.88981175271362 26.8
      vertex 17.35276829338479 6.88981175271362 30
    endloop
  endfacet
  facet normal 0.8032075314806486 -0.5956993044924282 0
    outer loop
      vertex 17.455071821529454 7.027752092215696 26.8
      vertex 17.455071821529454 7.027752092215696 30
      vertex 17.35276829338479 6.88981175271362 30
    endloop
  endfacet
  facet normal 0.8577286100002707 -0.514102744193224 0
    outer loop
      vertex 17.543362212609622 7.1750557105545045 26.8
      vertex 17.543362212609622 7.1750557105545045 30
      vertex 17.455071821529454 7.027752092215696 30
    endloop
  endfacet
  facet normal 0.903989293123444 -0.4275550934302806 0
    outer loop
      vertex 17.616789181894752 7.330303993361093 26.8
      vertex 17.616789181894752 7.330303993361093 30
      vertex 17.543362212609622 7.1750557105545045 30
    endloop
  endfacet
  facet normal 0.941544065183022 -0.3368898533922168 0
    outer loop
      vertex 17.674645587531366 7.492001814804691 26.8
      vertex 17.674645587531366 7.492001814804691 30
      vertex 17.616789181894752 7.330303993361093 30
    endloop
  endfacet
  facet normal 0.9700312531945421 -0.24298017990327112 0
    outer loop
      vertex 17.716374240705655 7.658591936471775 26.8
      vertex 17.716374240705655 7.658591936471775 30
      vertex 17.674645587531366 7.492001814804691 30
    endloop
  endfacet
  facet normal 0.9891765099647823 -0.14673047445535276 0
    outer loop
      vertex 17.741573271676344 7.828470004423269 26.8
      vertex 17.741573271676344 7.828470004423269 30
      vertex 17.716374240705655 7.658591936471775 30
    endloop
  endfacet
  facet normal 0.9987954562051724 -0.04906767432741925 0
    outer loop
      vertex 17.75 8 26.8
      vertex 17.75 8 30
      vertex 17.741573271676344 7.828470004423269 30
    endloop
  endfacet
  facet normal 0.7409511253549526 0.6715589548470255 0
    outer loop
      vertex 17.237436867076458 9.237436867076458 26.8
      vertex 17.237436867076458 9.237436867076458 30
      vertex 17.35276829338479 9.110188247286379 30
    endloop
  endfacet
  facet normal 0.8032075314806467 0.5956993044924307 0
    outer loop
      vertex 17.35276829338479 9.110188247286379 26.8
      vertex 17.35276829338479 9.110188247286379 30
      vertex 17.455071821529454 8.972247907784304 30
    endloop
  endfacet
  facet normal 0.8577286100002707 0.514102744193224 0
    outer loop
      vertex 17.455071821529454 8.972247907784304 26.8
      vertex 17.455071821529454 8.972247907784304 30
      vertex 17.543362212609622 8.824944289445495 30
    endloop
  endfacet
  facet normal 0.9039892931234449 0.4275550934302786 0
    outer loop
      vertex 17.543362212609622 8.824944289445495 26.8
      vertex 17.543362212609622 8.824944289445495 30
      vertex 17.616789181894752 8.669696006638906 30
    endloop
  endfacet
  facet normal 0.9987954562051724 0.04906767432741899 0
    outer loop
      vertex 17.741573271676344 8.171529995576732 26.8
      vertex 17.741573271676344 8.171529995576732 30
      vertex 17.75 8 30
    endloop
  endfacet
  facet normal 0.989176509964782 0.14673047445535423 0
    outer loop
      vertex 17.716374240705655 8.341408063528224 26.8
      vertex 17.716374240705655 8.341408063528224 30
      vertex 17.741573271676344 8.171529995576732 30
    endloop
  endfacet
  facet normal 0.9700312531945424 0.24298017990326992 0
    outer loop
      vertex 17.674645587531366 8.507998185195309 26.8
      vertex 17.674645587531366 8.507998185195309 30
      vertex 17.716374240705655 8.341408063528224 30
    endloop
  endfacet
  facet normal 0.9415440651830214 0.33688985339221844 0
    outer loop
      vertex 17.616789181894752 8.669696006638906 26.8
      vertex 17.616789181894752 8.669696006638906 30
      vertex 17.674645587531366 8.507998185195309 30
    endloop
  endfacet
  facet normal -1 0 0
    outer loop
      vertex -10.85 -35 26.4
      vertex -10.85 -33 30
      vertex -10.85 -33 26.4
    endloop
  endfacet
  facet normal -1 0 0
    outer loop
      vertex -10.85 -35 26.4
      vertex -10.85 -35 30
      vertex -10.85 -33 30
    endloop
  endfacet
  facet normal 0 0 -1
    outer loop
      vertex -10.85 -35 26.4
      vertex -10.85 -33 26.4
      vertex 10.85 -33 26.4
    endloop
  endfacet
  facet normal 0 1 0
    outer loop
      vertex -10.85 -33 26.4
      vertex -10.85 -33 30
      vertex 10.85 -33 26.4
    endloop
  endfacet
  facet normal 0 0 -1
    outer loop
      vertex -10.85 -35 26.4
      vertex 10.85 -33 26.4
      vertex 10.85 -35 26.4
    endloop
  endfacet
  facet normal 0 1 0
    outer loop
      vertex -10.85 -33 30
      vertex 10.85 -33 30
      vertex 10.85 -33 26.4
    endloop
  endfacet
  facet normal 1 0 0
    outer loop
      vertex 10.85 -35 26.4
      vertex 10.85 -33 26.4
      vertex 10.85 -35 30
    endloop
  endfacet
  facet normal 1 0 0
    outer loop
      vertex 10.85 -33 26.4
      vertex 10.85 -33 30
      vertex 10.85 -35 30
    endloop
  endfacet
  facet normal 0.8577286100002874 0.5141027441931961 0
    outer loop
      vertex -18.935403313840364 -32.625016512147056 30
      vertex -18.9921614223919 -32.53032132892925 30
      vertex -18.9921614223919 -32.53032132892925 32.2
    endloop
  endfacet
  facet normal 0.9039892931234477 0.4275550934302731 0
    outer loop
      vertex -18.9921614223919 -32.53032132892925 30
      vertex -19.039364474075196 -32.430518861410725 30
      vertex -19.039364474075196 -32.430518861410725 32.2
    endloop
  endfacet
  facet normal 0.8032075314806197 0.5956993044924674 0
    outer loop
      vertex -18.869636760033078 -32.7136924446841 30
      vertex -18.935403313840364 -32.625016512147056 30
      vertex -18.935403313840364 -32.625016512147056 32.2
    endloop
  endfacet
  facet normal 0.7409511253549652 0.6715589548470116 0
    outer loop
      vertex -18.795495128834865 -32.795495128834865 30
      vertex -18.869636760033078 -32.7136924446841 30
      vertex -18.869636760033078 -32.7136924446841 32.2
    endloop
  endfacet
  facet normal 0.6715589548470453 0.7409511253549348 0
    outer loop
      vertex -18.713692444684103 -32.86963676003308 30
      vertex -18.795495128834865 -32.795495128834865 30
      vertex -18.795495128834865 -32.795495128834865 32.2
    endloop
  endfacet
  facet normal 0.9415440651830105 0.3368898533922491 0
    outer loop
      vertex -19.039364474075196 -32.430518861410725 30
      vertex -19.076557877698736 -32.32657026191127 32.2
      vertex -19.039364474075196 -32.430518861410725 32.2
    endloop
  endfacet
  facet normal 0.8032075314806197 0.5956993044924674 0
    outer loop
      vertex -18.869636760033078 -32.7136924446841 30
      vertex -18.935403313840364 -32.625016512147056 32.2
      vertex -18.869636760033078 -32.7136924446841 32.2
    endloop
  endfacet
  facet normal 0.9039892931234477 0.4275550934302731 0
    outer loop
      vertex -19.039364474075196 -32.430518861410725 32.2
      vertex -18.9921614223919 -32.53032132892925 32.2
      vertex -18.9921614223919 -32.53032132892925 30
    endloop
  endfacet
  facet normal 0.8577286100002874 0.5141027441931961 0
    outer loop
      vertex -18.935403313840364 -32.625016512147056 30
      vertex -18.9921614223919 -32.53032132892925 32.2
      vertex -18.935403313840364 -32.625016512147056 32.2
    endloop
  endfacet
  facet normal 0.7409511253549652 0.6715589548470116 0
    outer loop
      vertex -18.795495128834865 -32.795495128834865 30
      vertex -18.869636760033078 -32.7136924446841 32.2
      vertex -18.795495128834865 -32.795495128834865 32.2
    endloop
  endfacet
  facet normal 0.6715589548470453 0.7409511253549348 0
    outer loop
      vertex -18.713692444684103 -32.86963676003308 30
      vertex -18.795495128834865 -32.795495128834865 32.2
      vertex -18.713692444684103 -32.86963676003308 32.2
    endloop
  endfacet
  facet normal 0.5141027441932577 0.8577286100002505 0
    outer loop
      vertex -18.625016512147052 -32.93540331384036 30
      vertex -18.625016512147052 -32.93540331384036 32.2
      vertex -18.530321328929247 -32.9921614223919 30
    endloop
  endfacet
  facet normal 0.4275550934302731 0.9039892931234477 0
    outer loop
      vertex -18.530321328929247 -32.9921614223919 30
      vertex -18.530321328929247 -32.9921614223919 32.2
      vertex -18.430518861410725 -33.0393644740752 30
    endloop
  endfacet
  facet normal 0.336889853392192 0.9415440651830309 0
    outer loop
      vertex -18.430518861410725 -33.0393644740752 30
      vertex -18.430518861410725 -33.0393644740752 32.2
      vertex -18.32657026191127 -33.07655787769873 30
    endloop
  endfacet
  facet normal 0.5956993044923952 0.8032075314806733 0
    outer loop
      vertex -18.713692444684103 -32.86963676003308 30
      vertex -18.713692444684103 -32.86963676003308 32.2
      vertex -18.625016512147052 -32.93540331384036 30
    endloop
  endfacet
  facet normal 0.24298017990327855 0.9700312531945403 0
    outer loop
      vertex -18.32657026191127 -33.07655787769873 30
      vertex -18.32657026191127 -33.07655787769873 32.2
      vertex -18.219476612268146 -33.103383440453634 30
    endloop
  endfacet
  facet normal 0.14673047445535722 0.9891765099647816 0
    outer loop
      vertex -18.219476612268146 -33.103383440453634 30
      vertex -18.219476612268146 -33.103383440453634 32.2
      vertex -18.110269282870757 -33.11958281750622 30
    endloop
  endfacet
  facet normal 0.04906767432742788 0.9987954562051718 0
    outer loop
      vertex -18.110269282870757 -33.11958281750622 30
      vertex -18.110269282870757 -33.11958281750622 32.2
      vertex -18 -33.125 30
    endloop
  endfacet
  facet normal -0.04906767432742788 0.9987954562051718 0
    outer loop
      vertex -18 -33.125 30
      vertex -18 -33.125 32.2
      vertex -17.889730717129243 -33.11958281750622 30
    endloop
  endfacet
  facet normal -0.14673047445535722 0.9891765099647816 0
    outer loop
      vertex -17.889730717129243 -33.11958281750622 30
      vertex -17.889730717129243 -33.11958281750622 32.2
      vertex -17.780523387731854 -33.103383440453634 30
    endloop
  endfacet
  facet normal -0.24298017990327855 0.9700312531945403 0
    outer loop
      vertex -17.780523387731854 -33.103383440453634 30
      vertex -17.780523387731854 -33.103383440453634 32.2
      vertex -17.67342973808873 -33.07655787769873 30
    endloop
  endfacet
  facet normal -0.336889853392192 0.9415440651830309 0
    outer loop
      vertex -17.67342973808873 -33.07655787769873 30
      vertex -17.67342973808873 -33.07655787769873 32.2
      vertex -17.569481138589275 -33.0393644740752 30
    endloop
  endfacet
  facet normal -0.4275550934302731 0.9039892931234477 0
    outer loop
      vertex -17.569481138589275 -33.0393644740752 30
      vertex -17.569481138589275 -33.0393644740752 32.2
      vertex -17.469678671070753 -32.9921614223919 30
    endloop
  endfacet
  facet normal -0.5141027441932577 0.8577286100002505 0
    outer loop
      vertex -17.469678671070753 -32.9921614223919 30
      vertex -17.469678671070753 -32.9921614223919 32.2
      vertex -17.374983487852948 -32.93540331384036 30
    endloop
  endfacet
  facet normal -0.5956993044923952 0.8032075314806733 0
    outer loop
      vertex -17.374983487852948 -32.93540331384036 30
      vertex -17.374983487852948 -32.93540331384036 32.2
      vertex -17.286307555315897 -32.86963676003308 30
    endloop
  endfacet
  facet normal -0.6715589548470453 0.7409511253549348 0
    outer loop
      vertex -17.286307555315897 -32.86963676003308 30
      vertex -17.286307555315897 -32.86963676003308 32.2
      vertex -17.204504871165135 -32.795495128834865 30
    endloop
  endfacet
  facet normal 0.5141027441932577 0.8577286100002505 0
    outer loop
      vertex -18.530321328929247 -32.9921614223919 30
      vertex -18.625016512147052 -32.93540331384036 32.2
      vertex -18.530321328929247 -32.9921614223919 32.2
    endloop
  endfacet
  facet normal 0.4275550934302731 0.9039892931234477 0
    outer loop
      vertex -18.430518861410725 -33.0393644740752 30
      vertex -18.530321328929247 -32.9921614223919 32.2
      vertex -18.430518861410725 -33.0393644740752 32.2
    endloop
  endfacet
  facet normal 0.336889853392192 0.9415440651830309 0
    outer loop
      vertex -18.32657026191127 -33.07655787769873 30
      vertex -18.430518861410725 -33.0393644740752 32.2
      vertex -18.32657026191127 -33.07655787769873 32.2
    endloop
  endfacet
  facet normal 0.5956993044923952 0.8032075314806733 0
    outer loop
      vertex -18.625016512147052 -32.93540331384036 30
      vertex -18.713692444684103 -32.86963676003308 32.2
      vertex -18.625016512147052 -32.93540331384036 32.2
    endloop
  endfacet
  facet normal 0.24298017990327855 0.9700312531945403 0
    outer loop
      vertex -18.219476612268146 -33.103383440453634 30
      vertex -18.32657026191127 -33.07655787769873 32.2
      vertex -18.219476612268146 -33.103383440453634 32.2
    endloop
  endfacet
  facet normal 0.14673047445535722 0.9891765099647816 0
    outer loop
      vertex -18.110269282870757 -33.11958281750622 30
      vertex -18.219476612268146 -33.103383440453634 32.2
      vertex -18.110269282870757 -33.11958281750622 32.2
    endloop
  endfacet
  facet normal 0.04906767432742788 0.9987954562051718 0
    outer loop
      vertex -18 -33.125 30
      vertex -18.110269282870757 -33.11958281750622 32.2
      vertex -18 -33.125 32.2
    endloop
  endfacet
  facet normal -0.04906767432742788 0.9987954562051718 0
    outer loop
      vertex -17.889730717129243 -33.11958281750622 30
      vertex -18 -33.125 32.2
      vertex -17.889730717129243 -33.11958281750622 32.2
    endloop
  endfacet
  facet normal -0.14673047445535722 0.9891765099647816 0
    outer loop
      vertex -17.780523387731854 -33.103383440453634 30
      vertex -17.889730717129243 -33.11958281750622 32.2
      vertex -17.780523387731854 -33.103383440453634 32.2
    endloop
  endfacet
  facet normal -0.24298017990327855 0.9700312531945403 0
    outer loop
      vertex -17.67342973808873 -33.07655787769873 30
      vertex -17.780523387731854 -33.103383440453634 32.2
      vertex -17.67342973808873 -33.07655787769873 32.2
    endloop
  endfacet
  facet normal -0.336889853392192 0.9415440651830309 0
    outer loop
      vertex -17.569481138589275 -33.0393644740752 30
      vertex -17.67342973808873 -33.07655787769873 32.2
      vertex -17.569481138589275 -33.0393644740752 32.2
    endloop
  endfacet
  facet normal -0.4275550934302731 0.9039892931234477 0
    outer loop
      vertex -17.469678671070753 -32.9921614223919 30
      vertex -17.569481138589275 -33.0393644740752 32.2
      vertex -17.469678671070753 -32.9921614223919 32.2
    endloop
  endfacet
  facet normal -0.5141027441932577 0.8577286100002505 0
    outer loop
      vertex -17.374983487852948 -32.93540331384036 30
      vertex -17.469678671070753 -32.9921614223919 32.2
      vertex -17.374983487852948 -32.93540331384036 32.2
    endloop
  endfacet
  facet normal -0.5956993044923952 0.8032075314806733 0
    outer loop
      vertex -17.286307555315897 -32.86963676003308 30
      vertex -17.374983487852948 -32.93540331384036 32.2
      vertex -17.286307555315897 -32.86963676003308 32.2
    endloop
  endfacet
  facet normal 0.9700312531945479 0.24298017990324827 0
    outer loop
      vertex -19.076557877698736 -32.32657026191127 30
      vertex -19.103383440453634 -32.219476612268146 30
      vertex -19.103383440453634 -32.219476612268146 32.2
    endloop
  endfacet
  facet normal 0.9415440651830105 0.3368898533922491 0
    outer loop
      vertex -19.039364474075196 -32.430518861410725 30
      vertex -19.076557877698736 -32.32657026191127 30
      vertex -19.076557877698736 -32.32657026191127 32.2
    endloop
  endfacet
  facet normal 0.9891765099647825 0.14673047445535256 0
    outer loop
      vertex -19.103383440453634 -32.219476612268146 30
      vertex -19.11958281750622 -32.11026928287075 30
      vertex -19.11958281750622 -32.11026928287075 32.2
    endloop
  endfacet
  facet normal 0.9987954562051717 0.04906767432742945 0
    outer loop
      vertex -19.11958281750622 -32.11026928287075 30
      vertex -19.125 -32 30
      vertex -19.125 -32 32.2
    endloop
  endfacet
  facet normal 0.9987954562051718 -0.04906767432742788 0
    outer loop
      vertex -19.125 -32 30
      vertex -19.11958281750622 -31.889730717129243 30
      vertex -19.11958281750622 -31.889730717129243 32.2
    endloop
  endfacet
  facet normal 0.9891765099647816 -0.14673047445535722 0
    outer loop
      vertex -19.11958281750622 -31.889730717129243 30
      vertex -19.103383440453634 -31.780523387731854 30
      vertex -19.103383440453634 -31.780523387731854 32.2
    endloop
  endfacet
  facet normal 0.9700312531945479 -0.24298017990324827 0
    outer loop
      vertex -19.103383440453634 -31.780523387731854 30
      vertex -19.076557877698736 -31.67342973808873 30
      vertex -19.076557877698736 -31.67342973808873 32.2
    endloop
  endfacet
  facet normal 0.9415440651830105 -0.3368898533922491 0
    outer loop
      vertex -19.076557877698736 -31.67342973808873 30
      vertex -19.039364474075196 -31.569481138589275 30
      vertex -19.039364474075196 -31.569481138589275 32.2
    endloop
  endfacet
  facet normal 0.9039892931234477 -0.4275550934302731 0
    outer loop
      vertex -19.039364474075196 -31.569481138589275 30
      vertex -18.9921614223919 -31.469678671070753 30
      vertex -18.9921614223919 -31.469678671070753 32.2
    endloop
  endfacet
  facet normal 0.8577286100002789 -0.5141027441932103 0
    outer loop
      vertex -18.9921614223919 -31.469678671070753 30
      vertex -18.935403313840364 -31.374983487852948 30
      vertex -18.935403313840364 -31.374983487852948 32.2
    endloop
  endfacet
  facet normal 0.8032075314806425 -0.5956993044924367 0
    outer loop
      vertex -18.935403313840364 -31.374983487852948 30
      vertex -18.869636760033078 -31.286307555315897 30
      vertex -18.869636760033078 -31.286307555315897 32.2
    endloop
  endfacet
  facet normal 0.7409511253549508 -0.6715589548470277 0
    outer loop
      vertex -18.869636760033078 -31.286307555315897 30
      vertex -18.795495128834865 -31.204504871165135 30
      vertex -18.795495128834865 -31.204504871165135 32.2
    endloop
  endfacet
  facet normal 0.6715589548470277 -0.7409511253549508 0
    outer loop
      vertex -18.795495128834865 -31.204504871165135 30
      vertex -18.713692444684103 -31.130363239966922 30
      vertex -18.713692444684103 -31.130363239966922 32.2
    endloop
  endfacet
  facet normal 0.9700312531945479 0.24298017990324827 0
    outer loop
      vertex -19.076557877698736 -32.32657026191127 30
      vertex -19.103383440453634 -32.219476612268146 32.2
      vertex -19.076557877698736 -32.32657026191127 32.2
    endloop
  endfacet
  facet normal 0.9891765099647825 0.14673047445535256 0
    outer loop
      vertex -19.103383440453634 -32.219476612268146 30
      vertex -19.11958281750622 -32.11026928287075 32.2
      vertex -19.103383440453634 -32.219476612268146 32.2
    endloop
  endfacet
  facet normal 0.9987954562051717 0.04906767432742945 0
    outer loop
      vertex -19.11958281750622 -32.11026928287075 30
      vertex -19.125 -32 32.2
      vertex -19.11958281750622 -32.11026928287075 32.2
    endloop
  endfacet
  facet normal 0.9987954562051718 -0.04906767432742788 0
    outer loop
      vertex -19.125 -32 30
      vertex -19.11958281750622 -31.889730717129243 32.2
      vertex -19.125 -32 32.2
    endloop
  endfacet
  facet normal 0.9891765099647816 -0.14673047445535722 0
    outer loop
      vertex -19.11958281750622 -31.889730717129243 30
      vertex -19.103383440453634 -31.780523387731854 32.2
      vertex -19.11958281750622 -31.889730717129243 32.2
    endloop
  endfacet
  facet normal 0.9700312531945479 -0.24298017990324827 0
    outer loop
      vertex -19.103383440453634 -31.780523387731854 30
      vertex -19.076557877698736 -31.67342973808873 32.2
      vertex -19.103383440453634 -31.780523387731854 32.2
    endloop
  endfacet
  facet normal 0.9415440651830105 -0.3368898533922491 0
    outer loop
      vertex -19.076557877698736 -31.67342973808873 30
      vertex -19.039364474075196 -31.569481138589275 32.2
      vertex -19.076557877698736 -31.67342973808873 32.2
    endloop
  endfacet
  facet normal 0.9039892931234477 -0.4275550934302731 0
    outer loop
      vertex -18.9921614223919 -31.469678671070753 32.2
      vertex -19.039364474075196 -31.569481138589275 32.2
      vertex -19.039364474075196 -31.569481138589275 30
    endloop
  endfacet
  facet normal 0.8577286100002789 -0.5141027441932103 0
    outer loop
      vertex -18.9921614223919 -31.469678671070753 30
      vertex -18.935403313840364 -31.374983487852948 32.2
      vertex -18.9921614223919 -31.469678671070753 32.2
    endloop
  endfacet
  facet normal 0.8032075314806425 -0.5956993044924367 0
    outer loop
      vertex -18.935403313840364 -31.374983487852948 30
      vertex -18.869636760033078 -31.286307555315897 32.2
      vertex -18.935403313840364 -31.374983487852948 32.2
    endloop
  endfacet
  facet normal 0.7409511253549508 -0.6715589548470277 0
    outer loop
      vertex -18.869636760033078 -31.286307555315897 30
      vertex -18.795495128834865 -31.204504871165135 32.2
      vertex -18.869636760033078 -31.286307555315897 32.2
    endloop
  endfacet
  facet normal 0.6715589548470277 -0.7409511253549508 0
    outer loop
      vertex -18.795495128834865 -31.204504871165135 30
      vertex -18.713692444684103 -31.130363239966922 32.2
      vertex -18.795495128834865 -31.204504871165135 32.2
    endloop
  endfacet
  facet normal 0.5956993044924367 -0.8032075314806425 0
    outer loop
      vertex -18.625016512147052 -31.064596686159636 30
      vertex -18.625016512147052 -31.064596686159636 32.2
      vertex -18.713692444684103 -31.130363239966922 30
    endloop
  endfacet
  facet normal 0.5141027441932103 -0.8577286100002789 0
    outer loop
      vertex -18.530321328929247 -31.0078385776081 30
      vertex -18.530321328929247 -31.0078385776081 32.2
      vertex -18.625016512147052 -31.064596686159636 30
    endloop
  endfacet
  facet normal 0.4275550934302731 -0.9039892931234477 0
    outer loop
      vertex -18.430518861410725 -30.960635525924804 30
      vertex -18.430518861410725 -30.960635525924804 32.2
      vertex -18.530321328929247 -31.0078385776081 30
    endloop
  endfacet
  facet normal 0.3368898533922491 -0.9415440651830105 0
    outer loop
      vertex -18.32657026191127 -30.923442122301264 30
      vertex -18.32657026191127 -30.923442122301264 32.2
      vertex -18.430518861410725 -30.960635525924804 30
    endloop
  endfacet
  facet normal 0.24298017990324827 -0.9700312531945479 0
    outer loop
      vertex -18.219476612268146 -30.896616559546366 30
      vertex -18.219476612268146 -30.896616559546366 32.2
      vertex -18.32657026191127 -30.923442122301264 30
    endloop
  endfacet
  facet normal 0.14673047445535722 -0.9891765099647816 0
    outer loop
      vertex -18.110269282870757 -30.88041718249378 30
      vertex -18.110269282870757 -30.88041718249378 32.2
      vertex -18.219476612268146 -30.896616559546366 30
    endloop
  endfacet
  facet normal 0.04906767432742788 -0.9987954562051718 0
    outer loop
      vertex -18 -30.875 30
      vertex -18 -30.875 32.2
      vertex -18.110269282870757 -30.88041718249378 30
    endloop
  endfacet
  facet normal -0.04906767432742788 -0.9987954562051718 0
    outer loop
      vertex -17.889730717129243 -30.88041718249378 30
      vertex -17.889730717129243 -30.88041718249378 32.2
      vertex -18 -30.875 30
    endloop
  endfacet
  facet normal -0.14673047445535722 -0.9891765099647816 0
    outer loop
      vertex -17.780523387731854 -30.896616559546366 30
      vertex -17.780523387731854 -30.896616559546366 32.2
      vertex -17.889730717129243 -30.88041718249378 30
    endloop
  endfacet
  facet normal -0.24298017990324827 -0.9700312531945479 0
    outer loop
      vertex -17.67342973808873 -30.923442122301264 30
      vertex -17.67342973808873 -30.923442122301264 32.2
      vertex -17.780523387731854 -30.896616559546366 30
    endloop
  endfacet
  facet normal -0.3368898533922491 -0.9415440651830105 0
    outer loop
      vertex -17.569481138589275 -30.960635525924804 30
      vertex -17.569481138589275 -30.960635525924804 32.2
      vertex -17.67342973808873 -30.923442122301264 30
    endloop
  endfacet
  facet normal -0.4275550934302731 -0.9039892931234477 0
    outer loop
      vertex -17.469678671070753 -31.0078385776081 30
      vertex -17.469678671070753 -31.0078385776081 32.2
      vertex -17.569481138589275 -30.960635525924804 30
    endloop
  endfacet
  facet normal -0.5141027441932103 -0.8577286100002789 0
    outer loop
      vertex -17.374983487852948 -31.064596686159636 30
      vertex -17.374983487852948 -31.064596686159636 32.2
      vertex -17.469678671070753 -31.0078385776081 30
    endloop
  endfacet
  facet normal -0.5956993044924367 -0.8032075314806425 0
    outer loop
      vertex -17.286307555315897 -31.130363239966922 30
      vertex -17.286307555315897 -31.130363239966922 32.2
      vertex -17.374983487852948 -31.064596686159636 30
    endloop
  endfacet
  facet normal 0.5956993044924367 -0.8032075314806425 0
    outer loop
      vertex -18.713692444684103 -31.130363239966922 30
      vertex -18.625016512147052 -31.064596686159636 32.2
      vertex -18.713692444684103 -31.130363239966922 32.2
    endloop
  endfacet
  facet normal 0.5141027441932103 -0.8577286100002789 0
    outer loop
      vertex -18.625016512147052 -31.064596686159636 30
      vertex -18.530321328929247 -31.0078385776081 32.2
      vertex -18.625016512147052 -31.064596686159636 32.2
    endloop
  endfacet
  facet normal 0.4275550934302731 -0.9039892931234477 0
    outer loop
      vertex -18.530321328929247 -31.0078385776081 30
      vertex -18.430518861410725 -30.960635525924804 32.2
      vertex -18.530321328929247 -31.0078385776081 32.2
    endloop
  endfacet
  facet normal 0.3368898533922491 -0.9415440651830105 0
    outer loop
      vertex -18.430518861410725 -30.960635525924804 30
      vertex -18.32657026191127 -30.923442122301264 32.2
      vertex -18.430518861410725 -30.960635525924804 32.2
    endloop
  endfacet
  facet normal 0.24298017990324827 -0.9700312531945479 0
    outer loop
      vertex -18.32657026191127 -30.923442122301264 30
      vertex -18.219476612268146 -30.896616559546366 32.2
      vertex -18.32657026191127 -30.923442122301264 32.2
    endloop
  endfacet
  facet normal 0.14673047445535722 -0.9891765099647816 0
    outer loop
      vertex -18.219476612268146 -30.896616559546366 30
      vertex -18.110269282870757 -30.88041718249378 32.2
      vertex -18.219476612268146 -30.896616559546366 32.2
    endloop
  endfacet
  facet normal 0.04906767432742788 -0.9987954562051718 0
    outer loop
      vertex -18.110269282870757 -30.88041718249378 30
      vertex -18 -30.875 32.2
      vertex -18.110269282870757 -30.88041718249378 32.2
    endloop
  endfacet
  facet normal -0.04906767432742788 -0.9987954562051718 0
    outer loop
      vertex -18 -30.875 30
      vertex -17.889730717129243 -30.88041718249378 32.2
      vertex -18 -30.875 32.2
    endloop
  endfacet
  facet normal -0.14673047445535722 -0.9891765099647816 0
    outer loop
      vertex -17.889730717129243 -30.88041718249378 30
      vertex -17.780523387731854 -30.896616559546366 32.2
      vertex -17.889730717129243 -30.88041718249378 32.2
    endloop
  endfacet
  facet normal -0.3368898533922491 -0.9415440651830105 0
    outer loop
      vertex -17.67342973808873 -30.923442122301264 30
      vertex -17.569481138589275 -30.960635525924804 32.2
      vertex -17.67342973808873 -30.923442122301264 32.2
    endloop
  endfacet
  facet normal -0.24298017990324827 -0.9700312531945479 0
    outer loop
      vertex -17.780523387731854 -30.896616559546366 30
      vertex -17.67342973808873 -30.923442122301264 32.2
      vertex -17.780523387731854 -30.896616559546366 32.2
    endloop
  endfacet
  facet normal -0.4275550934302731 -0.9039892931234477 0
    outer loop
      vertex -17.569481138589275 -30.960635525924804 30
      vertex -17.469678671070753 -31.0078385776081 32.2
      vertex -17.569481138589275 -30.960635525924804 32.2
    endloop
  endfacet
  facet normal -0.5141027441932103 -0.8577286100002789 0
    outer loop
      vertex -17.469678671070753 -31.0078385776081 30
      vertex -17.374983487852948 -31.064596686159636 32.2
      vertex -17.469678671070753 -31.0078385776081 32.2
    endloop
  endfacet
  facet normal -0.5956993044924367 -0.8032075314806425 0
    outer loop
      vertex -17.374983487852948 -31.064596686159636 30
      vertex -17.286307555315897 -31.130363239966922 32.2
      vertex -17.374983487852948 -31.064596686159636 32.2
    endloop
  endfacet
  facet normal -0.6715589548470277 -0.7409511253549508 0
    outer loop
      vertex -17.286307555315897 -31.130363239966922 30
      vertex -17.204504871165135 -31.204504871165135 32.2
      vertex -17.286307555315897 -31.130363239966922 32.2
    endloop
  endfacet
  facet normal -0.7409511253549652 0.6715589548470116 0
    outer loop
      vertex -17.204504871165135 -32.795495128834865 30
      vertex -17.204504871165135 -32.795495128834865 32.2
      vertex -17.130363239966922 -32.7136924446841 30
    endloop
  endfacet
  facet normal -0.8032075314806197 0.5956993044924674 0
    outer loop
      vertex -17.064596686159636 -32.625016512147056 30
      vertex -17.130363239966922 -32.7136924446841 30
      vertex -17.130363239966922 -32.7136924446841 32.2
    endloop
  endfacet
  facet normal -0.8577286100002874 0.5141027441931961 0
    outer loop
      vertex -17.0078385776081 -32.53032132892925 30
      vertex -17.064596686159636 -32.625016512147056 30
      vertex -17.064596686159636 -32.625016512147056 32.2
    endloop
  endfacet
  facet normal -0.9039892931234477 0.4275550934302731 0
    outer loop
      vertex -16.960635525924804 -32.430518861410725 30
      vertex -17.0078385776081 -32.53032132892925 30
      vertex -17.0078385776081 -32.53032132892925 32.2
    endloop
  endfacet
  facet normal -0.9415440651830105 0.3368898533922491 0
    outer loop
      vertex -16.923442122301264 -32.32657026191127 30
      vertex -16.960635525924804 -32.430518861410725 30
      vertex -16.960635525924804 -32.430518861410725 32.2
    endloop
  endfacet
  facet normal -0.6715589548470453 0.7409511253549348 0
    outer loop
      vertex -17.204504871165135 -32.795495128834865 30
      vertex -17.286307555315897 -32.86963676003308 32.2
      vertex -17.204504871165135 -32.795495128834865 32.2
    endloop
  endfacet
  facet normal -0.7409511253549652 0.6715589548470116 0
    outer loop
      vertex -17.130363239966922 -32.7136924446841 30
      vertex -17.204504871165135 -32.795495128834865 32.2
      vertex -17.130363239966922 -32.7136924446841 32.2
    endloop
  endfacet
  facet normal -0.8032075314806197 0.5956993044924674 0
    outer loop
      vertex -17.064596686159636 -32.625016512147056 30
      vertex -17.130363239966922 -32.7136924446841 32.2
      vertex -17.064596686159636 -32.625016512147056 32.2
    endloop
  endfacet
  facet normal -0.8577286100002874 0.5141027441931961 0
    outer loop
      vertex -17.0078385776081 -32.53032132892925 30
      vertex -17.064596686159636 -32.625016512147056 32.2
      vertex -17.0078385776081 -32.53032132892925 32.2
    endloop
  endfacet
  facet normal -0.9039892931234477 0.4275550934302731 0
    outer loop
      vertex -16.960635525924804 -32.430518861410725 30
      vertex -17.0078385776081 -32.53032132892925 32.2
      vertex -16.960635525924804 -32.430518861410725 32.2
    endloop
  endfacet
  facet normal -0.9700312531945479 0.24298017990324827 0
    outer loop
      vertex -16.896616559546366 -32.219476612268146 30
      vertex -16.923442122301264 -32.32657026191127 30
      vertex -16.923442122301264 -32.32657026191127 32.2
    endloop
  endfacet
  facet normal -0.9891765099647825 0.14673047445535256 0
    outer loop
      vertex -16.88041718249378 -32.11026928287075 30
      vertex -16.896616559546366 -32.219476612268146 30
      vertex -16.896616559546366 -32.219476612268146 32.2
    endloop
  endfacet
  facet normal -0.7409511253549508 -0.6715589548470277 0
    outer loop
      vertex -17.204504871165135 -31.204504871165135 30
      vertex -17.130363239966922 -31.286307555315897 30
      vertex -17.130363239966922 -31.286307555315897 32.2
    endloop
  endfacet
  facet normal -0.8032075314806425 -0.5956993044924367 0
    outer loop
      vertex -17.130363239966922 -31.286307555315897 30
      vertex -17.064596686159636 -31.374983487852948 30
      vertex -17.064596686159636 -31.374983487852948 32.2
    endloop
  endfacet
  facet normal -0.9700312531945479 -0.24298017990324827 0
    outer loop
      vertex -16.923442122301264 -31.67342973808873 30
      vertex -16.896616559546366 -31.780523387731854 30
      vertex -16.896616559546366 -31.780523387731854 32.2
    endloop
  endfacet
  facet normal -0.9415440651830105 -0.3368898533922491 0
    outer loop
      vertex -16.960635525924804 -31.569481138589275 30
      vertex -16.923442122301264 -31.67342973808873 30
      vertex -16.923442122301264 -31.67342973808873 32.2
    endloop
  endfacet
  facet normal -0.9039892931234477 -0.4275550934302731 0
    outer loop
      vertex -17.0078385776081 -31.469678671070753 30
      vertex -16.960635525924804 -31.569481138589275 30
      vertex -16.960635525924804 -31.569481138589275 32.2
    endloop
  endfacet
  facet normal -0.8577286100002789 -0.5141027441932103 0
    outer loop
      vertex -17.064596686159636 -31.374983487852948 30
      vertex -17.0078385776081 -31.469678671070753 30
      vertex -17.0078385776081 -31.469678671070753 32.2
    endloop
  endfacet
  facet normal -0.9987954562051717 0.04906767432742945 0
    outer loop
      vertex -16.875 -32 30
      vertex -16.88041718249378 -32.11026928287075 30
      vertex -16.88041718249378 -32.11026928287075 32.2
    endloop
  endfacet
  facet normal -0.9987954562051718 -0.04906767432742788 0
    outer loop
      vertex -16.88041718249378 -31.889730717129243 30
      vertex -16.875 -32 30
      vertex -16.875 -32 32.2
    endloop
  endfacet
  facet normal -0.9891765099647816 -0.14673047445535722 0
    outer loop
      vertex -16.896616559546366 -31.780523387731854 30
      vertex -16.88041718249378 -31.889730717129243 30
      vertex -16.88041718249378 -31.889730717129243 32.2
    endloop
  endfacet
  facet normal -0.6715589548470277 -0.7409511253549508 0
    outer loop
      vertex -17.286307555315897 -31.130363239966922 30
      vertex -17.204504871165135 -31.204504871165135 30
      vertex -17.204504871165135 -31.204504871165135 32.2
    endloop
  endfacet
  facet normal -0.9415440651830105 0.3368898533922491 0
    outer loop
      vertex -16.923442122301264 -32.32657026191127 30
      vertex -16.960635525924804 -32.430518861410725 32.2
      vertex -16.923442122301264 -32.32657026191127 32.2
    endloop
  endfacet
  facet normal -0.9700312531945479 0.24298017990324827 0
    outer loop
      vertex -16.896616559546366 -32.219476612268146 30
      vertex -16.923442122301264 -32.32657026191127 32.2
      vertex -16.896616559546366 -32.219476612268146 32.2
    endloop
  endfacet
  facet normal -0.9891765099647816 -0.14673047445535722 0
    outer loop
      vertex -16.896616559546366 -31.780523387731854 30
      vertex -16.88041718249378 -31.889730717129243 32.2
      vertex -16.896616559546366 -31.780523387731854 32.2
    endloop
  endfacet
  facet normal -0.7409511253549508 -0.6715589548470277 0
    outer loop
      vertex -17.204504871165135 -31.204504871165135 30
      vertex -17.130363239966922 -31.286307555315897 32.2
      vertex -17.204504871165135 -31.204504871165135 32.2
    endloop
  endfacet
  facet normal -0.8032075314806425 -0.5956993044924367 0
    outer loop
      vertex -17.130363239966922 -31.286307555315897 30
      vertex -17.064596686159636 -31.374983487852948 32.2
      vertex -17.130363239966922 -31.286307555315897 32.2
    endloop
  endfacet
  facet normal -0.9700312531945479 -0.24298017990324827 0
    outer loop
      vertex -16.923442122301264 -31.67342973808873 30
      vertex -16.896616559546366 -31.780523387731854 32.2
      vertex -16.923442122301264 -31.67342973808873 32.2
    endloop
  endfacet
  facet normal -0.9415440651830105 -0.3368898533922491 0
    outer loop
      vertex -16.960635525924804 -31.569481138589275 30
      vertex -16.923442122301264 -31.67342973808873 32.2
      vertex -16.960635525924804 -31.569481138589275 32.2
    endloop
  endfacet
  facet normal -0.8577286100002789 -0.5141027441932103 0
    outer loop
      vertex -17.064596686159636 -31.374983487852948 30
      vertex -17.0078385776081 -31.469678671070753 32.2
      vertex -17.064596686159636 -31.374983487852948 32.2
    endloop
  endfacet
  facet normal -0.9039892931234477 -0.4275550934302731 0
    outer loop
      vertex -17.0078385776081 -31.469678671070753 30
      vertex -16.960635525924804 -31.569481138589275 32.2
      vertex -17.0078385776081 -31.469678671070753 32.2
    endloop
  endfacet
  facet normal -0.9891765099647825 0.14673047445535256 0
    outer loop
      vertex -16.88041718249378 -32.11026928287075 30
      vertex -16.896616559546366 -32.219476612268146 32.2
      vertex -16.88041718249378 -32.11026928287075 32.2
    endloop
  endfacet
  facet normal -0.9987954562051717 0.04906767432742945 0
    outer loop
      vertex -16.875 -32 30
      vertex -16.88041718249378 -32.11026928287075 32.2
      vertex -16.875 -32 32.2
    endloop
  endfacet
  facet normal -0.9987954562051718 -0.04906767432742788 0
    outer loop
      vertex -16.88041718249378 -31.889730717129243 30
      vertex -16.875 -32 32.2
      vertex -16.88041718249378 -31.889730717129243 32.2
    endloop
  endfacet
  facet normal 0.6715589548470277 0.7409511253549508 0
    outer loop
      vertex -18.713692444684103 31.130363239966922 30
      vertex -18.795495128834865 31.204504871165135 30
      vertex -18.795495128834865 31.204504871165135 32.2
    endloop
  endfacet
  facet normal 0.9415440651830105 0.3368898533922491 0
    outer loop
      vertex -19.039364474075196 31.569481138589275 30
      vertex -19.076557877698736 31.67342973808873 30
      vertex -19.076557877698736 31.67342973808873 32.2
    endloop
  endfacet
  facet normal 0.9700312531945479 0.24298017990324827 0
    outer loop
      vertex -19.076557877698736 31.67342973808873 30
      vertex -19.103383440453634 31.780523387731854 30
      vertex -19.103383440453634 31.780523387731854 32.2
    endloop
  endfacet
  facet normal 0.9891765099647816 0.14673047445535722 0
    outer loop
      vertex -19.103383440453634 31.780523387731854 30
      vertex -19.11958281750622 31.889730717129243 30
      vertex -19.11958281750622 31.889730717129243 32.2
    endloop
  endfacet
  facet normal 0.9987954562051718 0.04906767432742788 0
    outer loop
      vertex -19.11958281750622 31.889730717129243 30
      vertex -19.125 32 30
      vertex -19.125 32 32.2
    endloop
  endfacet
  facet normal 0.9987954562051717 -0.04906767432742945 0
    outer loop
      vertex -19.125 32 30
      vertex -19.11958281750622 32.11026928287075 30
      vertex -19.11958281750622 32.11026928287075 32.2
    endloop
  endfacet
  facet normal 0.9891765099647825 -0.14673047445535256 0
    outer loop
      vertex -19.11958281750622 32.11026928287075 30
      vertex -19.103383440453634 32.219476612268146 30
      vertex -19.103383440453634 32.219476612268146 32.2
    endloop
  endfacet
  facet normal 0.9700312531945479 -0.24298017990324827 0
    outer loop
      vertex -19.103383440453634 32.219476612268146 30
      vertex -19.076557877698736 32.32657026191127 30
      vertex -19.076557877698736 32.32657026191127 32.2
    endloop
  endfacet
  facet normal 0.8577286100002789 0.5141027441932103 0
    outer loop
      vertex -18.935403313840364 31.374983487852948 30
      vertex -18.9921614223919 31.469678671070753 30
      vertex -18.9921614223919 31.469678671070753 32.2
    endloop
  endfacet
  facet normal 0.8032075314806425 0.5956993044924367 0
    outer loop
      vertex -18.869636760033078 31.286307555315897 30
      vertex -18.935403313840364 31.374983487852948 30
      vertex -18.935403313840364 31.374983487852948 32.2
    endloop
  endfacet
  facet normal 0.9039892931234477 0.4275550934302731 0
    outer loop
      vertex -18.9921614223919 31.469678671070753 30
      vertex -19.039364474075196 31.569481138589275 30
      vertex -19.039364474075196 31.569481138589275 32.2
    endloop
  endfacet
  facet normal 0.7409511253549508 0.6715589548470277 0
    outer loop
      vertex -18.795495128834865 31.204504871165135 30
      vertex -18.869636760033078 31.286307555315897 30
      vertex -18.869636760033078 31.286307555315897 32.2
    endloop
  endfacet
  facet normal 0.6715589548470277 0.7409511253549508 0
    outer loop
      vertex -18.713692444684103 31.130363239966922 30
      vertex -18.795495128834865 31.204504871165135 32.2
      vertex -18.713692444684103 31.130363239966922 32.2
    endloop
  endfacet
  facet normal 0.9415440651830105 0.3368898533922491 0
    outer loop
      vertex -19.039364474075196 31.569481138589275 30
      vertex -19.076557877698736 31.67342973808873 32.2
      vertex -19.039364474075196 31.569481138589275 32.2
    endloop
  endfacet
  facet normal 0.9700312531945479 0.24298017990324827 0
    outer loop
      vertex -19.076557877698736 31.67342973808873 30
      vertex -19.103383440453634 31.780523387731854 32.2
      vertex -19.076557877698736 31.67342973808873 32.2
    endloop
  endfacet
  facet normal 0.9891765099647816 0.14673047445535722 0
    outer loop
      vertex -19.103383440453634 31.780523387731854 30
      vertex -19.11958281750622 31.889730717129243 32.2
      vertex -19.103383440453634 31.780523387731854 32.2
    endloop
  endfacet
  facet normal 0.9987954562051718 0.04906767432742788 0
    outer loop
      vertex -19.11958281750622 31.889730717129243 30
      vertex -19.125 32 32.2
      vertex -19.11958281750622 31.889730717129243 32.2
    endloop
  endfacet
  facet normal 0.9987954562051717 -0.04906767432742945 0
    outer loop
      vertex -19.125 32 30
      vertex -19.11958281750622 32.11026928287075 32.2
      vertex -19.125 32 32.2
    endloop
  endfacet
  facet normal 0.9891765099647825 -0.14673047445535256 0
    outer loop
      vertex -19.11958281750622 32.11026928287075 30
      vertex -19.103383440453634 32.219476612268146 32.2
      vertex -19.11958281750622 32.11026928287075 32.2
    endloop
  endfacet
  facet normal 0.9700312531945479 -0.24298017990324827 0
    outer loop
      vertex -19.103383440453634 32.219476612268146 30
      vertex -19.076557877698736 32.32657026191127 32.2
      vertex -19.103383440453634 32.219476612268146 32.2
    endloop
  endfacet
  facet normal 0.9415440651830105 -0.3368898533922491 0
    outer loop
      vertex -19.076557877698736 32.32657026191127 30
      vertex -19.039364474075196 32.430518861410725 32.2
      vertex -19.076557877698736 32.32657026191127 32.2
    endloop
  endfacet
  facet normal 0.9039892931234477 0.4275550934302731 0
    outer loop
      vertex -19.039364474075196 31.569481138589275 32.2
      vertex -18.9921614223919 31.469678671070753 32.2
      vertex -18.9921614223919 31.469678671070753 30
    endloop
  endfacet
  facet normal 0.8032075314806425 0.5956993044924367 0
    outer loop
      vertex -18.935403313840364 31.374983487852948 32.2
      vertex -18.869636760033078 31.286307555315897 32.2
      vertex -18.869636760033078 31.286307555315897 30
    endloop
  endfacet
  facet normal 0.8577286100002789 0.5141027441932103 0
    outer loop
      vertex -18.935403313840364 31.374983487852948 30
      vertex -18.9921614223919 31.469678671070753 32.2
      vertex -18.935403313840364 31.374983487852948 32.2
    endloop
  endfacet
  facet normal 0.7409511253549508 0.6715589548470277 0
    outer loop
      vertex -18.869636760033078 31.286307555315897 32.2
      vertex -18.795495128834865 31.204504871165135 32.2
      vertex -18.795495128834865 31.204504871165135 30
    endloop
  endfacet
  facet normal 0.5956993044924367 0.8032075314806425 0
    outer loop
      vertex -18.713692444684103 31.130363239966922 32.2
      vertex -18.625016512147052 31.064596686159636 30
      vertex -18.713692444684103 31.130363239966922 30
    endloop
  endfacet
  facet normal 0.5141027441932103 0.8577286100002789 0
    outer loop
      vertex -18.530321328929247 31.0078385776081 30
      vertex -18.625016512147052 31.064596686159636 30
      vertex -18.625016512147052 31.064596686159636 32.2
    endloop
  endfacet
  facet normal 0.4275550934302731 0.9039892931234477 0
    outer loop
      vertex -18.430518861410725 30.960635525924804 30
      vertex -18.530321328929247 31.0078385776081 30
      vertex -18.530321328929247 31.0078385776081 32.2
    endloop
  endfacet
  facet normal 0.3368898533922491 0.9415440651830105 0
    outer loop
      vertex -18.32657026191127 30.923442122301264 30
      vertex -18.430518861410725 30.960635525924804 30
      vertex -18.430518861410725 30.960635525924804 32.2
    endloop
  endfacet
  facet normal 0.24298017990324827 0.9700312531945479 0
    outer loop
      vertex -18.219476612268146 30.896616559546366 30
      vertex -18.32657026191127 30.923442122301264 30
      vertex -18.32657026191127 30.923442122301264 32.2
    endloop
  endfacet
  facet normal 0.14673047445535722 0.9891765099647816 0
    outer loop
      vertex -18.219476612268146 30.896616559546366 32.2
      vertex -18.110269282870757 30.88041718249378 30
      vertex -18.219476612268146 30.896616559546366 30
    endloop
  endfacet
  facet normal 0.04906767432742788 0.9987954562051718 0
    outer loop
      vertex -18.110269282870757 30.88041718249378 32.2
      vertex -18 30.875 30
      vertex -18.110269282870757 30.88041718249378 30
    endloop
  endfacet
  facet normal -0.04906767432742788 0.9987954562051718 0
    outer loop
      vertex -18 30.875 32.2
      vertex -17.889730717129243 30.88041718249378 30
      vertex -18 30.875 30
    endloop
  endfacet
  facet normal -0.14673047445535722 0.9891765099647816 0
    outer loop
      vertex -17.889730717129243 30.88041718249378 32.2
      vertex -17.780523387731854 30.896616559546366 30
      vertex -17.889730717129243 30.88041718249378 30
    endloop
  endfacet
  facet normal -0.24298017990324827 0.9700312531945479 0
    outer loop
      vertex -17.780523387731854 30.896616559546366 32.2
      vertex -17.67342973808873 30.923442122301264 30
      vertex -17.780523387731854 30.896616559546366 30
    endloop
  endfacet
  facet normal -0.3368898533922491 0.9415440651830105 0
    outer loop
      vertex -17.67342973808873 30.923442122301264 32.2
      vertex -17.569481138589275 30.960635525924804 30
      vertex -17.67342973808873 30.923442122301264 30
    endloop
  endfacet
  facet normal -0.4275550934302731 0.9039892931234477 0
    outer loop
      vertex -17.569481138589275 30.960635525924804 32.2
      vertex -17.469678671070753 31.0078385776081 30
      vertex -17.569481138589275 30.960635525924804 30
    endloop
  endfacet
  facet normal -0.5141027441932103 0.8577286100002789 0
    outer loop
      vertex -17.374983487852948 31.064596686159636 30
      vertex -17.469678671070753 31.0078385776081 30
      vertex -17.469678671070753 31.0078385776081 32.2
    endloop
  endfacet
  facet normal -0.5956993044924367 0.8032075314806425 0
    outer loop
      vertex -17.374983487852948 31.064596686159636 32.2
      vertex -17.286307555315897 31.130363239966922 30
      vertex -17.374983487852948 31.064596686159636 30
    endloop
  endfacet
  facet normal -0.6715589548470277 0.7409511253549508 0
    outer loop
      vertex -17.286307555315897 31.130363239966922 32.2
      vertex -17.204504871165135 31.204504871165135 30
      vertex -17.286307555315897 31.130363239966922 30
    endloop
  endfacet
  facet normal 0.5956993044924367 0.8032075314806425 0
    outer loop
      vertex -18.625016512147052 31.064596686159636 32.2
      vertex -18.625016512147052 31.064596686159636 30
      vertex -18.713692444684103 31.130363239966922 32.2
    endloop
  endfacet
  facet normal 0.5141027441932103 0.8577286100002789 0
    outer loop
      vertex -18.530321328929247 31.0078385776081 32.2
      vertex -18.530321328929247 31.0078385776081 30
      vertex -18.625016512147052 31.064596686159636 32.2
    endloop
  endfacet
  facet normal 0.4275550934302731 0.9039892931234477 0
    outer loop
      vertex -18.430518861410725 30.960635525924804 30
      vertex -18.530321328929247 31.0078385776081 32.2
      vertex -18.430518861410725 30.960635525924804 32.2
    endloop
  endfacet
  facet normal 0.3368898533922491 0.9415440651830105 0
    outer loop
      vertex -18.32657026191127 30.923442122301264 30
      vertex -18.430518861410725 30.960635525924804 32.2
      vertex -18.32657026191127 30.923442122301264 32.2
    endloop
  endfacet
  facet normal 0.24298017990324827 0.9700312531945479 0
    outer loop
      vertex -18.219476612268146 30.896616559546366 32.2
      vertex -18.219476612268146 30.896616559546366 30
      vertex -18.32657026191127 30.923442122301264 32.2
    endloop
  endfacet
  facet normal 0.14673047445535722 0.9891765099647816 0
    outer loop
      vertex -18.110269282870757 30.88041718249378 32.2
      vertex -18.110269282870757 30.88041718249378 30
      vertex -18.219476612268146 30.896616559546366 32.2
    endloop
  endfacet
  facet normal 0.04906767432742788 0.9987954562051718 0
    outer loop
      vertex -18 30.875 32.2
      vertex -18 30.875 30
      vertex -18.110269282870757 30.88041718249378 32.2
    endloop
  endfacet
  facet normal -0.04906767432742788 0.9987954562051718 0
    outer loop
      vertex -17.889730717129243 30.88041718249378 32.2
      vertex -17.889730717129243 30.88041718249378 30
      vertex -18 30.875 32.2
    endloop
  endfacet
  facet normal -0.14673047445535722 0.9891765099647816 0
    outer loop
      vertex -17.780523387731854 30.896616559546366 32.2
      vertex -17.780523387731854 30.896616559546366 30
      vertex -17.889730717129243 30.88041718249378 32.2
    endloop
  endfacet
  facet normal -0.24298017990324827 0.9700312531945479 0
    outer loop
      vertex -17.67342973808873 30.923442122301264 32.2
      vertex -17.67342973808873 30.923442122301264 30
      vertex -17.780523387731854 30.896616559546366 32.2
    endloop
  endfacet
  facet normal -0.3368898533922491 0.9415440651830105 0
    outer loop
      vertex -17.569481138589275 30.960635525924804 32.2
      vertex -17.569481138589275 30.960635525924804 30
      vertex -17.67342973808873 30.923442122301264 32.2
    endloop
  endfacet
  facet normal -0.4275550934302731 0.9039892931234477 0
    outer loop
      vertex -17.469678671070753 31.0078385776081 32.2
      vertex -17.469678671070753 31.0078385776081 30
      vertex -17.569481138589275 30.960635525924804 32.2
    endloop
  endfacet
  facet normal -0.5141027441932103 0.8577286100002789 0
    outer loop
      vertex -17.374983487852948 31.064596686159636 32.2
      vertex -17.374983487852948 31.064596686159636 30
      vertex -17.469678671070753 31.0078385776081 32.2
    endloop
  endfacet
  facet normal -0.5956993044924367 0.8032075314806425 0
    outer loop
      vertex -17.286307555315897 31.130363239966922 32.2
      vertex -17.286307555315897 31.130363239966922 30
      vertex -17.374983487852948 31.064596686159636 32.2
    endloop
  endfacet
  facet normal 0.9415440651830105 -0.3368898533922491 0
    outer loop
      vertex -19.076557877698736 32.32657026191127 30
      vertex -19.039364474075196 32.430518861410725 30
      vertex -19.039364474075196 32.430518861410725 32.2
    endloop
  endfacet
  facet normal 0.9039892931234477 -0.4275550934302731 0
    outer loop
      vertex -19.039364474075196 32.430518861410725 30
      vertex -18.9921614223919 32.53032132892925 30
      vertex -18.9921614223919 32.53032132892925 32.2
    endloop
  endfacet
  facet normal 0.8577286100002874 -0.5141027441931961 0
    outer loop
      vertex -18.9921614223919 32.53032132892925 30
      vertex -18.935403313840364 32.625016512147056 30
      vertex -18.935403313840364 32.625016512147056 32.2
    endloop
  endfacet
  facet normal 0.8032075314806197 -0.5956993044924674 0
    outer loop
      vertex -18.935403313840364 32.625016512147056 30
      vertex -18.869636760033078 32.7136924446841 30
      vertex -18.869636760033078 32.7136924446841 32.2
    endloop
  endfacet
  facet normal 0.7409511253549652 -0.6715589548470116 0
    outer loop
      vertex -18.869636760033078 32.7136924446841 30
      vertex -18.795495128834865 32.795495128834865 30
      vertex -18.795495128834865 32.795495128834865 32.2
    endloop
  endfacet
  facet normal 0.6715589548470453 -0.7409511253549348 0
    outer loop
      vertex -18.795495128834865 32.795495128834865 30
      vertex -18.713692444684103 32.86963676003308 30
      vertex -18.713692444684103 32.86963676003308 32.2
    endloop
  endfacet
  facet normal 0.9039892931234477 -0.4275550934302731 0
    outer loop
      vertex -18.9921614223919 32.53032132892925 32.2
      vertex -19.039364474075196 32.430518861410725 32.2
      vertex -19.039364474075196 32.430518861410725 30
    endloop
  endfacet
  facet normal 0.8577286100002874 -0.5141027441931961 0
    outer loop
      vertex -18.9921614223919 32.53032132892925 30
      vertex -18.935403313840364 32.625016512147056 32.2
      vertex -18.9921614223919 32.53032132892925 32.2
    endloop
  endfacet
  facet normal 0.8032075314806197 -0.5956993044924674 0
    outer loop
      vertex -18.869636760033078 32.7136924446841 32.2
      vertex -18.935403313840364 32.625016512147056 32.2
      vertex -18.935403313840364 32.625016512147056 30
    endloop
  endfacet
  facet normal 0.7409511253549652 -0.6715589548470116 0
    outer loop
      vertex -18.795495128834865 32.795495128834865 32.2
      vertex -18.869636760033078 32.7136924446841 32.2
      vertex -18.869636760033078 32.7136924446841 30
    endloop
  endfacet
  facet normal 0.6715589548470453 -0.7409511253549348 0
    outer loop
      vertex -18.795495128834865 32.795495128834865 30
      vertex -18.713692444684103 32.86963676003308 32.2
      vertex -18.795495128834865 32.795495128834865 32.2
    endloop
  endfacet
  facet normal 0.5956993044923952 -0.8032075314806733 0
    outer loop
      vertex -18.713692444684103 32.86963676003308 30
      vertex -18.625016512147052 32.93540331384036 30
      vertex -18.625016512147052 32.93540331384036 32.2
    endloop
  endfacet
  facet normal 0.5141027441932577 -0.8577286100002505 0
    outer loop
      vertex -18.530321328929247 32.9921614223919 32.2
      vertex -18.625016512147052 32.93540331384036 30
      vertex -18.530321328929247 32.9921614223919 30
    endloop
  endfacet
  facet normal 0.4275550934302731 -0.9039892931234477 0
    outer loop
      vertex -18.430518861410725 33.0393644740752 32.2
      vertex -18.530321328929247 32.9921614223919 30
      vertex -18.430518861410725 33.0393644740752 30
    endloop
  endfacet
  facet normal 0.336889853392192 -0.9415440651830309 0
    outer loop
      vertex -18.32657026191127 33.07655787769873 32.2
      vertex -18.430518861410725 33.0393644740752 30
      vertex -18.32657026191127 33.07655787769873 30
    endloop
  endfacet
  facet normal 0.24298017990327855 -0.9700312531945403 0
    outer loop
      vertex -18.219476612268146 33.103383440453634 32.2
      vertex -18.32657026191127 33.07655787769873 30
      vertex -18.219476612268146 33.103383440453634 30
    endloop
  endfacet
  facet normal 0.14673047445535722 -0.9891765099647816 0
    outer loop
      vertex -18.110269282870757 33.11958281750622 32.2
      vertex -18.219476612268146 33.103383440453634 30
      vertex -18.110269282870757 33.11958281750622 30
    endloop
  endfacet
  facet normal 0.04906767432742788 -0.9987954562051718 0
    outer loop
      vertex -18 33.125 32.2
      vertex -18.110269282870757 33.11958281750622 30
      vertex -18 33.125 30
    endloop
  endfacet
  facet normal -0.04906767432742788 -0.9987954562051718 0
    outer loop
      vertex -17.889730717129243 33.11958281750622 32.2
      vertex -18 33.125 30
      vertex -17.889730717129243 33.11958281750622 30
    endloop
  endfacet
  facet normal -0.14673047445535722 -0.9891765099647816 0
    outer loop
      vertex -17.780523387731854 33.103383440453634 32.2
      vertex -17.889730717129243 33.11958281750622 30
      vertex -17.780523387731854 33.103383440453634 30
    endloop
  endfacet
  facet normal -0.24298017990327855 -0.9700312531945403 0
    outer loop
      vertex -17.67342973808873 33.07655787769873 32.2
      vertex -17.780523387731854 33.103383440453634 30
      vertex -17.67342973808873 33.07655787769873 30
    endloop
  endfacet
  facet normal -0.5956993044923952 -0.8032075314806733 0
    outer loop
      vertex -17.286307555315897 32.86963676003308 32.2
      vertex -17.374983487852948 32.93540331384036 30
      vertex -17.286307555315897 32.86963676003308 30
    endloop
  endfacet
  facet normal -0.336889853392192 -0.9415440651830309 0
    outer loop
      vertex -17.569481138589275 33.0393644740752 32.2
      vertex -17.67342973808873 33.07655787769873 30
      vertex -17.569481138589275 33.0393644740752 30
    endloop
  endfacet
  facet normal -0.4275550934302731 -0.9039892931234477 0
    outer loop
      vertex -17.469678671070753 32.9921614223919 32.2
      vertex -17.569481138589275 33.0393644740752 30
      vertex -17.469678671070753 32.9921614223919 30
    endloop
  endfacet
  facet normal -0.5141027441932577 -0.8577286100002505 0
    outer loop
      vertex -17.374983487852948 32.93540331384036 32.2
      vertex -17.469678671070753 32.9921614223919 30
      vertex -17.374983487852948 32.93540331384036 30
    endloop
  endfacet
  facet normal 0.5956993044923952 -0.8032075314806733 0
    outer loop
      vertex -18.713692444684103 32.86963676003308 30
      vertex -18.625016512147052 32.93540331384036 32.2
      vertex -18.713692444684103 32.86963676003308 32.2
    endloop
  endfacet
  facet normal 0.5141027441932577 -0.8577286100002505 0
    outer loop
      vertex -18.625016512147052 32.93540331384036 32.2
      vertex -18.625016512147052 32.93540331384036 30
      vertex -18.530321328929247 32.9921614223919 32.2
    endloop
  endfacet
  facet normal 0.4275550934302731 -0.9039892931234477 0
    outer loop
      vertex -18.530321328929247 32.9921614223919 32.2
      vertex -18.530321328929247 32.9921614223919 30
      vertex -18.430518861410725 33.0393644740752 32.2
    endloop
  endfacet
  facet normal 0.336889853392192 -0.9415440651830309 0
    outer loop
      vertex -18.430518861410725 33.0393644740752 32.2
      vertex -18.430518861410725 33.0393644740752 30
      vertex -18.32657026191127 33.07655787769873 32.2
    endloop
  endfacet
  facet normal 0.24298017990327855 -0.9700312531945403 0
    outer loop
      vertex -18.32657026191127 33.07655787769873 32.2
      vertex -18.32657026191127 33.07655787769873 30
      vertex -18.219476612268146 33.103383440453634 32.2
    endloop
  endfacet
  facet normal 0.14673047445535722 -0.9891765099647816 0
    outer loop
      vertex -18.219476612268146 33.103383440453634 32.2
      vertex -18.219476612268146 33.103383440453634 30
      vertex -18.110269282870757 33.11958281750622 32.2
    endloop
  endfacet
  facet normal 0.04906767432742788 -0.9987954562051718 0
    outer loop
      vertex -18.110269282870757 33.11958281750622 32.2
      vertex -18.110269282870757 33.11958281750622 30
      vertex -18 33.125 32.2
    endloop
  endfacet
  facet normal -0.04906767432742788 -0.9987954562051718 0
    outer loop
      vertex -18 33.125 32.2
      vertex -18 33.125 30
      vertex -17.889730717129243 33.11958281750622 32.2
    endloop
  endfacet
  facet normal -0.14673047445535722 -0.9891765099647816 0
    outer loop
      vertex -17.889730717129243 33.11958281750622 32.2
      vertex -17.889730717129243 33.11958281750622 30
      vertex -17.780523387731854 33.103383440453634 32.2
    endloop
  endfacet
  facet normal -0.24298017990327855 -0.9700312531945403 0
    outer loop
      vertex -17.780523387731854 33.103383440453634 32.2
      vertex -17.780523387731854 33.103383440453634 30
      vertex -17.67342973808873 33.07655787769873 32.2
    endloop
  endfacet
  facet normal -0.336889853392192 -0.9415440651830309 0
    outer loop
      vertex -17.67342973808873 33.07655787769873 32.2
      vertex -17.67342973808873 33.07655787769873 30
      vertex -17.569481138589275 33.0393644740752 32.2
    endloop
  endfacet
  facet normal -0.5956993044923952 -0.8032075314806733 0
    outer loop
      vertex -17.374983487852948 32.93540331384036 32.2
      vertex -17.374983487852948 32.93540331384036 30
      vertex -17.286307555315897 32.86963676003308 32.2
    endloop
  endfacet
  facet normal -0.6715589548470453 -0.7409511253549348 0
    outer loop
      vertex -17.286307555315897 32.86963676003308 32.2
      vertex -17.286307555315897 32.86963676003308 30
      vertex -17.204504871165135 32.795495128834865 32.2
    endloop
  endfacet
  facet normal -0.4275550934302731 -0.9039892931234477 0
    outer loop
      vertex -17.569481138589275 33.0393644740752 32.2
      vertex -17.569481138589275 33.0393644740752 30
      vertex -17.469678671070753 32.9921614223919 32.2
    endloop
  endfacet
  facet normal -0.5141027441932577 -0.8577286100002505 0
    outer loop
      vertex -17.469678671070753 32.9921614223919 32.2
      vertex -17.469678671070753 32.9921614223919 30
      vertex -17.374983487852948 32.93540331384036 32.2
    endloop
  endfacet
  facet normal -0.7409511253549508 0.6715589548470277 0
    outer loop
      vertex -17.204504871165135 31.204504871165135 30
      vertex -17.204504871165135 31.204504871165135 32.2
      vertex -17.130363239966922 31.286307555315897 30
    endloop
  endfacet
  facet normal -0.8032075314806425 0.5956993044924367 0
    outer loop
      vertex -17.064596686159636 31.374983487852948 30
      vertex -17.130363239966922 31.286307555315897 30
      vertex -17.130363239966922 31.286307555315897 32.2
    endloop
  endfacet
  facet normal -0.8577286100002789 0.5141027441932103 0
    outer loop
      vertex -17.064596686159636 31.374983487852948 32.2
      vertex -17.0078385776081 31.469678671070753 30
      vertex -17.064596686159636 31.374983487852948 30
    endloop
  endfacet
  facet normal -0.9039892931234477 0.4275550934302731 0
    outer loop
      vertex -17.0078385776081 31.469678671070753 32.2
      vertex -16.960635525924804 31.569481138589275 30
      vertex -17.0078385776081 31.469678671070753 30
    endloop
  endfacet
  facet normal -0.9415440651830105 0.3368898533922491 0
    outer loop
      vertex -16.960635525924804 31.569481138589275 32.2
      vertex -16.923442122301264 31.67342973808873 30
      vertex -16.960635525924804 31.569481138589275 30
    endloop
  endfacet
  facet normal -0.9700312531945479 0.24298017990324827 0
    outer loop
      vertex -16.923442122301264 31.67342973808873 32.2
      vertex -16.896616559546366 31.780523387731854 30
      vertex -16.923442122301264 31.67342973808873 30
    endloop
  endfacet
  facet normal -0.9891765099647816 0.14673047445535722 0
    outer loop
      vertex -16.896616559546366 31.780523387731854 32.2
      vertex -16.88041718249378 31.889730717129243 30
      vertex -16.896616559546366 31.780523387731854 30
    endloop
  endfacet
  facet normal -0.9415440651830105 -0.3368898533922491 0
    outer loop
      vertex -16.923442122301264 32.32657026191127 32.2
      vertex -16.960635525924804 32.430518861410725 30
      vertex -16.923442122301264 32.32657026191127 30
    endloop
  endfacet
  facet normal -0.9700312531945479 -0.24298017990324827 0
    outer loop
      vertex -16.896616559546366 32.219476612268146 32.2
      vertex -16.923442122301264 32.32657026191127 30
      vertex -16.896616559546366 32.219476612268146 30
    endloop
  endfacet
  facet normal -0.9987954562051718 0.04906767432742788 0
    outer loop
      vertex -16.88041718249378 31.889730717129243 32.2
      vertex -16.875 32 30
      vertex -16.88041718249378 31.889730717129243 30
    endloop
  endfacet
  facet normal -0.9987954562051717 -0.04906767432742945 0
    outer loop
      vertex -16.875 32 32.2
      vertex -16.88041718249378 32.11026928287075 30
      vertex -16.875 32 30
    endloop
  endfacet
  facet normal -0.9891765099647825 -0.14673047445535256 0
    outer loop
      vertex -16.88041718249378 32.11026928287075 32.2
      vertex -16.896616559546366 32.219476612268146 30
      vertex -16.88041718249378 32.11026928287075 30
    endloop
  endfacet
  facet normal -0.6715589548470277 0.7409511253549508 0
    outer loop
      vertex -17.204504871165135 31.204504871165135 32.2
      vertex -17.204504871165135 31.204504871165135 30
      vertex -17.286307555315897 31.130363239966922 32.2
    endloop
  endfacet
  facet normal -0.7409511253549508 0.6715589548470277 0
    outer loop
      vertex -17.204504871165135 31.204504871165135 32.2
      vertex -17.130363239966922 31.286307555315897 32.2
      vertex -17.130363239966922 31.286307555315897 30
    endloop
  endfacet
  facet normal -0.8032075314806425 0.5956993044924367 0
    outer loop
      vertex -17.130363239966922 31.286307555315897 32.2
      vertex -17.064596686159636 31.374983487852948 32.2
      vertex -17.064596686159636 31.374983487852948 30
    endloop
  endfacet
  facet normal -0.8577286100002789 0.5141027441932103 0
    outer loop
      vertex -17.064596686159636 31.374983487852948 32.2
      vertex -17.0078385776081 31.469678671070753 32.2
      vertex -17.0078385776081 31.469678671070753 30
    endloop
  endfacet
  facet normal -0.9039892931234477 0.4275550934302731 0
    outer loop
      vertex -17.0078385776081 31.469678671070753 32.2
      vertex -16.960635525924804 31.569481138589275 32.2
      vertex -16.960635525924804 31.569481138589275 30
    endloop
  endfacet
  facet normal -0.9415440651830105 0.3368898533922491 0
    outer loop
      vertex -16.960635525924804 31.569481138589275 32.2
      vertex -16.923442122301264 31.67342973808873 32.2
      vertex -16.923442122301264 31.67342973808873 30
    endloop
  endfacet
  facet normal -0.9700312531945479 0.24298017990324827 0
    outer loop
      vertex -16.923442122301264 31.67342973808873 32.2
      vertex -16.896616559546366 31.780523387731854 32.2
      vertex -16.896616559546366 31.780523387731854 30
    endloop
  endfacet
  facet normal -0.9891765099647825 -0.14673047445535256 0
    outer loop
      vertex -16.88041718249378 32.11026928287075 32.2
      vertex -16.896616559546366 32.219476612268146 32.2
      vertex -16.896616559546366 32.219476612268146 30
    endloop
  endfacet
  facet normal -0.9700312531945479 -0.24298017990324827 0
    outer loop
      vertex -16.896616559546366 32.219476612268146 32.2
      vertex -16.923442122301264 32.32657026191127 32.2
      vertex -16.923442122301264 32.32657026191127 30
    endloop
  endfacet
  facet normal -0.9891765099647816 0.14673047445535722 0
    outer loop
      vertex -16.896616559546366 31.780523387731854 32.2
      vertex -16.88041718249378 31.889730717129243 32.2
      vertex -16.88041718249378 31.889730717129243 30
    endloop
  endfacet
  facet normal -0.9987954562051718 0.04906767432742788 0
    outer loop
      vertex -16.88041718249378 31.889730717129243 32.2
      vertex -16.875 32 32.2
      vertex -16.875 32 30
    endloop
  endfacet
  facet normal -0.9987954562051717 -0.04906767432742945 0
    outer loop
      vertex -16.875 32 32.2
      vertex -16.88041718249378 32.11026928287075 32.2
      vertex -16.88041718249378 32.11026928287075 30
    endloop
  endfacet
  facet normal -0.8032075314806197 -0.5956993044924674 0
    outer loop
      vertex -17.064596686159636 32.625016512147056 32.2
      vertex -17.130363239966922 32.7136924446841 30
      vertex -17.064596686159636 32.625016512147056 30
    endloop
  endfacet
  facet normal -0.6715589548470453 -0.7409511253549348 0
    outer loop
      vertex -17.286307555315897 32.86963676003308 30
      vertex -17.204504871165135 32.795495128834865 30
      vertex -17.204504871165135 32.795495128834865 32.2
    endloop
  endfacet
  facet normal -0.7409511253549652 -0.6715589548470116 0
    outer loop
      vertex -17.130363239966922 32.7136924446841 32.2
      vertex -17.204504871165135 32.795495128834865 30
      vertex -17.130363239966922 32.7136924446841 30
    endloop
  endfacet
  facet normal -0.8577286100002874 -0.5141027441931961 0
    outer loop
      vertex -17.0078385776081 32.53032132892925 32.2
      vertex -17.064596686159636 32.625016512147056 30
      vertex -17.0078385776081 32.53032132892925 30
    endloop
  endfacet
  facet normal -0.9039892931234477 -0.4275550934302731 0
    outer loop
      vertex -16.960635525924804 32.430518861410725 32.2
      vertex -17.0078385776081 32.53032132892925 30
      vertex -16.960635525924804 32.430518861410725 30
    endloop
  endfacet
  facet normal -0.7409511253549652 -0.6715589548470116 0
    outer loop
      vertex -17.130363239966922 32.7136924446841 32.2
      vertex -17.204504871165135 32.795495128834865 32.2
      vertex -17.204504871165135 32.795495128834865 30
    endloop
  endfacet
  facet normal -0.8032075314806197 -0.5956993044924674 0
    outer loop
      vertex -17.064596686159636 32.625016512147056 32.2
      vertex -17.130363239966922 32.7136924446841 32.2
      vertex -17.130363239966922 32.7136924446841 30
    endloop
  endfacet
  facet normal -0.9039892931234477 -0.4275550934302731 0
    outer loop
      vertex -16.960635525924804 32.430518861410725 32.2
      vertex -17.0078385776081 32.53032132892925 32.2
      vertex -17.0078385776081 32.53032132892925 30
    endloop
  endfacet
  facet normal -0.8577286100002874 -0.5141027441931961 0
    outer loop
      vertex -17.0078385776081 32.53032132892925 32.2
      vertex -17.064596686159636 32.625016512147056 32.2
      vertex -17.064596686159636 32.625016512147056 30
    endloop
  endfacet
  facet normal -0.9415440651830105 -0.3368898533922491 0
    outer loop
      vertex -16.923442122301264 32.32657026191127 32.2
      vertex -16.960635525924804 32.430518861410725 32.2
      vertex -16.960635525924804 32.430518861410725 30
    endloop
  endfacet
  facet normal 0.9039892931234477 0.4275550934302731 0
    outer loop
      vertex 17.0078385776081 -32.53032132892925 30
      vertex 16.960635525924804 -32.430518861410725 30
      vertex 16.960635525924804 -32.430518861410725 32.2
    endloop
  endfacet
  facet normal 0.8577286100002874 0.5141027441931961 0
    outer loop
      vertex 17.064596686159636 -32.625016512147056 30
      vertex 17.0078385776081 -32.53032132892925 30
      vertex 17.0078385776081 -32.53032132892925 32.2
    endloop
  endfacet
  facet normal 0.7409511253549652 0.6715589548470116 0
    outer loop
      vertex 17.204504871165135 -32.795495128834865 30
      vertex 17.130363239966922 -32.7136924446841 30
      vertex 17.130363239966922 -32.7136924446841 32.2
    endloop
  endfacet
  facet normal 0.6715589548470453 0.7409511253549348 0
    outer loop
      vertex 17.204504871165135 -32.795495128834865 30
      vertex 17.204504871165135 -32.795495128834865 32.2
      vertex 17.286307555315897 -32.86963676003308 30
    endloop
  endfacet
  facet normal 0.8032075314806197 0.5956993044924674 0
    outer loop
      vertex 17.130363239966922 -32.7136924446841 30
      vertex 17.064596686159636 -32.625016512147056 30
      vertex 17.064596686159636 -32.625016512147056 32.2
    endloop
  endfacet
  facet normal 0.9415440651830105 0.3368898533922491 0
    outer loop
      vertex 16.960635525924804 -32.430518861410725 30
      vertex 16.923442122301264 -32.32657026191127 32.2
      vertex 16.960635525924804 -32.430518861410725 32.2
    endloop
  endfacet
  facet normal 0.8577286100002874 0.5141027441931961 0
    outer loop
      vertex 17.064596686159636 -32.625016512147056 30
      vertex 17.0078385776081 -32.53032132892925 32.2
      vertex 17.064596686159636 -32.625016512147056 32.2
    endloop
  endfacet
  facet normal 0.9039892931234477 0.4275550934302731 0
    outer loop
      vertex 17.0078385776081 -32.53032132892925 30
      vertex 16.960635525924804 -32.430518861410725 32.2
      vertex 17.0078385776081 -32.53032132892925 32.2
    endloop
  endfacet
  facet normal 0.8032075314806197 0.5956993044924674 0
    outer loop
      vertex 17.130363239966922 -32.7136924446841 30
      vertex 17.064596686159636 -32.625016512147056 32.2
      vertex 17.130363239966922 -32.7136924446841 32.2
    endloop
  endfacet
  facet normal 0.7409511253549652 0.6715589548470116 0
    outer loop
      vertex 17.204504871165135 -32.795495128834865 30
      vertex 17.130363239966922 -32.7136924446841 32.2
      vertex 17.204504871165135 -32.795495128834865 32.2
    endloop
  endfacet
  facet normal 0.9891765099647825 0.14673047445535256 0
    outer loop
      vertex 16.896616559546366 -32.219476612268146 30
      vertex 16.88041718249378 -32.11026928287075 30
      vertex 16.88041718249378 -32.11026928287075 32.2
    endloop
  endfacet
  facet normal 0.9987954562051717 0.04906767432742945 0
    outer loop
      vertex 16.88041718249378 -32.11026928287075 30
      vertex 16.875 -32 30
      vertex 16.875 -32 32.2
    endloop
  endfacet
  facet normal 0.9987954562051718 -0.04906767432742788 0
    outer loop
      vertex 16.875 -32 30
      vertex 16.88041718249378 -31.889730717129243 30
      vertex 16.88041718249378 -31.889730717129243 32.2
    endloop
  endfacet
  facet normal 0.9700312531945479 0.24298017990324827 0
    outer loop
      vertex 16.923442122301264 -32.32657026191127 30
      vertex 16.896616559546366 -32.219476612268146 30
      vertex 16.896616559546366 -32.219476612268146 32.2
    endloop
  endfacet
  facet normal 0.9415440651830105 0.3368898533922491 0
    outer loop
      vertex 16.960635525924804 -32.430518861410725 30
      vertex 16.923442122301264 -32.32657026191127 30
      vertex 16.923442122301264 -32.32657026191127 32.2
    endloop
  endfacet
  facet normal 0.9891765099647816 -0.14673047445535722 0
    outer loop
      vertex 16.88041718249378 -31.889730717129243 30
      vertex 16.896616559546366 -31.780523387731854 30
      vertex 16.896616559546366 -31.780523387731854 32.2
    endloop
  endfacet
  facet normal 0.9700312531945479 -0.24298017990324827 0
    outer loop
      vertex 16.896616559546366 -31.780523387731854 30
      vertex 16.923442122301264 -31.67342973808873 30
      vertex 16.923442122301264 -31.67342973808873 32.2
    endloop
  endfacet
  facet normal 0.9415440651830105 -0.3368898533922491 0
    outer loop
      vertex 16.923442122301264 -31.67342973808873 30
      vertex 16.960635525924804 -31.569481138589275 30
      vertex 16.960635525924804 -31.569481138589275 32.2
    endloop
  endfacet
  facet normal 0.9039892931234477 -0.4275550934302731 0
    outer loop
      vertex 16.960635525924804 -31.569481138589275 30
      vertex 17.0078385776081 -31.469678671070753 30
      vertex 17.0078385776081 -31.469678671070753 32.2
    endloop
  endfacet
  facet normal 0.8577286100002789 -0.5141027441932103 0
    outer loop
      vertex 17.0078385776081 -31.469678671070753 30
      vertex 17.064596686159636 -31.374983487852948 30
      vertex 17.064596686159636 -31.374983487852948 32.2
    endloop
  endfacet
  facet normal 0.8032075314806425 -0.5956993044924367 0
    outer loop
      vertex 17.064596686159636 -31.374983487852948 30
      vertex 17.130363239966922 -31.286307555315897 30
      vertex 17.130363239966922 -31.286307555315897 32.2
    endloop
  endfacet
  facet normal 0.7409511253549508 -0.6715589548470277 0
    outer loop
      vertex 17.130363239966922 -31.286307555315897 30
      vertex 17.204504871165135 -31.204504871165135 30
      vertex 17.204504871165135 -31.204504871165135 32.2
    endloop
  endfacet
  facet normal 0.9987954562051717 0.04906767432742945 0
    outer loop
      vertex 16.88041718249378 -32.11026928287075 30
      vertex 16.875 -32 32.2
      vertex 16.88041718249378 -32.11026928287075 32.2
    endloop
  endfacet
  facet normal 0.9987954562051718 -0.04906767432742788 0
    outer loop
      vertex 16.875 -32 30
      vertex 16.88041718249378 -31.889730717129243 32.2
      vertex 16.875 -32 32.2
    endloop
  endfacet
  facet normal 0.9891765099647816 -0.14673047445535722 0
    outer loop
      vertex 16.88041718249378 -31.889730717129243 30
      vertex 16.896616559546366 -31.780523387731854 32.2
      vertex 16.88041718249378 -31.889730717129243 32.2
    endloop
  endfacet
  facet normal 0.9700312531945479 0.24298017990324827 0
    outer loop
      vertex 16.923442122301264 -32.32657026191127 30
      vertex 16.896616559546366 -32.219476612268146 32.2
      vertex 16.923442122301264 -32.32657026191127 32.2
    endloop
  endfacet
  facet normal 0.9891765099647825 0.14673047445535256 0
    outer loop
      vertex 16.896616559546366 -32.219476612268146 30
      vertex 16.88041718249378 -32.11026928287075 32.2
      vertex 16.896616559546366 -32.219476612268146 32.2
    endloop
  endfacet
  facet normal 0.9700312531945479 -0.24298017990324827 0
    outer loop
      vertex 16.896616559546366 -31.780523387731854 30
      vertex 16.923442122301264 -31.67342973808873 32.2
      vertex 16.896616559546366 -31.780523387731854 32.2
    endloop
  endfacet
  facet normal 0.9415440651830105 -0.3368898533922491 0
    outer loop
      vertex 16.923442122301264 -31.67342973808873 30
      vertex 16.960635525924804 -31.569481138589275 32.2
      vertex 16.923442122301264 -31.67342973808873 32.2
    endloop
  endfacet
  facet normal 0.9039892931234477 -0.4275550934302731 0
    outer loop
      vertex 16.960635525924804 -31.569481138589275 30
      vertex 17.0078385776081 -31.469678671070753 32.2
      vertex 16.960635525924804 -31.569481138589275 32.2
    endloop
  endfacet
  facet normal 0.8577286100002789 -0.5141027441932103 0
    outer loop
      vertex 17.0078385776081 -31.469678671070753 30
      vertex 17.064596686159636 -31.374983487852948 32.2
      vertex 17.0078385776081 -31.469678671070753 32.2
    endloop
  endfacet
  facet normal 0.8032075314806425 -0.5956993044924367 0
    outer loop
      vertex 17.064596686159636 -31.374983487852948 30
      vertex 17.130363239966922 -31.286307555315897 32.2
      vertex 17.064596686159636 -31.374983487852948 32.2
    endloop
  endfacet
  facet normal 0.7409511253549508 -0.6715589548470277 0
    outer loop
      vertex 17.130363239966922 -31.286307555315897 30
      vertex 17.204504871165135 -31.204504871165135 32.2
      vertex 17.130363239966922 -31.286307555315897 32.2
    endloop
  endfacet
  facet normal 0.6715589548470277 -0.7409511253549508 0
    outer loop
      vertex 17.204504871165135 -31.204504871165135 30
      vertex 17.286307555315897 -31.130363239966922 32.2
      vertex 17.204504871165135 -31.204504871165135 32.2
    endloop
  endfacet
  facet normal 0.5141027441932577 0.8577286100002505 0
    outer loop
      vertex 17.374983487852948 -32.93540331384036 30
      vertex 17.374983487852948 -32.93540331384036 32.2
      vertex 17.469678671070753 -32.9921614223919 30
    endloop
  endfacet
  facet normal 0.4275550934302731 0.9039892931234477 0
    outer loop
      vertex 17.469678671070753 -32.9921614223919 30
      vertex 17.469678671070753 -32.9921614223919 32.2
      vertex 17.569481138589275 -33.0393644740752 30
    endloop
  endfacet
  facet normal 0.336889853392192 0.9415440651830309 0
    outer loop
      vertex 17.569481138589275 -33.0393644740752 30
      vertex 17.569481138589275 -33.0393644740752 32.2
      vertex 17.67342973808873 -33.07655787769873 30
    endloop
  endfacet
  facet normal 0.5956993044923952 0.8032075314806733 0
    outer loop
      vertex 17.286307555315897 -32.86963676003308 30
      vertex 17.286307555315897 -32.86963676003308 32.2
      vertex 17.374983487852948 -32.93540331384036 30
    endloop
  endfacet
  facet normal 0.24298017990327855 0.9700312531945403 0
    outer loop
      vertex 17.67342973808873 -33.07655787769873 30
      vertex 17.67342973808873 -33.07655787769873 32.2
      vertex 17.780523387731854 -33.103383440453634 30
    endloop
  endfacet
  facet normal 0.14673047445535722 0.9891765099647816 0
    outer loop
      vertex 17.780523387731854 -33.103383440453634 30
      vertex 17.780523387731854 -33.103383440453634 32.2
      vertex 17.889730717129243 -33.11958281750622 30
    endloop
  endfacet
  facet normal 0.04906767432742788 0.9987954562051718 0
    outer loop
      vertex 17.889730717129243 -33.11958281750622 30
      vertex 17.889730717129243 -33.11958281750622 32.2
      vertex 18 -33.125 30
    endloop
  endfacet
  facet normal -0.04906767432742788 0.9987954562051718 0
    outer loop
      vertex 18 -33.125 30
      vertex 18 -33.125 32.2
      vertex 18.110269282870757 -33.11958281750622 30
    endloop
  endfacet
  facet normal -0.14673047445535722 0.9891765099647816 0
    outer loop
      vertex 18.110269282870757 -33.11958281750622 30
      vertex 18.110269282870757 -33.11958281750622 32.2
      vertex 18.219476612268146 -33.103383440453634 30
    endloop
  endfacet
  facet normal -0.24298017990327855 0.9700312531945403 0
    outer loop
      vertex 18.219476612268146 -33.103383440453634 30
      vertex 18.219476612268146 -33.103383440453634 32.2
      vertex 18.32657026191127 -33.07655787769873 30
    endloop
  endfacet
  facet normal -0.336889853392192 0.9415440651830309 0
    outer loop
      vertex 18.32657026191127 -33.07655787769873 30
      vertex 18.32657026191127 -33.07655787769873 32.2
      vertex 18.430518861410725 -33.0393644740752 30
    endloop
  endfacet
  facet normal -0.4275550934302731 0.9039892931234477 0
    outer loop
      vertex 18.430518861410725 -33.0393644740752 30
      vertex 18.430518861410725 -33.0393644740752 32.2
      vertex 18.530321328929247 -32.9921614223919 30
    endloop
  endfacet
  facet normal -0.5141027441932577 0.8577286100002505 0
    outer loop
      vertex 18.530321328929247 -32.9921614223919 30
      vertex 18.530321328929247 -32.9921614223919 32.2
      vertex 18.625016512147052 -32.93540331384036 30
    endloop
  endfacet
  facet normal -0.5956993044923952 0.8032075314806733 0
    outer loop
      vertex 18.625016512147052 -32.93540331384036 30
      vertex 18.625016512147052 -32.93540331384036 32.2
      vertex 18.713692444684103 -32.86963676003308 30
    endloop
  endfacet
  facet normal 0.5141027441932577 0.8577286100002505 0
    outer loop
      vertex 17.469678671070753 -32.9921614223919 30
      vertex 17.374983487852948 -32.93540331384036 32.2
      vertex 17.469678671070753 -32.9921614223919 32.2
    endloop
  endfacet
  facet normal 0.4275550934302731 0.9039892931234477 0
    outer loop
      vertex 17.569481138589275 -33.0393644740752 30
      vertex 17.469678671070753 -32.9921614223919 32.2
      vertex 17.569481138589275 -33.0393644740752 32.2
    endloop
  endfacet
  facet normal 0.6715589548470453 0.7409511253549348 0
    outer loop
      vertex 17.286307555315897 -32.86963676003308 30
      vertex 17.204504871165135 -32.795495128834865 32.2
      vertex 17.286307555315897 -32.86963676003308 32.2
    endloop
  endfacet
  facet normal 0.5956993044923952 0.8032075314806733 0
    outer loop
      vertex 17.374983487852948 -32.93540331384036 30
      vertex 17.286307555315897 -32.86963676003308 32.2
      vertex 17.374983487852948 -32.93540331384036 32.2
    endloop
  endfacet
  facet normal 0.336889853392192 0.9415440651830309 0
    outer loop
      vertex 17.67342973808873 -33.07655787769873 30
      vertex 17.569481138589275 -33.0393644740752 32.2
      vertex 17.67342973808873 -33.07655787769873 32.2
    endloop
  endfacet
  facet normal 0.24298017990327855 0.9700312531945403 0
    outer loop
      vertex 17.780523387731854 -33.103383440453634 30
      vertex 17.67342973808873 -33.07655787769873 32.2
      vertex 17.780523387731854 -33.103383440453634 32.2
    endloop
  endfacet
  facet normal 0.14673047445535722 0.9891765099647816 0
    outer loop
      vertex 17.889730717129243 -33.11958281750622 30
      vertex 17.780523387731854 -33.103383440453634 32.2
      vertex 17.889730717129243 -33.11958281750622 32.2
    endloop
  endfacet
  facet normal 0.04906767432742788 0.9987954562051718 0
    outer loop
      vertex 18 -33.125 30
      vertex 17.889730717129243 -33.11958281750622 32.2
      vertex 18 -33.125 32.2
    endloop
  endfacet
  facet normal -0.04906767432742788 0.9987954562051718 0
    outer loop
      vertex 18.110269282870757 -33.11958281750622 30
      vertex 18 -33.125 32.2
      vertex 18.110269282870757 -33.11958281750622 32.2
    endloop
  endfacet
  facet normal -0.14673047445535722 0.9891765099647816 0
    outer loop
      vertex 18.219476612268146 -33.103383440453634 30
      vertex 18.110269282870757 -33.11958281750622 32.2
      vertex 18.219476612268146 -33.103383440453634 32.2
    endloop
  endfacet
  facet normal -0.24298017990327855 0.9700312531945403 0
    outer loop
      vertex 18.32657026191127 -33.07655787769873 30
      vertex 18.219476612268146 -33.103383440453634 32.2
      vertex 18.32657026191127 -33.07655787769873 32.2
    endloop
  endfacet
  facet normal -0.336889853392192 0.9415440651830309 0
    outer loop
      vertex 18.430518861410725 -33.0393644740752 30
      vertex 18.32657026191127 -33.07655787769873 32.2
      vertex 18.430518861410725 -33.0393644740752 32.2
    endloop
  endfacet
  facet normal -0.4275550934302731 0.9039892931234477 0
    outer loop
      vertex 18.530321328929247 -32.9921614223919 30
      vertex 18.430518861410725 -33.0393644740752 32.2
      vertex 18.530321328929247 -32.9921614223919 32.2
    endloop
  endfacet
  facet normal -0.5141027441932577 0.8577286100002505 0
    outer loop
      vertex 18.625016512147052 -32.93540331384036 30
      vertex 18.530321328929247 -32.9921614223919 32.2
      vertex 18.625016512147052 -32.93540331384036 32.2
    endloop
  endfacet
  facet normal -0.5956993044923952 0.8032075314806733 0
    outer loop
      vertex 18.713692444684103 -32.86963676003308 30
      vertex 18.625016512147052 -32.93540331384036 32.2
      vertex 18.713692444684103 -32.86963676003308 32.2
    endloop
  endfacet
  facet normal -0.6715589548470453 0.7409511253549348 0
    outer loop
      vertex 18.713692444684103 -32.86963676003308 30
      vertex 18.713692444684103 -32.86963676003308 32.2
      vertex 18.795495128834865 -32.795495128834865 30
    endloop
  endfacet
  facet normal -0.7409511253549652 0.6715589548470116 0
    outer loop
      vertex 18.869636760033078 -32.7136924446841 30
      vertex 18.795495128834865 -32.795495128834865 30
      vertex 18.795495128834865 -32.795495128834865 32.2
    endloop
  endfacet
  facet normal -0.8032075314806197 0.5956993044924674 0
    outer loop
      vertex 18.935403313840364 -32.625016512147056 30
      vertex 18.869636760033078 -32.7136924446841 30
      vertex 18.869636760033078 -32.7136924446841 32.2
    endloop
  endfacet
  facet normal -0.8577286100002874 0.5141027441931961 0
    outer loop
      vertex 18.9921614223919 -32.53032132892925 30
      vertex 18.935403313840364 -32.625016512147056 30
      vertex 18.935403313840364 -32.625016512147056 32.2
    endloop
  endfacet
  facet normal -0.9039892931234477 0.4275550934302731 0
    outer loop
      vertex 19.039364474075196 -32.430518861410725 30
      vertex 18.9921614223919 -32.53032132892925 30
      vertex 18.9921614223919 -32.53032132892925 32.2
    endloop
  endfacet
  facet normal -0.9415440651830105 0.3368898533922491 0
    outer loop
      vertex 19.076557877698736 -32.32657026191127 30
      vertex 19.039364474075196 -32.430518861410725 30
      vertex 19.039364474075196 -32.430518861410725 32.2
    endloop
  endfacet
  facet normal -0.6715589548470453 0.7409511253549348 0
    outer loop
      vertex 18.795495128834865 -32.795495128834865 30
      vertex 18.713692444684103 -32.86963676003308 32.2
      vertex 18.795495128834865 -32.795495128834865 32.2
    endloop
  endfacet
  facet normal -0.7409511253549652 0.6715589548470116 0
    outer loop
      vertex 18.869636760033078 -32.7136924446841 30
      vertex 18.795495128834865 -32.795495128834865 32.2
      vertex 18.869636760033078 -32.7136924446841 32.2
    endloop
  endfacet
  facet normal -0.8032075314806197 0.5956993044924674 0
    outer loop
      vertex 18.935403313840364 -32.625016512147056 30
      vertex 18.869636760033078 -32.7136924446841 32.2
      vertex 18.935403313840364 -32.625016512147056 32.2
    endloop
  endfacet
  facet normal -0.8577286100002874 0.5141027441931961 0
    outer loop
      vertex 18.9921614223919 -32.53032132892925 30
      vertex 18.935403313840364 -32.625016512147056 32.2
      vertex 18.9921614223919 -32.53032132892925 32.2
    endloop
  endfacet
  facet normal -0.9039892931234477 0.4275550934302731 0
    outer loop
      vertex 18.9921614223919 -32.53032132892925 32.2
      vertex 19.039364474075196 -32.430518861410725 32.2
      vertex 19.039364474075196 -32.430518861410725 30
    endloop
  endfacet
  facet normal 0.6715589548470277 -0.7409511253549508 0
    outer loop
      vertex 17.286307555315897 -31.130363239966922 30
      vertex 17.286307555315897 -31.130363239966922 32.2
      vertex 17.204504871165135 -31.204504871165135 30
    endloop
  endfacet
  facet normal 0.5956993044924367 -0.8032075314806425 0
    outer loop
      vertex 17.374983487852948 -31.064596686159636 30
      vertex 17.374983487852948 -31.064596686159636 32.2
      vertex 17.286307555315897 -31.130363239966922 30
    endloop
  endfacet
  facet normal 0.5141027441932103 -0.8577286100002789 0
    outer loop
      vertex 17.469678671070753 -31.0078385776081 30
      vertex 17.469678671070753 -31.0078385776081 32.2
      vertex 17.374983487852948 -31.064596686159636 30
    endloop
  endfacet
  facet normal 0.4275550934302731 -0.9039892931234477 0
    outer loop
      vertex 17.569481138589275 -30.960635525924804 30
      vertex 17.569481138589275 -30.960635525924804 32.2
      vertex 17.469678671070753 -31.0078385776081 30
    endloop
  endfacet
  facet normal 0.3368898533922491 -0.9415440651830105 0
    outer loop
      vertex 17.67342973808873 -30.923442122301264 30
      vertex 17.67342973808873 -30.923442122301264 32.2
      vertex 17.569481138589275 -30.960635525924804 30
    endloop
  endfacet
  facet normal 0.24298017990324827 -0.9700312531945479 0
    outer loop
      vertex 17.780523387731854 -30.896616559546366 30
      vertex 17.780523387731854 -30.896616559546366 32.2
      vertex 17.67342973808873 -30.923442122301264 30
    endloop
  endfacet
  facet normal 0.14673047445535722 -0.9891765099647816 0
    outer loop
      vertex 17.889730717129243 -30.88041718249378 30
      vertex 17.889730717129243 -30.88041718249378 32.2
      vertex 17.780523387731854 -30.896616559546366 30
    endloop
  endfacet
  facet normal 0.04906767432742788 -0.9987954562051718 0
    outer loop
      vertex 18 -30.875 30
      vertex 18 -30.875 32.2
      vertex 17.889730717129243 -30.88041718249378 30
    endloop
  endfacet
  facet normal -0.04906767432742788 -0.9987954562051718 0
    outer loop
      vertex 18.110269282870757 -30.88041718249378 30
      vertex 18.110269282870757 -30.88041718249378 32.2
      vertex 18 -30.875 30
    endloop
  endfacet
  facet normal -0.14673047445535722 -0.9891765099647816 0
    outer loop
      vertex 18.219476612268146 -30.896616559546366 30
      vertex 18.219476612268146 -30.896616559546366 32.2
      vertex 18.110269282870757 -30.88041718249378 30
    endloop
  endfacet
  facet normal -0.24298017990324827 -0.9700312531945479 0
    outer loop
      vertex 18.32657026191127 -30.923442122301264 30
      vertex 18.32657026191127 -30.923442122301264 32.2
      vertex 18.219476612268146 -30.896616559546366 30
    endloop
  endfacet
  facet normal -0.3368898533922491 -0.9415440651830105 0
    outer loop
      vertex 18.430518861410725 -30.960635525924804 30
      vertex 18.430518861410725 -30.960635525924804 32.2
      vertex 18.32657026191127 -30.923442122301264 30
    endloop
  endfacet
  facet normal -0.4275550934302731 -0.9039892931234477 0
    outer loop
      vertex 18.530321328929247 -31.0078385776081 30
      vertex 18.530321328929247 -31.0078385776081 32.2
      vertex 18.430518861410725 -30.960635525924804 30
    endloop
  endfacet
  facet normal -0.5141027441932103 -0.8577286100002789 0
    outer loop
      vertex 18.530321328929247 -31.0078385776081 30
      vertex 18.625016512147052 -31.064596686159636 30
      vertex 18.625016512147052 -31.064596686159636 32.2
    endloop
  endfacet
  facet normal -0.5956993044924367 -0.8032075314806425 0
    outer loop
      vertex 18.713692444684103 -31.130363239966922 30
      vertex 18.713692444684103 -31.130363239966922 32.2
      vertex 18.625016512147052 -31.064596686159636 30
    endloop
  endfacet
  facet normal 0.5956993044924367 -0.8032075314806425 0
    outer loop
      vertex 17.286307555315897 -31.130363239966922 30
      vertex 17.374983487852948 -31.064596686159636 32.2
      vertex 17.286307555315897 -31.130363239966922 32.2
    endloop
  endfacet
  facet normal 0.5141027441932103 -0.8577286100002789 0
    outer loop
      vertex 17.374983487852948 -31.064596686159636 30
      vertex 17.469678671070753 -31.0078385776081 32.2
      vertex 17.374983487852948 -31.064596686159636 32.2
    endloop
  endfacet
  facet normal 0.4275550934302731 -0.9039892931234477 0
    outer loop
      vertex 17.469678671070753 -31.0078385776081 30
      vertex 17.569481138589275 -30.960635525924804 32.2
      vertex 17.469678671070753 -31.0078385776081 32.2
    endloop
  endfacet
  facet normal 0.3368898533922491 -0.9415440651830105 0
    outer loop
      vertex 17.569481138589275 -30.960635525924804 30
      vertex 17.67342973808873 -30.923442122301264 32.2
      vertex 17.569481138589275 -30.960635525924804 32.2
    endloop
  endfacet
  facet normal 0.24298017990324827 -0.9700312531945479 0
    outer loop
      vertex 17.67342973808873 -30.923442122301264 30
      vertex 17.780523387731854 -30.896616559546366 32.2
      vertex 17.67342973808873 -30.923442122301264 32.2
    endloop
  endfacet
  facet normal 0.14673047445535722 -0.9891765099647816 0
    outer loop
      vertex 17.780523387731854 -30.896616559546366 30
      vertex 17.889730717129243 -30.88041718249378 32.2
      vertex 17.780523387731854 -30.896616559546366 32.2
    endloop
  endfacet
  facet normal 0.04906767432742788 -0.9987954562051718 0
    outer loop
      vertex 17.889730717129243 -30.88041718249378 30
      vertex 18 -30.875 32.2
      vertex 17.889730717129243 -30.88041718249378 32.2
    endloop
  endfacet
  facet normal -0.04906767432742788 -0.9987954562051718 0
    outer loop
      vertex 18 -30.875 30
      vertex 18.110269282870757 -30.88041718249378 32.2
      vertex 18 -30.875 32.2
    endloop
  endfacet
  facet normal -0.14673047445535722 -0.9891765099647816 0
    outer loop
      vertex 18.110269282870757 -30.88041718249378 30
      vertex 18.219476612268146 -30.896616559546366 32.2
      vertex 18.110269282870757 -30.88041718249378 32.2
    endloop
  endfacet
  facet normal -0.24298017990324827 -0.9700312531945479 0
    outer loop
      vertex 18.219476612268146 -30.896616559546366 30
      vertex 18.32657026191127 -30.923442122301264 32.2
      vertex 18.219476612268146 -30.896616559546366 32.2
    endloop
  endfacet
  facet normal -0.3368898533922491 -0.9415440651830105 0
    outer loop
      vertex 18.32657026191127 -30.923442122301264 30
      vertex 18.430518861410725 -30.960635525924804 32.2
      vertex 18.32657026191127 -30.923442122301264 32.2
    endloop
  endfacet
  facet normal -0.4275550934302731 -0.9039892931234477 0
    outer loop
      vertex 18.430518861410725 -30.960635525924804 30
      vertex 18.530321328929247 -31.0078385776081 32.2
      vertex 18.430518861410725 -30.960635525924804 32.2
    endloop
  endfacet
  facet normal -0.5141027441932103 -0.8577286100002789 0
    outer loop
      vertex 18.530321328929247 -31.0078385776081 30
      vertex 18.625016512147052 -31.064596686159636 32.2
      vertex 18.530321328929247 -31.0078385776081 32.2
    endloop
  endfacet
  facet normal -0.5956993044924367 -0.8032075314806425 0
    outer loop
      vertex 18.625016512147052 -31.064596686159636 30
      vertex 18.713692444684103 -31.130363239966922 32.2
      vertex 18.625016512147052 -31.064596686159636 32.2
    endloop
  endfacet
  facet normal -0.7409511253549508 -0.6715589548470277 0
    outer loop
      vertex 18.795495128834865 -31.204504871165135 30
      vertex 18.869636760033078 -31.286307555315897 30
      vertex 18.869636760033078 -31.286307555315897 32.2
    endloop
  endfacet
  facet normal -0.9039892931234477 -0.4275550934302731 0
    outer loop
      vertex 18.9921614223919 -31.469678671070753 30
      vertex 19.039364474075196 -31.569481138589275 30
      vertex 19.039364474075196 -31.569481138589275 32.2
    endloop
  endfacet
  facet normal -0.8032075314806425 -0.5956993044924367 0
    outer loop
      vertex 18.869636760033078 -31.286307555315897 30
      vertex 18.935403313840364 -31.374983487852948 30
      vertex 18.935403313840364 -31.374983487852948 32.2
    endloop
  endfacet
  facet normal -0.8577286100002789 -0.5141027441932103 0
    outer loop
      vertex 18.935403313840364 -31.374983487852948 30
      vertex 18.9921614223919 -31.469678671070753 30
      vertex 18.9921614223919 -31.469678671070753 32.2
    endloop
  endfacet
  facet normal -0.9700312531945479 0.24298017990324827 0
    outer loop
      vertex 19.103383440453634 -32.219476612268146 30
      vertex 19.076557877698736 -32.32657026191127 30
      vertex 19.076557877698736 -32.32657026191127 32.2
    endloop
  endfacet
  facet normal -0.9891765099647825 0.14673047445535256 0
    outer loop
      vertex 19.11958281750622 -32.11026928287075 30
      vertex 19.103383440453634 -32.219476612268146 30
      vertex 19.103383440453634 -32.219476612268146 32.2
    endloop
  endfacet
  facet normal -0.9987954562051717 0.04906767432742945 0
    outer loop
      vertex 19.125 -32 30
      vertex 19.11958281750622 -32.11026928287075 30
      vertex 19.11958281750622 -32.11026928287075 32.2
    endloop
  endfacet
  facet normal -0.9987954562051718 -0.04906767432742788 0
    outer loop
      vertex 19.11958281750622 -31.889730717129243 30
      vertex 19.125 -32 30
      vertex 19.125 -32 32.2
    endloop
  endfacet
  facet normal -0.9891765099647816 -0.14673047445535722 0
    outer loop
      vertex 19.103383440453634 -31.780523387731854 30
      vertex 19.11958281750622 -31.889730717129243 30
      vertex 19.11958281750622 -31.889730717129243 32.2
    endloop
  endfacet
  facet normal -0.9700312531945479 -0.24298017990324827 0
    outer loop
      vertex 19.076557877698736 -31.67342973808873 30
      vertex 19.103383440453634 -31.780523387731854 30
      vertex 19.103383440453634 -31.780523387731854 32.2
    endloop
  endfacet
  facet normal -0.9415440651830105 -0.3368898533922491 0
    outer loop
      vertex 19.039364474075196 -31.569481138589275 30
      vertex 19.076557877698736 -31.67342973808873 30
      vertex 19.076557877698736 -31.67342973808873 32.2
    endloop
  endfacet
  facet normal -0.6715589548470277 -0.7409511253549508 0
    outer loop
      vertex 18.713692444684103 -31.130363239966922 30
      vertex 18.795495128834865 -31.204504871165135 30
      vertex 18.795495128834865 -31.204504871165135 32.2
    endloop
  endfacet
  facet normal -0.7409511253549508 -0.6715589548470277 0
    outer loop
      vertex 18.795495128834865 -31.204504871165135 30
      vertex 18.869636760033078 -31.286307555315897 32.2
      vertex 18.795495128834865 -31.204504871165135 32.2
    endloop
  endfacet
  facet normal -0.8577286100002789 -0.5141027441932103 0
    outer loop
      vertex 18.935403313840364 -31.374983487852948 30
      vertex 18.9921614223919 -31.469678671070753 32.2
      vertex 18.935403313840364 -31.374983487852948 32.2
    endloop
  endfacet
  facet normal -0.8032075314806425 -0.5956993044924367 0
    outer loop
      vertex 18.869636760033078 -31.286307555315897 30
      vertex 18.935403313840364 -31.374983487852948 32.2
      vertex 18.869636760033078 -31.286307555315897 32.2
    endloop
  endfacet
  facet normal -0.9039892931234477 -0.4275550934302731 0
    outer loop
      vertex 19.039364474075196 -31.569481138589275 32.2
      vertex 18.9921614223919 -31.469678671070753 32.2
      vertex 18.9921614223919 -31.469678671070753 30
    endloop
  endfacet
  facet normal -0.9415440651830105 0.3368898533922491 0
    outer loop
      vertex 19.076557877698736 -32.32657026191127 30
      vertex 19.039364474075196 -32.430518861410725 32.2
      vertex 19.076557877698736 -32.32657026191127 32.2
    endloop
  endfacet
  facet normal -0.9700312531945479 0.24298017990324827 0
    outer loop
      vertex 19.103383440453634 -32.219476612268146 30
      vertex 19.076557877698736 -32.32657026191127 32.2
      vertex 19.103383440453634 -32.219476612268146 32.2
    endloop
  endfacet
  facet normal -0.9891765099647825 0.14673047445535256 0
    outer loop
      vertex 19.11958281750622 -32.11026928287075 30
      vertex 19.103383440453634 -32.219476612268146 32.2
      vertex 19.11958281750622 -32.11026928287075 32.2
    endloop
  endfacet
  facet normal -0.9987954562051717 0.04906767432742945 0
    outer loop
      vertex 19.125 -32 30
      vertex 19.11958281750622 -32.11026928287075 32.2
      vertex 19.125 -32 32.2
    endloop
  endfacet
  facet normal -0.9987954562051718 -0.04906767432742788 0
    outer loop
      vertex 19.11958281750622 -31.889730717129243 30
      vertex 19.125 -32 32.2
      vertex 19.11958281750622 -31.889730717129243 32.2
    endloop
  endfacet
  facet normal -0.9891765099647816 -0.14673047445535722 0
    outer loop
      vertex 19.103383440453634 -31.780523387731854 30
      vertex 19.11958281750622 -31.889730717129243 32.2
      vertex 19.103383440453634 -31.780523387731854 32.2
    endloop
  endfacet
  facet normal -0.9700312531945479 -0.24298017990324827 0
    outer loop
      vertex 19.076557877698736 -31.67342973808873 30
      vertex 19.103383440453634 -31.780523387731854 32.2
      vertex 19.076557877698736 -31.67342973808873 32.2
    endloop
  endfacet
  facet normal -0.9415440651830105 -0.3368898533922491 0
    outer loop
      vertex 19.039364474075196 -31.569481138589275 30
      vertex 19.076557877698736 -31.67342973808873 32.2
      vertex 19.039364474075196 -31.569481138589275 32.2
    endloop
  endfacet
  facet normal -0.6715589548470277 -0.7409511253549508 0
    outer loop
      vertex 18.713692444684103 -31.130363239966922 30
      vertex 18.795495128834865 -31.204504871165135 32.2
      vertex 18.713692444684103 -31.130363239966922 32.2
    endloop
  endfacet
  facet normal 0.6715589548470277 0.7409511253549508 0
    outer loop
      vertex 17.204504871165135 31.204504871165135 32.2
      vertex 17.286307555315897 31.130363239966922 30
      vertex 17.204504871165135 31.204504871165135 30
    endloop
  endfacet
  facet normal 0.9891765099647816 0.14673047445535722 0
    outer loop
      vertex 16.88041718249378 31.889730717129243 32.2
      vertex 16.896616559546366 31.780523387731854 30
      vertex 16.88041718249378 31.889730717129243 30
    endloop
  endfacet
  facet normal 0.9987954562051718 0.04906767432742788 0
    outer loop
      vertex 16.875 32 32.2
      vertex 16.88041718249378 31.889730717129243 30
      vertex 16.875 32 30
    endloop
  endfacet
  facet normal 0.9987954562051717 -0.04906767432742945 0
    outer loop
      vertex 16.88041718249378 32.11026928287075 32.2
      vertex 16.875 32 30
      vertex 16.88041718249378 32.11026928287075 30
    endloop
  endfacet
  facet normal 0.8577286100002789 0.5141027441932103 0
    outer loop
      vertex 17.0078385776081 31.469678671070753 32.2
      vertex 17.064596686159636 31.374983487852948 30
      vertex 17.0078385776081 31.469678671070753 30
    endloop
  endfacet
  facet normal 0.9039892931234477 0.4275550934302731 0
    outer loop
      vertex 16.960635525924804 31.569481138589275 32.2
      vertex 17.0078385776081 31.469678671070753 30
      vertex 16.960635525924804 31.569481138589275 30
    endloop
  endfacet
  facet normal 0.9415440651830105 0.3368898533922491 0
    outer loop
      vertex 16.923442122301264 31.67342973808873 32.2
      vertex 16.960635525924804 31.569481138589275 30
      vertex 16.923442122301264 31.67342973808873 30
    endloop
  endfacet
  facet normal 0.9700312531945479 0.24298017990324827 0
    outer loop
      vertex 16.896616559546366 31.780523387731854 32.2
      vertex 16.923442122301264 31.67342973808873 30
      vertex 16.896616559546366 31.780523387731854 30
    endloop
  endfacet
  facet normal 0.8032075314806425 0.5956993044924367 0
    outer loop
      vertex 17.130363239966922 31.286307555315897 30
      vertex 17.064596686159636 31.374983487852948 30
      vertex 17.064596686159636 31.374983487852948 32.2
    endloop
  endfacet
  facet normal 0.7409511253549508 0.6715589548470277 0
    outer loop
      vertex 17.130363239966922 31.286307555315897 32.2
      vertex 17.204504871165135 31.204504871165135 30
      vertex 17.130363239966922 31.286307555315897 30
    endloop
  endfacet
  facet normal 0.9891765099647825 -0.14673047445535256 0
    outer loop
      vertex 16.896616559546366 32.219476612268146 32.2
      vertex 16.88041718249378 32.11026928287075 30
      vertex 16.896616559546366 32.219476612268146 30
    endloop
  endfacet
  facet normal 0.9700312531945479 -0.24298017990324827 0
    outer loop
      vertex 16.923442122301264 32.32657026191127 32.2
      vertex 16.896616559546366 32.219476612268146 30
      vertex 16.923442122301264 32.32657026191127 30
    endloop
  endfacet
  facet normal 0.9987954562051718 0.04906767432742788 0
    outer loop
      vertex 16.875 32 32.2
      vertex 16.88041718249378 31.889730717129243 32.2
      vertex 16.88041718249378 31.889730717129243 30
    endloop
  endfacet
  facet normal 0.9987954562051717 -0.04906767432742945 0
    outer loop
      vertex 16.88041718249378 32.11026928287075 32.2
      vertex 16.875 32 32.2
      vertex 16.875 32 30
    endloop
  endfacet
  facet normal 0.9891765099647825 -0.14673047445535256 0
    outer loop
      vertex 16.896616559546366 32.219476612268146 32.2
      vertex 16.88041718249378 32.11026928287075 32.2
      vertex 16.88041718249378 32.11026928287075 30
    endloop
  endfacet
  facet normal 0.9039892931234477 0.4275550934302731 0
    outer loop
      vertex 16.960635525924804 31.569481138589275 32.2
      vertex 17.0078385776081 31.469678671070753 32.2
      vertex 17.0078385776081 31.469678671070753 30
    endloop
  endfacet
  facet normal 0.8577286100002789 0.5141027441932103 0
    outer loop
      vertex 17.0078385776081 31.469678671070753 32.2
      vertex 17.064596686159636 31.374983487852948 32.2
      vertex 17.064596686159636 31.374983487852948 30
    endloop
  endfacet
  facet normal 0.9415440651830105 0.3368898533922491 0
    outer loop
      vertex 16.923442122301264 31.67342973808873 32.2
      vertex 16.960635525924804 31.569481138589275 32.2
      vertex 16.960635525924804 31.569481138589275 30
    endloop
  endfacet
  facet normal 0.9700312531945479 0.24298017990324827 0
    outer loop
      vertex 16.896616559546366 31.780523387731854 32.2
      vertex 16.923442122301264 31.67342973808873 32.2
      vertex 16.923442122301264 31.67342973808873 30
    endloop
  endfacet
  facet normal 0.8032075314806425 0.5956993044924367 0
    outer loop
      vertex 17.064596686159636 31.374983487852948 32.2
      vertex 17.130363239966922 31.286307555315897 32.2
      vertex 17.130363239966922 31.286307555315897 30
    endloop
  endfacet
  facet normal 0.7409511253549508 0.6715589548470277 0
    outer loop
      vertex 17.130363239966922 31.286307555315897 32.2
      vertex 17.204504871165135 31.204504871165135 32.2
      vertex 17.204504871165135 31.204504871165135 30
    endloop
  endfacet
  facet normal 0.9891765099647816 0.14673047445535722 0
    outer loop
      vertex 16.88041718249378 31.889730717129243 32.2
      vertex 16.896616559546366 31.780523387731854 32.2
      vertex 16.896616559546366 31.780523387731854 30
    endloop
  endfacet
  facet normal 0.9700312531945479 -0.24298017990324827 0
    outer loop
      vertex 16.923442122301264 32.32657026191127 32.2
      vertex 16.896616559546366 32.219476612268146 32.2
      vertex 16.896616559546366 32.219476612268146 30
    endloop
  endfacet
  facet normal 0.9415440651830105 -0.3368898533922491 0
    outer loop
      vertex 16.960635525924804 32.430518861410725 32.2
      vertex 16.923442122301264 32.32657026191127 32.2
      vertex 16.923442122301264 32.32657026191127 30
    endloop
  endfacet
  facet normal 0.9415440651830105 -0.3368898533922491 0
    outer loop
      vertex 16.960635525924804 32.430518861410725 32.2
      vertex 16.923442122301264 32.32657026191127 30
      vertex 16.960635525924804 32.430518861410725 30
    endloop
  endfacet
  facet normal 0.9039892931234477 -0.4275550934302731 0
    outer loop
      vertex 17.0078385776081 32.53032132892925 32.2
      vertex 16.960635525924804 32.430518861410725 30
      vertex 17.0078385776081 32.53032132892925 30
    endloop
  endfacet
  facet normal 0.8577286100002874 -0.5141027441931961 0
    outer loop
      vertex 17.064596686159636 32.625016512147056 32.2
      vertex 17.0078385776081 32.53032132892925 30
      vertex 17.064596686159636 32.625016512147056 30
    endloop
  endfacet
  facet normal 0.8032075314806197 -0.5956993044924674 0
    outer loop
      vertex 17.130363239966922 32.7136924446841 32.2
      vertex 17.064596686159636 32.625016512147056 30
      vertex 17.130363239966922 32.7136924446841 30
    endloop
  endfacet
  facet normal 0.7409511253549652 -0.6715589548470116 0
    outer loop
      vertex 17.204504871165135 32.795495128834865 32.2
      vertex 17.130363239966922 32.7136924446841 30
      vertex 17.204504871165135 32.795495128834865 30
    endloop
  endfacet
  facet normal 0.9039892931234477 -0.4275550934302731 0
    outer loop
      vertex 17.0078385776081 32.53032132892925 32.2
      vertex 16.960635525924804 32.430518861410725 32.2
      vertex 16.960635525924804 32.430518861410725 30
    endloop
  endfacet
  facet normal 0.8577286100002874 -0.5141027441931961 0
    outer loop
      vertex 17.064596686159636 32.625016512147056 32.2
      vertex 17.0078385776081 32.53032132892925 32.2
      vertex 17.0078385776081 32.53032132892925 30
    endloop
  endfacet
  facet normal 0.8032075314806197 -0.5956993044924674 0
    outer loop
      vertex 17.130363239966922 32.7136924446841 32.2
      vertex 17.064596686159636 32.625016512147056 32.2
      vertex 17.064596686159636 32.625016512147056 30
    endloop
  endfacet
  facet normal 0.7409511253549652 -0.6715589548470116 0
    outer loop
      vertex 17.204504871165135 32.795495128834865 32.2
      vertex 17.130363239966922 32.7136924446841 32.2
      vertex 17.130363239966922 32.7136924446841 30
    endloop
  endfacet
  facet normal 0.6715589548470453 -0.7409511253549348 0
    outer loop
      vertex 17.204504871165135 32.795495128834865 32.2
      vertex 17.204504871165135 32.795495128834865 30
      vertex 17.286307555315897 32.86963676003308 32.2
    endloop
  endfacet
  facet normal 0.5956993044924367 0.8032075314806425 0
    outer loop
      vertex 17.286307555315897 31.130363239966922 32.2
      vertex 17.374983487852948 31.064596686159636 30
      vertex 17.286307555315897 31.130363239966922 30
    endloop
  endfacet
  facet normal 0.5141027441932103 0.8577286100002789 0
    outer loop
      vertex 17.374983487852948 31.064596686159636 32.2
      vertex 17.469678671070753 31.0078385776081 30
      vertex 17.374983487852948 31.064596686159636 30
    endloop
  endfacet
  facet normal 0.4275550934302731 0.9039892931234477 0
    outer loop
      vertex 17.469678671070753 31.0078385776081 32.2
      vertex 17.569481138589275 30.960635525924804 30
      vertex 17.469678671070753 31.0078385776081 30
    endloop
  endfacet
  facet normal 0.3368898533922491 0.9415440651830105 0
    outer loop
      vertex 17.569481138589275 30.960635525924804 32.2
      vertex 17.67342973808873 30.923442122301264 30
      vertex 17.569481138589275 30.960635525924804 30
    endloop
  endfacet
  facet normal 0.24298017990324827 0.9700312531945479 0
    outer loop
      vertex 17.67342973808873 30.923442122301264 32.2
      vertex 17.780523387731854 30.896616559546366 30
      vertex 17.67342973808873 30.923442122301264 30
    endloop
  endfacet
  facet normal 0.14673047445535722 0.9891765099647816 0
    outer loop
      vertex 17.780523387731854 30.896616559546366 32.2
      vertex 17.889730717129243 30.88041718249378 30
      vertex 17.780523387731854 30.896616559546366 30
    endloop
  endfacet
  facet normal 0.04906767432742788 0.9987954562051718 0
    outer loop
      vertex 17.889730717129243 30.88041718249378 32.2
      vertex 18 30.875 30
      vertex 17.889730717129243 30.88041718249378 30
    endloop
  endfacet
  facet normal -0.04906767432742788 0.9987954562051718 0
    outer loop
      vertex 18 30.875 32.2
      vertex 18.110269282870757 30.88041718249378 30
      vertex 18 30.875 30
    endloop
  endfacet
  facet normal -0.14673047445535722 0.9891765099647816 0
    outer loop
      vertex 18.110269282870757 30.88041718249378 32.2
      vertex 18.219476612268146 30.896616559546366 30
      vertex 18.110269282870757 30.88041718249378 30
    endloop
  endfacet
  facet normal -0.24298017990324827 0.9700312531945479 0
    outer loop
      vertex 18.219476612268146 30.896616559546366 32.2
      vertex 18.32657026191127 30.923442122301264 30
      vertex 18.219476612268146 30.896616559546366 30
    endloop
  endfacet
  facet normal -0.3368898533922491 0.9415440651830105 0
    outer loop
      vertex 18.32657026191127 30.923442122301264 32.2
      vertex 18.430518861410725 30.960635525924804 30
      vertex 18.32657026191127 30.923442122301264 30
    endloop
  endfacet
  facet normal -0.4275550934302731 0.9039892931234477 0
    outer loop
      vertex 18.430518861410725 30.960635525924804 32.2
      vertex 18.530321328929247 31.0078385776081 30
      vertex 18.430518861410725 30.960635525924804 30
    endloop
  endfacet
  facet normal -0.5141027441932103 0.8577286100002789 0
    outer loop
      vertex 18.530321328929247 31.0078385776081 32.2
      vertex 18.625016512147052 31.064596686159636 30
      vertex 18.530321328929247 31.0078385776081 30
    endloop
  endfacet
  facet normal -0.5956993044924367 0.8032075314806425 0
    outer loop
      vertex 18.625016512147052 31.064596686159636 32.2
      vertex 18.713692444684103 31.130363239966922 30
      vertex 18.625016512147052 31.064596686159636 30
    endloop
  endfacet
  facet normal 0.6715589548470277 0.7409511253549508 0
    outer loop
      vertex 17.286307555315897 31.130363239966922 32.2
      vertex 17.286307555315897 31.130363239966922 30
      vertex 17.204504871165135 31.204504871165135 32.2
    endloop
  endfacet
  facet normal 0.5956993044924367 0.8032075314806425 0
    outer loop
      vertex 17.374983487852948 31.064596686159636 32.2
      vertex 17.374983487852948 31.064596686159636 30
      vertex 17.286307555315897 31.130363239966922 32.2
    endloop
  endfacet
  facet normal 0.5141027441932103 0.8577286100002789 0
    outer loop
      vertex 17.469678671070753 31.0078385776081 30
      vertex 17.374983487852948 31.064596686159636 32.2
      vertex 17.469678671070753 31.0078385776081 32.2
    endloop
  endfacet
  facet normal 0.4275550934302731 0.9039892931234477 0
    outer loop
      vertex 17.569481138589275 30.960635525924804 32.2
      vertex 17.569481138589275 30.960635525924804 30
      vertex 17.469678671070753 31.0078385776081 32.2
    endloop
  endfacet
  facet normal 0.24298017990324827 0.9700312531945479 0
    outer loop
      vertex 17.780523387731854 30.896616559546366 32.2
      vertex 17.780523387731854 30.896616559546366 30
      vertex 17.67342973808873 30.923442122301264 32.2
    endloop
  endfacet
  facet normal 0.3368898533922491 0.9415440651830105 0
    outer loop
      vertex 17.67342973808873 30.923442122301264 32.2
      vertex 17.67342973808873 30.923442122301264 30
      vertex 17.569481138589275 30.960635525924804 32.2
    endloop
  endfacet
  facet normal 0.14673047445535722 0.9891765099647816 0
    outer loop
      vertex 17.889730717129243 30.88041718249378 32.2
      vertex 17.889730717129243 30.88041718249378 30
      vertex 17.780523387731854 30.896616559546366 32.2
    endloop
  endfacet
  facet normal 0.04906767432742788 0.9987954562051718 0
    outer loop
      vertex 18 30.875 32.2
      vertex 18 30.875 30
      vertex 17.889730717129243 30.88041718249378 32.2
    endloop
  endfacet
  facet normal -0.04906767432742788 0.9987954562051718 0
    outer loop
      vertex 18.110269282870757 30.88041718249378 32.2
      vertex 18.110269282870757 30.88041718249378 30
      vertex 18 30.875 32.2
    endloop
  endfacet
  facet normal -0.14673047445535722 0.9891765099647816 0
    outer loop
      vertex 18.219476612268146 30.896616559546366 32.2
      vertex 18.219476612268146 30.896616559546366 30
      vertex 18.110269282870757 30.88041718249378 32.2
    endloop
  endfacet
  facet normal -0.24298017990324827 0.9700312531945479 0
    outer loop
      vertex 18.32657026191127 30.923442122301264 32.2
      vertex 18.32657026191127 30.923442122301264 30
      vertex 18.219476612268146 30.896616559546366 32.2
    endloop
  endfacet
  facet normal -0.3368898533922491 0.9415440651830105 0
    outer loop
      vertex 18.430518861410725 30.960635525924804 32.2
      vertex 18.430518861410725 30.960635525924804 30
      vertex 18.32657026191127 30.923442122301264 32.2
    endloop
  endfacet
  facet normal -0.4275550934302731 0.9039892931234477 0
    outer loop
      vertex 18.530321328929247 31.0078385776081 32.2
      vertex 18.530321328929247 31.0078385776081 30
      vertex 18.430518861410725 30.960635525924804 32.2
    endloop
  endfacet
  facet normal -0.5141027441932103 0.8577286100002789 0
    outer loop
      vertex 18.625016512147052 31.064596686159636 32.2
      vertex 18.625016512147052 31.064596686159636 30
      vertex 18.530321328929247 31.0078385776081 32.2
    endloop
  endfacet
  facet normal -0.5956993044924367 0.8032075314806425 0
    outer loop
      vertex 18.713692444684103 31.130363239966922 32.2
      vertex 18.713692444684103 31.130363239966922 30
      vertex 18.625016512147052 31.064596686159636 32.2
    endloop
  endfacet
  facet normal -0.6715589548470277 0.7409511253549508 0
    outer loop
      vertex 18.795495128834865 31.204504871165135 30
      vertex 18.713692444684103 31.130363239966922 30
      vertex 18.713692444684103 31.130363239966922 32.2
    endloop
  endfacet
  facet normal -0.7409511253549508 0.6715589548470277 0
    outer loop
      vertex 18.869636760033078 31.286307555315897 30
      vertex 18.795495128834865 31.204504871165135 30
      vertex 18.795495128834865 31.204504871165135 32.2
    endloop
  endfacet
  facet normal -0.8032075314806425 0.5956993044924367 0
    outer loop
      vertex 18.935403313840364 31.374983487852948 30
      vertex 18.869636760033078 31.286307555315897 30
      vertex 18.869636760033078 31.286307555315897 32.2
    endloop
  endfacet
  facet normal -0.8577286100002789 0.5141027441932103 0
    outer loop
      vertex 18.9921614223919 31.469678671070753 30
      vertex 18.935403313840364 31.374983487852948 30
      vertex 18.935403313840364 31.374983487852948 32.2
    endloop
  endfacet
  facet normal -0.9039892931234477 0.4275550934302731 0
    outer loop
      vertex 19.039364474075196 31.569481138589275 30
      vertex 18.9921614223919 31.469678671070753 30
      vertex 18.9921614223919 31.469678671070753 32.2
    endloop
  endfacet
  facet normal -0.9415440651830105 0.3368898533922491 0
    outer loop
      vertex 19.076557877698736 31.67342973808873 30
      vertex 19.039364474075196 31.569481138589275 30
      vertex 19.039364474075196 31.569481138589275 32.2
    endloop
  endfacet
  facet normal -0.9700312531945479 0.24298017990324827 0
    outer loop
      vertex 19.103383440453634 31.780523387731854 30
      vertex 19.076557877698736 31.67342973808873 30
      vertex 19.076557877698736 31.67342973808873 32.2
    endloop
  endfacet
  facet normal -0.9891765099647816 0.14673047445535722 0
    outer loop
      vertex 19.11958281750622 31.889730717129243 30
      vertex 19.103383440453634 31.780523387731854 30
      vertex 19.103383440453634 31.780523387731854 32.2
    endloop
  endfacet
  facet normal -0.9987954562051718 0.04906767432742788 0
    outer loop
      vertex 19.125 32 30
      vertex 19.11958281750622 31.889730717129243 30
      vertex 19.11958281750622 31.889730717129243 32.2
    endloop
  endfacet
  facet normal -0.9987954562051717 -0.04906767432742945 0
    outer loop
      vertex 19.11958281750622 32.11026928287075 30
      vertex 19.125 32 30
      vertex 19.125 32 32.2
    endloop
  endfacet
  facet normal -0.9891765099647825 -0.14673047445535256 0
    outer loop
      vertex 19.103383440453634 32.219476612268146 30
      vertex 19.11958281750622 32.11026928287075 30
      vertex 19.11958281750622 32.11026928287075 32.2
    endloop
  endfacet
  facet normal -0.9415440651830105 -0.3368898533922491 0
    outer loop
      vertex 19.039364474075196 32.430518861410725 30
      vertex 19.076557877698736 32.32657026191127 30
      vertex 19.076557877698736 32.32657026191127 32.2
    endloop
  endfacet
  facet normal -0.9700312531945479 -0.24298017990324827 0
    outer loop
      vertex 19.076557877698736 32.32657026191127 30
      vertex 19.103383440453634 32.219476612268146 30
      vertex 19.103383440453634 32.219476612268146 32.2
    endloop
  endfacet
  facet normal -0.6715589548470277 0.7409511253549508 0
    outer loop
      vertex 18.795495128834865 31.204504871165135 30
      vertex 18.713692444684103 31.130363239966922 32.2
      vertex 18.795495128834865 31.204504871165135 32.2
    endloop
  endfacet
  facet normal -0.7409511253549508 0.6715589548470277 0
    outer loop
      vertex 18.795495128834865 31.204504871165135 32.2
      vertex 18.869636760033078 31.286307555315897 32.2
      vertex 18.869636760033078 31.286307555315897 30
    endloop
  endfacet
  facet normal -0.8032075314806425 0.5956993044924367 0
    outer loop
      vertex 18.935403313840364 31.374983487852948 30
      vertex 18.869636760033078 31.286307555315897 32.2
      vertex 18.935403313840364 31.374983487852948 32.2
    endloop
  endfacet
  facet normal -0.8577286100002789 0.5141027441932103 0
    outer loop
      vertex 18.9921614223919 31.469678671070753 30
      vertex 18.935403313840364 31.374983487852948 32.2
      vertex 18.9921614223919 31.469678671070753 32.2
    endloop
  endfacet
  facet normal -0.9039892931234477 0.4275550934302731 0
    outer loop
      vertex 18.9921614223919 31.469678671070753 32.2
      vertex 19.039364474075196 31.569481138589275 32.2
      vertex 19.039364474075196 31.569481138589275 30
    endloop
  endfacet
  facet normal -0.9415440651830105 0.3368898533922491 0
    outer loop
      vertex 19.076557877698736 31.67342973808873 30
      vertex 19.039364474075196 31.569481138589275 32.2
      vertex 19.076557877698736 31.67342973808873 32.2
    endloop
  endfacet
  facet normal -0.9700312531945479 0.24298017990324827 0
    outer loop
      vertex 19.103383440453634 31.780523387731854 30
      vertex 19.076557877698736 31.67342973808873 32.2
      vertex 19.103383440453634 31.780523387731854 32.2
    endloop
  endfacet
  facet normal -0.9891765099647816 0.14673047445535722 0
    outer loop
      vertex 19.11958281750622 31.889730717129243 30
      vertex 19.103383440453634 31.780523387731854 32.2
      vertex 19.11958281750622 31.889730717129243 32.2
    endloop
  endfacet
  facet normal -0.9987954562051718 0.04906767432742788 0
    outer loop
      vertex 19.125 32 30
      vertex 19.11958281750622 31.889730717129243 32.2
      vertex 19.125 32 32.2
    endloop
  endfacet
  facet normal -0.9987954562051717 -0.04906767432742945 0
    outer loop
      vertex 19.11958281750622 32.11026928287075 30
      vertex 19.125 32 32.2
      vertex 19.11958281750622 32.11026928287075 32.2
    endloop
  endfacet
  facet normal -0.9891765099647825 -0.14673047445535256 0
    outer loop
      vertex 19.103383440453634 32.219476612268146 30
      vertex 19.11958281750622 32.11026928287075 32.2
      vertex 19.103383440453634 32.219476612268146 32.2
    endloop
  endfacet
  facet normal -0.9700312531945479 -0.24298017990324827 0
    outer loop
      vertex 19.076557877698736 32.32657026191127 30
      vertex 19.103383440453634 32.219476612268146 32.2
      vertex 19.076557877698736 32.32657026191127 32.2
    endloop
  endfacet
  facet normal 0.6715589548470453 -0.7409511253549348 0
    outer loop
      vertex 17.286307555315897 32.86963676003308 32.2
      vertex 17.204504871165135 32.795495128834865 30
      vertex 17.286307555315897 32.86963676003308 30
    endloop
  endfacet
  facet normal 0.5956993044923952 -0.8032075314806733 0
    outer loop
      vertex 17.374983487852948 32.93540331384036 32.2
      vertex 17.286307555315897 32.86963676003308 30
      vertex 17.374983487852948 32.93540331384036 30
    endloop
  endfacet
  facet normal 0.5141027441932577 -0.8577286100002505 0
    outer loop
      vertex 17.469678671070753 32.9921614223919 32.2
      vertex 17.374983487852948 32.93540331384036 30
      vertex 17.469678671070753 32.9921614223919 30
    endloop
  endfacet
  facet normal 0.4275550934302731 -0.9039892931234477 0
    outer loop
      vertex 17.569481138589275 33.0393644740752 32.2
      vertex 17.469678671070753 32.9921614223919 30
      vertex 17.569481138589275 33.0393644740752 30
    endloop
  endfacet
  facet normal 0.336889853392192 -0.9415440651830309 0
    outer loop
      vertex 17.67342973808873 33.07655787769873 32.2
      vertex 17.569481138589275 33.0393644740752 30
      vertex 17.67342973808873 33.07655787769873 30
    endloop
  endfacet
  facet normal 0.24298017990327855 -0.9700312531945403 0
    outer loop
      vertex 17.780523387731854 33.103383440453634 32.2
      vertex 17.67342973808873 33.07655787769873 30
      vertex 17.780523387731854 33.103383440453634 30
    endloop
  endfacet
  facet normal 0.14673047445535722 -0.9891765099647816 0
    outer loop
      vertex 17.889730717129243 33.11958281750622 32.2
      vertex 17.780523387731854 33.103383440453634 30
      vertex 17.889730717129243 33.11958281750622 30
    endloop
  endfacet
  facet normal 0.04906767432742788 -0.9987954562051718 0
    outer loop
      vertex 18 33.125 32.2
      vertex 17.889730717129243 33.11958281750622 30
      vertex 18 33.125 30
    endloop
  endfacet
  facet normal -0.04906767432742788 -0.9987954562051718 0
    outer loop
      vertex 18.110269282870757 33.11958281750622 32.2
      vertex 18 33.125 30
      vertex 18.110269282870757 33.11958281750622 30
    endloop
  endfacet
  facet normal -0.14673047445535722 -0.9891765099647816 0
    outer loop
      vertex 18.219476612268146 33.103383440453634 32.2
      vertex 18.110269282870757 33.11958281750622 30
      vertex 18.219476612268146 33.103383440453634 30
    endloop
  endfacet
  facet normal -0.24298017990327855 -0.9700312531945403 0
    outer loop
      vertex 18.32657026191127 33.07655787769873 32.2
      vertex 18.219476612268146 33.103383440453634 30
      vertex 18.32657026191127 33.07655787769873 30
    endloop
  endfacet
  facet normal -0.5956993044923952 -0.8032075314806733 0
    outer loop
      vertex 18.713692444684103 32.86963676003308 32.2
      vertex 18.625016512147052 32.93540331384036 30
      vertex 18.713692444684103 32.86963676003308 30
    endloop
  endfacet
  facet normal -0.336889853392192 -0.9415440651830309 0
    outer loop
      vertex 18.430518861410725 33.0393644740752 32.2
      vertex 18.32657026191127 33.07655787769873 30
      vertex 18.430518861410725 33.0393644740752 30
    endloop
  endfacet
  facet normal -0.4275550934302731 -0.9039892931234477 0
    outer loop
      vertex 18.530321328929247 32.9921614223919 32.2
      vertex 18.430518861410725 33.0393644740752 30
      vertex 18.530321328929247 32.9921614223919 30
    endloop
  endfacet
  facet normal -0.5141027441932577 -0.8577286100002505 0
    outer loop
      vertex 18.625016512147052 32.93540331384036 32.2
      vertex 18.530321328929247 32.9921614223919 30
      vertex 18.625016512147052 32.93540331384036 30
    endloop
  endfacet
  facet normal 0.5956993044923952 -0.8032075314806733 0
    outer loop
      vertex 17.286307555315897 32.86963676003308 32.2
      vertex 17.286307555315897 32.86963676003308 30
      vertex 17.374983487852948 32.93540331384036 32.2
    endloop
  endfacet
  facet normal 0.5141027441932577 -0.8577286100002505 0
    outer loop
      vertex 17.374983487852948 32.93540331384036 32.2
      vertex 17.374983487852948 32.93540331384036 30
      vertex 17.469678671070753 32.9921614223919 32.2
    endloop
  endfacet
  facet normal 0.4275550934302731 -0.9039892931234477 0
    outer loop
      vertex 17.469678671070753 32.9921614223919 32.2
      vertex 17.469678671070753 32.9921614223919 30
      vertex 17.569481138589275 33.0393644740752 32.2
    endloop
  endfacet
  facet normal 0.336889853392192 -0.9415440651830309 0
    outer loop
      vertex 17.569481138589275 33.0393644740752 32.2
      vertex 17.569481138589275 33.0393644740752 30
      vertex 17.67342973808873 33.07655787769873 32.2
    endloop
  endfacet
  facet normal 0.24298017990327855 -0.9700312531945403 0
    outer loop
      vertex 17.67342973808873 33.07655787769873 32.2
      vertex 17.67342973808873 33.07655787769873 30
      vertex 17.780523387731854 33.103383440453634 32.2
    endloop
  endfacet
  facet normal 0.14673047445535722 -0.9891765099647816 0
    outer loop
      vertex 17.780523387731854 33.103383440453634 32.2
      vertex 17.780523387731854 33.103383440453634 30
      vertex 17.889730717129243 33.11958281750622 32.2
    endloop
  endfacet
  facet normal 0.04906767432742788 -0.9987954562051718 0
    outer loop
      vertex 17.889730717129243 33.11958281750622 32.2
      vertex 17.889730717129243 33.11958281750622 30
      vertex 18 33.125 32.2
    endloop
  endfacet
  facet normal -0.04906767432742788 -0.9987954562051718 0
    outer loop
      vertex 18 33.125 32.2
      vertex 18 33.125 30
      vertex 18.110269282870757 33.11958281750622 32.2
    endloop
  endfacet
  facet normal -0.14673047445535722 -0.9891765099647816 0
    outer loop
      vertex 18.110269282870757 33.11958281750622 32.2
      vertex 18.110269282870757 33.11958281750622 30
      vertex 18.219476612268146 33.103383440453634 32.2
    endloop
  endfacet
  facet normal -0.24298017990327855 -0.9700312531945403 0
    outer loop
      vertex 18.219476612268146 33.103383440453634 32.2
      vertex 18.219476612268146 33.103383440453634 30
      vertex 18.32657026191127 33.07655787769873 32.2
    endloop
  endfacet
  facet normal -0.5956993044923952 -0.8032075314806733 0
    outer loop
      vertex 18.625016512147052 32.93540331384036 32.2
      vertex 18.625016512147052 32.93540331384036 30
      vertex 18.713692444684103 32.86963676003308 32.2
    endloop
  endfacet
  facet normal -0.336889853392192 -0.9415440651830309 0
    outer loop
      vertex 18.32657026191127 33.07655787769873 32.2
      vertex 18.32657026191127 33.07655787769873 30
      vertex 18.430518861410725 33.0393644740752 32.2
    endloop
  endfacet
  facet normal -0.4275550934302731 -0.9039892931234477 0
    outer loop
      vertex 18.430518861410725 33.0393644740752 32.2
      vertex 18.430518861410725 33.0393644740752 30
      vertex 18.530321328929247 32.9921614223919 32.2
    endloop
  endfacet
  facet normal -0.5141027441932577 -0.8577286100002505 0
    outer loop
      vertex 18.530321328929247 32.9921614223919 32.2
      vertex 18.530321328929247 32.9921614223919 30
      vertex 18.625016512147052 32.93540331384036 32.2
    endloop
  endfacet
  facet normal -0.6715589548470453 -0.7409511253549348 0
    outer loop
      vertex 18.713692444684103 32.86963676003308 30
      vertex 18.795495128834865 32.795495128834865 30
      vertex 18.795495128834865 32.795495128834865 32.2
    endloop
  endfacet
  facet normal -0.7409511253549652 -0.6715589548470116 0
    outer loop
      vertex 18.795495128834865 32.795495128834865 30
      vertex 18.869636760033078 32.7136924446841 30
      vertex 18.869636760033078 32.7136924446841 32.2
    endloop
  endfacet
  facet normal -0.8032075314806197 -0.5956993044924674 0
    outer loop
      vertex 18.869636760033078 32.7136924446841 30
      vertex 18.935403313840364 32.625016512147056 30
      vertex 18.935403313840364 32.625016512147056 32.2
    endloop
  endfacet
  facet normal -0.9039892931234477 -0.4275550934302731 0
    outer loop
      vertex 18.9921614223919 32.53032132892925 30
      vertex 19.039364474075196 32.430518861410725 30
      vertex 19.039364474075196 32.430518861410725 32.2
    endloop
  endfacet
  facet normal -0.8577286100002874 -0.5141027441931961 0
    outer loop
      vertex 18.935403313840364 32.625016512147056 30
      vertex 18.9921614223919 32.53032132892925 30
      vertex 18.9921614223919 32.53032132892925 32.2
    endloop
  endfacet
  facet normal -0.6715589548470453 -0.7409511253549348 0
    outer loop
      vertex 18.713692444684103 32.86963676003308 32.2
      vertex 18.713692444684103 32.86963676003308 30
      vertex 18.795495128834865 32.795495128834865 32.2
    endloop
  endfacet
  facet normal -0.7409511253549652 -0.6715589548470116 0
    outer loop
      vertex 18.869636760033078 32.7136924446841 32.2
      vertex 18.795495128834865 32.795495128834865 32.2
      vertex 18.795495128834865 32.795495128834865 30
    endloop
  endfacet
  facet normal -0.8577286100002874 -0.5141027441931961 0
    outer loop
      vertex 18.935403313840364 32.625016512147056 30
      vertex 18.9921614223919 32.53032132892925 32.2
      vertex 18.935403313840364 32.625016512147056 32.2
    endloop
  endfacet
  facet normal -0.9039892931234477 -0.4275550934302731 0
    outer loop
      vertex 19.039364474075196 32.430518861410725 32.2
      vertex 18.9921614223919 32.53032132892925 32.2
      vertex 18.9921614223919 32.53032132892925 30
    endloop
  endfacet
  facet normal -0.8032075314806197 -0.5956993044924674 0
    outer loop
      vertex 18.935403313840364 32.625016512147056 32.2
      vertex 18.869636760033078 32.7136924446841 32.2
      vertex 18.869636760033078 32.7136924446841 30
    endloop
  endfacet
  facet normal -0.9415440651830105 -0.3368898533922491 0
    outer loop
      vertex 19.039364474075196 32.430518861410725 30
      vertex 19.076557877698736 32.32657026191127 32.2
      vertex 19.039364474075196 32.430518861410725 32.2
    endloop
  endfacet
  facet normal 0.941544065183021 0.3368898533922194 0
    outer loop
      vertex -8.916267485762416 19.579048224398402 30
      vertex -8.95263436930543 19.68068685502009 30
      vertex -8.95263436930543 19.68068685502009 32.2
    endloop
  endfacet
  facet normal 0.9039892931234441 0.4275550934302806 0
    outer loop
      vertex -8.87011339078319 19.4814635894914 30
      vertex -8.916267485762416 19.579048224398402 30
      vertex -8.916267485762416 19.579048224398402 32.2
    endloop
  endfacet
  facet normal 0.8577286100002737 0.514102744193219 0
    outer loop
      vertex -8.8146165735328 19.388872743678437 30
      vertex -8.87011339078319 19.4814635894914 30
      vertex -8.87011339078319 19.4814635894914 32.2
    endloop
  endfacet
  facet normal 0.8032075314806453 0.5956993044924328 0
    outer loop
      vertex -8.750311498699011 19.30216738741999 30
      vertex -8.8146165735328 19.388872743678437 30
      vertex -8.8146165735328 19.388872743678437 32.2
    endloop
  endfacet
  facet normal 0.7409511253549477 0.671558954847031 0
    outer loop
      vertex -8.677817459305203 19.2221825406948 30
      vertex -8.750311498699011 19.30216738741999 30
      vertex -8.750311498699011 19.30216738741999 32.2
    endloop
  endfacet
  facet normal 0.6715589548470237 0.7409511253549543 0
    outer loop
      vertex -8.59783261258001 19.14968850130099 30
      vertex -8.677817459305203 19.2221825406948 30
      vertex -8.677817459305203 19.2221825406948 32.2
    endloop
  endfacet
  facet normal 0.9891765099647808 0.14673047445536294 0
    outer loop
      vertex -8.978863808443554 19.78540064578226 30
      vertex -8.994703199339417 19.892181145637483 30
      vertex -8.994703199339417 19.892181145637483 32.2
    endloop
  endfacet
  facet normal 0.9987954562051727 0.0490676743274112 0
    outer loop
      vertex -8.994703199339417 19.892181145637483 30
      vertex -9 20 30
      vertex -9 20 32.2
    endloop
  endfacet
  facet normal 0.9987954562051727 -0.0490676743274112 0
    outer loop
      vertex -9 20 30
      vertex -8.994703199339417 20.107818854362517 30
      vertex -8.994703199339417 20.107818854362517 32.2
    endloop
  endfacet
  facet normal 0.9700312531945444 0.24298017990326243 0
    outer loop
      vertex -8.95263436930543 19.68068685502009 30
      vertex -8.978863808443554 19.78540064578226 30
      vertex -8.978863808443554 19.78540064578226 32.2
    endloop
  endfacet
  facet normal 0.9891765099647808 -0.14673047445536294 0
    outer loop
      vertex -8.994703199339417 20.107818854362517 30
      vertex -8.978863808443554 20.21459935421774 30
      vertex -8.978863808443554 20.21459935421774 32.2
    endloop
  endfacet
  facet normal 0.9700312531945444 -0.24298017990326243 0
    outer loop
      vertex -8.978863808443554 20.21459935421774 30
      vertex -8.95263436930543 20.31931314497991 30
      vertex -8.95263436930543 20.31931314497991 32.2
    endloop
  endfacet
  facet normal 0.941544065183021 -0.3368898533922194 0
    outer loop
      vertex -8.95263436930543 20.31931314497991 30
      vertex -8.916267485762416 20.420951775601598 30
      vertex -8.916267485762416 20.420951775601598 32.2
    endloop
  endfacet
  facet normal 0.9039892931234441 -0.4275550934302806 0
    outer loop
      vertex -8.916267485762416 20.420951775601598 30
      vertex -8.87011339078319 20.5185364105086 30
      vertex -8.87011339078319 20.5185364105086 32.2
    endloop
  endfacet
  facet normal 0.8577286100002737 -0.514102744193219 0
    outer loop
      vertex -8.87011339078319 20.5185364105086 30
      vertex -8.8146165735328 20.611127256321563 30
      vertex -8.8146165735328 20.611127256321563 32.2
    endloop
  endfacet
  facet normal 0.8032075314806453 -0.5956993044924328 0
    outer loop
      vertex -8.8146165735328 20.611127256321563 30
      vertex -8.750311498699011 20.69783261258001 30
      vertex -8.750311498699011 20.69783261258001 32.2
    endloop
  endfacet
  facet normal 0.7409511253549477 -0.671558954847031 0
    outer loop
      vertex -8.750311498699011 20.69783261258001 30
      vertex -8.677817459305203 20.7778174593052 30
      vertex -8.677817459305203 20.7778174593052 32.2
    endloop
  endfacet
  facet normal 0.941544065183021 0.3368898533922194 0
    outer loop
      vertex -8.916267485762416 19.579048224398402 30
      vertex -8.95263436930543 19.68068685502009 32.2
      vertex -8.916267485762416 19.579048224398402 32.2
    endloop
  endfacet
  facet normal 0.8577286100002737 0.514102744193219 0
    outer loop
      vertex -8.8146165735328 19.388872743678437 30
      vertex -8.87011339078319 19.4814635894914 32.2
      vertex -8.8146165735328 19.388872743678437 32.2
    endloop
  endfacet
  facet normal 0.9039892931234441 0.4275550934302806 0
    outer loop
      vertex -8.87011339078319 19.4814635894914 30
      vertex -8.916267485762416 19.579048224398402 32.2
      vertex -8.87011339078319 19.4814635894914 32.2
    endloop
  endfacet
  facet normal 0.8032075314806453 0.5956993044924328 0
    outer loop
      vertex -8.750311498699011 19.30216738741999 30
      vertex -8.8146165735328 19.388872743678437 32.2
      vertex -8.750311498699011 19.30216738741999 32.2
    endloop
  endfacet
  facet normal 0.7409511253549477 0.671558954847031 0
    outer loop
      vertex -8.677817459305203 19.2221825406948 30
      vertex -8.750311498699011 19.30216738741999 32.2
      vertex -8.677817459305203 19.2221825406948 32.2
    endloop
  endfacet
  facet normal 0.9987954562051727 0.0490676743274112 0
    outer loop
      vertex -8.994703199339417 19.892181145637483 30
      vertex -9 20 32.2
      vertex -8.994703199339417 19.892181145637483 32.2
    endloop
  endfacet
  facet normal 0.9987954562051727 -0.0490676743274112 0
    outer loop
      vertex -9 20 30
      vertex -8.994703199339417 20.107818854362517 32.2
      vertex -9 20 32.2
    endloop
  endfacet
  facet normal 0.9891765099647808 -0.14673047445536294 0
    outer loop
      vertex -8.994703199339417 20.107818854362517 30
      vertex -8.978863808443554 20.21459935421774 32.2
      vertex -8.994703199339417 20.107818854362517 32.2
    endloop
  endfacet
  facet normal 0.9700312531945444 0.24298017990326243 0
    outer loop
      vertex -8.95263436930543 19.68068685502009 30
      vertex -8.978863808443554 19.78540064578226 32.2
      vertex -8.95263436930543 19.68068685502009 32.2
    endloop
  endfacet
  facet normal 0.9891765099647808 0.14673047445536294 0
    outer loop
      vertex -8.978863808443554 19.78540064578226 30
      vertex -8.994703199339417 19.892181145637483 32.2
      vertex -8.978863808443554 19.78540064578226 32.2
    endloop
  endfacet
  facet normal 0.9700312531945444 -0.24298017990326243 0
    outer loop
      vertex -8.978863808443554 20.21459935421774 30
      vertex -8.95263436930543 20.31931314497991 32.2
      vertex -8.978863808443554 20.21459935421774 32.2
    endloop
  endfacet
  facet normal 0.941544065183021 -0.3368898533922194 0
    outer loop
      vertex -8.95263436930543 20.31931314497991 30
      vertex -8.916267485762416 20.420951775601598 32.2
      vertex -8.95263436930543 20.31931314497991 32.2
    endloop
  endfacet
  facet normal 0.9039892931234441 -0.4275550934302806 0
    outer loop
      vertex -8.916267485762416 20.420951775601598 30
      vertex -8.87011339078319 20.5185364105086 32.2
      vertex -8.916267485762416 20.420951775601598 32.2
    endloop
  endfacet
  facet normal 0.8577286100002737 -0.514102744193219 0
    outer loop
      vertex -8.87011339078319 20.5185364105086 30
      vertex -8.8146165735328 20.611127256321563 32.2
      vertex -8.87011339078319 20.5185364105086 32.2
    endloop
  endfacet
  facet normal 0.8032075314806453 -0.5956993044924328 0
    outer loop
      vertex -8.8146165735328 20.611127256321563 30
      vertex -8.750311498699011 20.69783261258001 32.2
      vertex -8.8146165735328 20.611127256321563 32.2
    endloop
  endfacet
  facet normal 0.7409511253549477 -0.671558954847031 0
    outer loop
      vertex -8.750311498699011 20.69783261258001 30
      vertex -8.677817459305203 20.7778174593052 32.2
      vertex -8.750311498699011 20.69783261258001 32.2
    endloop
  endfacet
  facet normal 0.6715589548470237 -0.7409511253549543 0
    outer loop
      vertex -8.677817459305203 20.7778174593052 30
      vertex -8.59783261258001 20.85031149869901 32.2
      vertex -8.677817459305203 20.7778174593052 32.2
    endloop
  endfacet
  facet normal 0.5141027441932118 0.857728610000278 0
    outer loop
      vertex -8.418536410508597 19.02988660921681 30
      vertex -8.511127256321563 19.0853834264672 30
      vertex -8.511127256321563 19.0853834264672 32.2
    endloop
  endfacet
  facet normal 0.42755509343029324 0.903989293123438 0
    outer loop
      vertex -8.3209517756016 18.983732514237584 30
      vertex -8.418536410508597 19.02988660921681 30
      vertex -8.418536410508597 19.02988660921681 32.2
    endloop
  endfacet
  facet normal 0.3368898533922141 0.9415440651830228 0
    outer loop
      vertex -8.219313144979909 18.94736563069457 30
      vertex -8.3209517756016 18.983732514237584 30
      vertex -8.3209517756016 18.983732514237584 32.2
    endloop
  endfacet
  facet normal 0.5956993044924407 0.8032075314806396 0
    outer loop
      vertex -8.511127256321563 19.0853834264672 30
      vertex -8.59783261258001 19.14968850130099 30
      vertex -8.59783261258001 19.14968850130099 32.2
    endloop
  endfacet
  facet normal 0.24298017990326629 0.9700312531945434 0
    outer loop
      vertex -8.114599354217741 18.921136191556446 30
      vertex -8.219313144979909 18.94736563069457 30
      vertex -8.219313144979909 18.94736563069457 32.2
    endloop
  endfacet
  facet normal 0.14673047445536058 0.9891765099647812 0
    outer loop
      vertex -8.007818854362517 18.905296800660583 30
      vertex -8.114599354217741 18.921136191556446 30
      vertex -8.114599354217741 18.921136191556446 32.2
    endloop
  endfacet
  facet normal 0.04906767432742762 0.998795456205172 0
    outer loop
      vertex -7.9 18.9 30
      vertex -8.007818854362517 18.905296800660583 30
      vertex -8.007818854362517 18.905296800660583 32.2
    endloop
  endfacet
  facet normal 0.5141027441932118 0.857728610000278 0
    outer loop
      vertex -8.418536410508597 19.02988660921681 30
      vertex -8.511127256321563 19.0853834264672 32.2
      vertex -8.418536410508597 19.02988660921681 32.2
    endloop
  endfacet
  facet normal 0.42755509343029324 0.903989293123438 0
    outer loop
      vertex -8.3209517756016 18.983732514237584 30
      vertex -8.418536410508597 19.02988660921681 32.2
      vertex -8.3209517756016 18.983732514237584 32.2
    endloop
  endfacet
  facet normal 0.6715589548470237 0.7409511253549543 0
    outer loop
      vertex -8.59783261258001 19.14968850130099 30
      vertex -8.677817459305203 19.2221825406948 32.2
      vertex -8.59783261258001 19.14968850130099 32.2
    endloop
  endfacet
  facet normal 0.5956993044924407 0.8032075314806396 0
    outer loop
      vertex -8.511127256321563 19.0853834264672 30
      vertex -8.59783261258001 19.14968850130099 32.2
      vertex -8.511127256321563 19.0853834264672 32.2
    endloop
  endfacet
  facet normal 0.3368898533922141 0.9415440651830228 0
    outer loop
      vertex -8.219313144979909 18.94736563069457 30
      vertex -8.3209517756016 18.983732514237584 32.2
      vertex -8.219313144979909 18.94736563069457 32.2
    endloop
  endfacet
  facet normal 0.24298017990326629 0.9700312531945434 0
    outer loop
      vertex -8.114599354217741 18.921136191556446 30
      vertex -8.219313144979909 18.94736563069457 32.2
      vertex -8.114599354217741 18.921136191556446 32.2
    endloop
  endfacet
  facet normal 0.14673047445536058 0.9891765099647812 0
    outer loop
      vertex -8.007818854362517 18.905296800660583 30
      vertex -8.114599354217741 18.921136191556446 32.2
      vertex -8.007818854362517 18.905296800660583 32.2
    endloop
  endfacet
  facet normal 0.04906767432742762 0.998795456205172 0
    outer loop
      vertex -7.9 18.9 30
      vertex -8.007818854362517 18.905296800660583 32.2
      vertex -7.9 18.9 32.2
    endloop
  endfacet
  facet normal 0.6715589548470237 -0.7409511253549543 0
    outer loop
      vertex -8.677817459305203 20.7778174593052 30
      vertex -8.59783261258001 20.85031149869901 30
      vertex -8.59783261258001 20.85031149869901 32.2
    endloop
  endfacet
  facet normal 0.5956993044924407 -0.8032075314806396 0
    outer loop
      vertex -8.59783261258001 20.85031149869901 30
      vertex -8.511127256321563 20.9146165735328 30
      vertex -8.511127256321563 20.9146165735328 32.2
    endloop
  endfacet
  facet normal 0.5141027441932118 -0.857728610000278 0
    outer loop
      vertex -8.511127256321563 20.9146165735328 30
      vertex -8.418536410508597 20.97011339078319 30
      vertex -8.418536410508597 20.97011339078319 32.2
    endloop
  endfacet
  facet normal 0.42755509343029324 -0.903989293123438 0
    outer loop
      vertex -8.418536410508597 20.97011339078319 30
      vertex -8.3209517756016 21.016267485762416 30
      vertex -8.3209517756016 21.016267485762416 32.2
    endloop
  endfacet
  facet normal 0.3368898533922141 -0.9415440651830228 0
    outer loop
      vertex -8.3209517756016 21.016267485762416 30
      vertex -8.219313144979909 21.05263436930543 30
      vertex -8.219313144979909 21.05263436930543 32.2
    endloop
  endfacet
  facet normal 0.24298017990326629 -0.9700312531945434 0
    outer loop
      vertex -8.219313144979909 21.05263436930543 30
      vertex -8.114599354217741 21.078863808443554 30
      vertex -8.114599354217741 21.078863808443554 32.2
    endloop
  endfacet
  facet normal 0.14673047445536058 -0.9891765099647812 0
    outer loop
      vertex -8.114599354217741 21.078863808443554 30
      vertex -8.007818854362517 21.094703199339417 30
      vertex -8.007818854362517 21.094703199339417 32.2
    endloop
  endfacet
  facet normal 0.04906767432742762 -0.998795456205172 0
    outer loop
      vertex -8.007818854362517 21.094703199339417 30
      vertex -7.9 21.1 30
      vertex -7.9 21.1 32.2
    endloop
  endfacet
  facet normal 0.5956993044924407 -0.8032075314806396 0
    outer loop
      vertex -8.59783261258001 20.85031149869901 30
      vertex -8.511127256321563 20.9146165735328 32.2
      vertex -8.59783261258001 20.85031149869901 32.2
    endloop
  endfacet
  facet normal 0.5141027441932118 -0.857728610000278 0
    outer loop
      vertex -8.511127256321563 20.9146165735328 30
      vertex -8.418536410508597 20.97011339078319 32.2
      vertex -8.511127256321563 20.9146165735328 32.2
    endloop
  endfacet
  facet normal 0.42755509343029324 -0.903989293123438 0
    outer loop
      vertex -8.418536410508597 20.97011339078319 30
      vertex -8.3209517756016 21.016267485762416 32.2
      vertex -8.418536410508597 20.97011339078319 32.2
    endloop
  endfacet
  facet normal 0.3368898533922141 -0.9415440651830228 0
    outer loop
      vertex -8.3209517756016 21.016267485762416 30
      vertex -8.219313144979909 21.05263436930543 32.2
      vertex -8.3209517756016 21.016267485762416 32.2
    endloop
  endfacet
  facet normal 0.24298017990326629 -0.9700312531945434 0
    outer loop
      vertex -8.219313144979909 21.05263436930543 30
      vertex -8.114599354217741 21.078863808443554 32.2
      vertex -8.219313144979909 21.05263436930543 32.2
    endloop
  endfacet
  facet normal 0.14673047445536058 -0.9891765099647812 0
    outer loop
      vertex -8.114599354217741 21.078863808443554 30
      vertex -8.007818854362517 21.094703199339417 32.2
      vertex -8.114599354217741 21.078863808443554 32.2
    endloop
  endfacet
  facet normal 0.04906767432742762 -0.998795456205172 0
    outer loop
      vertex -8.007818854362517 21.094703199339417 30
      vertex -7.9 21.1 32.2
      vertex -8.007818854362517 21.094703199339417 32.2
    endloop
  endfacet
  facet normal 0 1 0
    outer loop
      vertex -7.9 18.9 30
      vertex -7.9 18.9 32.2
      vertex 7.9 18.9 30
    endloop
  endfacet
  facet normal 0 -1 0
    outer loop
      vertex -7.9 21.1 32.2
      vertex -7.9 21.1 30
      vertex 7.9 21.1 32.2
    endloop
  endfacet
  facet normal 0 1 0
    outer loop
      vertex 7.9 18.9 30
      vertex -7.9 18.9 32.2
      vertex 7.9 18.9 32.2
    endloop
  endfacet
  facet normal 0 -1 0
    outer loop
      vertex -7.9 21.1 30
      vertex 7.9 21.1 30
      vertex 7.9 21.1 32.2
    endloop
  endfacet
  facet normal -0.04906767432742762 0.998795456205172 0
    outer loop
      vertex 8.007818854362517 18.905296800660583 30
      vertex 7.9 18.9 30
      vertex 7.9 18.9 32.2
    endloop
  endfacet
  facet normal -0.14673047445536058 0.9891765099647812 0
    outer loop
      vertex 8.114599354217741 18.921136191556446 30
      vertex 8.007818854362517 18.905296800660583 30
      vertex 8.007818854362517 18.905296800660583 32.2
    endloop
  endfacet
  facet normal -0.24298017990326629 0.9700312531945434 0
    outer loop
      vertex 8.219313144979909 18.94736563069457 30
      vertex 8.114599354217741 18.921136191556446 30
      vertex 8.114599354217741 18.921136191556446 32.2
    endloop
  endfacet
  facet normal -0.3368898533922141 0.9415440651830228 0
    outer loop
      vertex 8.3209517756016 18.983732514237584 30
      vertex 8.219313144979909 18.94736563069457 30
      vertex 8.219313144979909 18.94736563069457 32.2
    endloop
  endfacet
  facet normal -0.42755509343029324 0.903989293123438 0
    outer loop
      vertex 8.418536410508597 19.02988660921681 30
      vertex 8.3209517756016 18.983732514237584 30
      vertex 8.3209517756016 18.983732514237584 32.2
    endloop
  endfacet
  facet normal -0.5141027441932118 0.857728610000278 0
    outer loop
      vertex 8.511127256321563 19.0853834264672 30
      vertex 8.418536410508597 19.02988660921681 30
      vertex 8.418536410508597 19.02988660921681 32.2
    endloop
  endfacet
  facet normal -0.5956993044924407 0.8032075314806396 0
    outer loop
      vertex 8.59783261258001 19.14968850130099 30
      vertex 8.511127256321563 19.0853834264672 30
      vertex 8.511127256321563 19.0853834264672 32.2
    endloop
  endfacet
  facet normal -0.6715589548470237 0.7409511253549543 0
    outer loop
      vertex 8.677817459305203 19.2221825406948 30
      vertex 8.59783261258001 19.14968850130099 30
      vertex 8.59783261258001 19.14968850130099 32.2
    endloop
  endfacet
  facet normal -0.04906767432742762 0.998795456205172 0
    outer loop
      vertex 8.007818854362517 18.905296800660583 30
      vertex 7.9 18.9 32.2
      vertex 8.007818854362517 18.905296800660583 32.2
    endloop
  endfacet
  facet normal -0.14673047445536058 0.9891765099647812 0
    outer loop
      vertex 8.114599354217741 18.921136191556446 30
      vertex 8.007818854362517 18.905296800660583 32.2
      vertex 8.114599354217741 18.921136191556446 32.2
    endloop
  endfacet
  facet normal -0.24298017990326629 0.9700312531945434 0
    outer loop
      vertex 8.219313144979909 18.94736563069457 30
      vertex 8.114599354217741 18.921136191556446 32.2
      vertex 8.219313144979909 18.94736563069457 32.2
    endloop
  endfacet
  facet normal -0.3368898533922141 0.9415440651830228 0
    outer loop
      vertex 8.3209517756016 18.983732514237584 30
      vertex 8.219313144979909 18.94736563069457 32.2
      vertex 8.3209517756016 18.983732514237584 32.2
    endloop
  endfacet
  facet normal -0.42755509343029324 0.903989293123438 0
    outer loop
      vertex 8.418536410508597 19.02988660921681 30
      vertex 8.3209517756016 18.983732514237584 32.2
      vertex 8.418536410508597 19.02988660921681 32.2
    endloop
  endfacet
  facet normal -0.5141027441932118 0.857728610000278 0
    outer loop
      vertex 8.511127256321563 19.0853834264672 30
      vertex 8.418536410508597 19.02988660921681 32.2
      vertex 8.511127256321563 19.0853834264672 32.2
    endloop
  endfacet
  facet normal -0.5956993044924407 0.8032075314806396 0
    outer loop
      vertex 8.59783261258001 19.14968850130099 30
      vertex 8.511127256321563 19.0853834264672 32.2
      vertex 8.59783261258001 19.14968850130099 32.2
    endloop
  endfacet
  facet normal -0.04906767432742762 -0.998795456205172 0
    outer loop
      vertex 8.007818854362517 21.094703199339417 32.2
      vertex 7.9 21.1 30
      vertex 8.007818854362517 21.094703199339417 30
    endloop
  endfacet
  facet normal -0.14673047445536058 -0.9891765099647812 0
    outer loop
      vertex 8.114599354217741 21.078863808443554 32.2
      vertex 8.007818854362517 21.094703199339417 30
      vertex 8.114599354217741 21.078863808443554 30
    endloop
  endfacet
  facet normal -0.24298017990326629 -0.9700312531945434 0
    outer loop
      vertex 8.219313144979909 21.05263436930543 32.2
      vertex 8.114599354217741 21.078863808443554 30
      vertex 8.219313144979909 21.05263436930543 30
    endloop
  endfacet
  facet normal -0.3368898533922141 -0.9415440651830228 0
    outer loop
      vertex 8.3209517756016 21.016267485762416 32.2
      vertex 8.219313144979909 21.05263436930543 30
      vertex 8.3209517756016 21.016267485762416 30
    endloop
  endfacet
  facet normal -0.42755509343029324 -0.903989293123438 0
    outer loop
      vertex 8.418536410508597 20.97011339078319 32.2
      vertex 8.3209517756016 21.016267485762416 30
      vertex 8.418536410508597 20.97011339078319 30
    endloop
  endfacet
  facet normal -0.5141027441932118 -0.857728610000278 0
    outer loop
      vertex 8.511127256321563 20.9146165735328 32.2
      vertex 8.418536410508597 20.97011339078319 30
      vertex 8.511127256321563 20.9146165735328 30
    endloop
  endfacet
  facet normal -0.5956993044924407 -0.8032075314806396 0
    outer loop
      vertex 8.59783261258001 20.85031149869901 32.2
      vertex 8.511127256321563 20.9146165735328 30
      vertex 8.59783261258001 20.85031149869901 30
    endloop
  endfacet
  facet normal -0.04906767432742762 -0.998795456205172 0
    outer loop
      vertex 8.007818854362517 21.094703199339417 32.2
      vertex 7.9 21.1 32.2
      vertex 7.9 21.1 30
    endloop
  endfacet
  facet normal -0.14673047445536058 -0.9891765099647812 0
    outer loop
      vertex 8.114599354217741 21.078863808443554 32.2
      vertex 8.007818854362517 21.094703199339417 32.2
      vertex 8.007818854362517 21.094703199339417 30
    endloop
  endfacet
  facet normal -0.24298017990326629 -0.9700312531945434 0
    outer loop
      vertex 8.219313144979909 21.05263436930543 32.2
      vertex 8.114599354217741 21.078863808443554 32.2
      vertex 8.114599354217741 21.078863808443554 30
    endloop
  endfacet
  facet normal -0.3368898533922141 -0.9415440651830228 0
    outer loop
      vertex 8.3209517756016 21.016267485762416 32.2
      vertex 8.219313144979909 21.05263436930543 32.2
      vertex 8.219313144979909 21.05263436930543 30
    endloop
  endfacet
  facet normal -0.42755509343029324 -0.903989293123438 0
    outer loop
      vertex 8.418536410508597 20.97011339078319 32.2
      vertex 8.3209517756016 21.016267485762416 32.2
      vertex 8.3209517756016 21.016267485762416 30
    endloop
  endfacet
  facet normal -0.5141027441932118 -0.857728610000278 0
    outer loop
      vertex 8.511127256321563 20.9146165735328 32.2
      vertex 8.418536410508597 20.97011339078319 32.2
      vertex 8.418536410508597 20.97011339078319 30
    endloop
  endfacet
  facet normal -0.5956993044924407 -0.8032075314806396 0
    outer loop
      vertex 8.59783261258001 20.85031149869901 32.2
      vertex 8.511127256321563 20.9146165735328 32.2
      vertex 8.511127256321563 20.9146165735328 30
    endloop
  endfacet
  facet normal -0.6715589548470237 -0.7409511253549543 0
    outer loop
      vertex 8.677817459305203 20.7778174593052 32.2
      vertex 8.59783261258001 20.85031149869901 32.2
      vertex 8.59783261258001 20.85031149869901 30
    endloop
  endfacet
  facet normal -0.7409511253549477 0.671558954847031 0
    outer loop
      vertex 8.750311498699011 19.30216738741999 30
      vertex 8.677817459305203 19.2221825406948 30
      vertex 8.677817459305203 19.2221825406948 32.2
    endloop
  endfacet
  facet normal -0.8032075314806453 0.5956993044924328 0
    outer loop
      vertex 8.8146165735328 19.388872743678437 30
      vertex 8.750311498699011 19.30216738741999 30
      vertex 8.750311498699011 19.30216738741999 32.2
    endloop
  endfacet
  facet normal -0.8577286100002737 0.514102744193219 0
    outer loop
      vertex 8.87011339078319 19.4814635894914 30
      vertex 8.8146165735328 19.388872743678437 30
      vertex 8.8146165735328 19.388872743678437 32.2
    endloop
  endfacet
  facet normal -0.9039892931234441 0.4275550934302806 0
    outer loop
      vertex 8.916267485762416 19.579048224398402 30
      vertex 8.87011339078319 19.4814635894914 30
      vertex 8.87011339078319 19.4814635894914 32.2
    endloop
  endfacet
  facet normal -0.941544065183021 0.3368898533922194 0
    outer loop
      vertex 8.95263436930543 19.68068685502009 30
      vertex 8.916267485762416 19.579048224398402 30
      vertex 8.916267485762416 19.579048224398402 32.2
    endloop
  endfacet
  facet normal -0.9700312531945444 0.24298017990326243 0
    outer loop
      vertex 8.978863808443554 19.78540064578226 30
      vertex 8.95263436930543 19.68068685502009 30
      vertex 8.95263436930543 19.68068685502009 32.2
    endloop
  endfacet
  facet normal -0.9891765099647808 0.14673047445536294 0
    outer loop
      vertex 8.994703199339417 19.892181145637483 30
      vertex 8.978863808443554 19.78540064578226 30
      vertex 8.978863808443554 19.78540064578226 32.2
    endloop
  endfacet
  facet normal -0.6715589548470237 -0.7409511253549543 0
    outer loop
      vertex 8.677817459305203 20.7778174593052 32.2
      vertex 8.59783261258001 20.85031149869901 30
      vertex 8.677817459305203 20.7778174593052 30
    endloop
  endfacet
  facet normal -0.8032075314806453 -0.5956993044924328 0
    outer loop
      vertex 8.8146165735328 20.611127256321563 32.2
      vertex 8.750311498699011 20.69783261258001 30
      vertex 8.8146165735328 20.611127256321563 30
    endloop
  endfacet
  facet normal -0.7409511253549477 -0.671558954847031 0
    outer loop
      vertex 8.750311498699011 20.69783261258001 32.2
      vertex 8.677817459305203 20.7778174593052 30
      vertex 8.750311498699011 20.69783261258001 30
    endloop
  endfacet
  facet normal -0.9700312531945444 -0.24298017990326243 0
    outer loop
      vertex 8.978863808443554 20.21459935421774 32.2
      vertex 8.95263436930543 20.31931314497991 30
      vertex 8.978863808443554 20.21459935421774 30
    endloop
  endfacet
  facet normal -0.941544065183021 -0.3368898533922194 0
    outer loop
      vertex 8.95263436930543 20.31931314497991 32.2
      vertex 8.916267485762416 20.420951775601598 30
      vertex 8.95263436930543 20.31931314497991 30
    endloop
  endfacet
  facet normal -0.9039892931234441 -0.4275550934302806 0
    outer loop
      vertex 8.916267485762416 20.420951775601598 32.2
      vertex 8.87011339078319 20.5185364105086 30
      vertex 8.916267485762416 20.420951775601598 30
    endloop
  endfacet
  facet normal -0.8577286100002737 -0.514102744193219 0
    outer loop
      vertex 8.87011339078319 20.5185364105086 32.2
      vertex 8.8146165735328 20.611127256321563 30
      vertex 8.87011339078319 20.5185364105086 30
    endloop
  endfacet
  facet normal -0.9987954562051727 0.0490676743274112 0
    outer loop
      vertex 9 20 30
      vertex 8.994703199339417 19.892181145637483 30
      vertex 8.994703199339417 19.892181145637483 32.2
    endloop
  endfacet
  facet normal -0.9987954562051727 -0.0490676743274112 0
    outer loop
      vertex 9 20 32.2
      vertex 8.994703199339417 20.107818854362517 30
      vertex 9 20 30
    endloop
  endfacet
  facet normal -0.9891765099647808 -0.14673047445536294 0
    outer loop
      vertex 8.994703199339417 20.107818854362517 32.2
      vertex 8.978863808443554 20.21459935421774 30
      vertex 8.994703199339417 20.107818854362517 30
    endloop
  endfacet
  facet normal -0.6715589548470237 0.7409511253549543 0
    outer loop
      vertex 8.677817459305203 19.2221825406948 30
      vertex 8.59783261258001 19.14968850130099 32.2
      vertex 8.677817459305203 19.2221825406948 32.2
    endloop
  endfacet
  facet normal -0.7409511253549477 0.671558954847031 0
    outer loop
      vertex 8.750311498699011 19.30216738741999 30
      vertex 8.677817459305203 19.2221825406948 32.2
      vertex 8.750311498699011 19.30216738741999 32.2
    endloop
  endfacet
  facet normal -0.8032075314806453 0.5956993044924328 0
    outer loop
      vertex 8.8146165735328 19.388872743678437 30
      vertex 8.750311498699011 19.30216738741999 32.2
      vertex 8.8146165735328 19.388872743678437 32.2
    endloop
  endfacet
  facet normal -0.8577286100002737 0.514102744193219 0
    outer loop
      vertex 8.87011339078319 19.4814635894914 30
      vertex 8.8146165735328 19.388872743678437 32.2
      vertex 8.87011339078319 19.4814635894914 32.2
    endloop
  endfacet
  facet normal -0.9039892931234441 0.4275550934302806 0
    outer loop
      vertex 8.916267485762416 19.579048224398402 30
      vertex 8.87011339078319 19.4814635894914 32.2
      vertex 8.916267485762416 19.579048224398402 32.2
    endloop
  endfacet
  facet normal -0.941544065183021 0.3368898533922194 0
    outer loop
      vertex 8.95263436930543 19.68068685502009 30
      vertex 8.916267485762416 19.579048224398402 32.2
      vertex 8.95263436930543 19.68068685502009 32.2
    endloop
  endfacet
  facet normal -0.9700312531945444 0.24298017990326243 0
    outer loop
      vertex 8.978863808443554 19.78540064578226 30
      vertex 8.95263436930543 19.68068685502009 32.2
      vertex 8.978863808443554 19.78540064578226 32.2
    endloop
  endfacet
  facet normal -0.9891765099647808 -0.14673047445536294 0
    outer loop
      vertex 8.994703199339417 20.107818854362517 32.2
      vertex 8.978863808443554 20.21459935421774 32.2
      vertex 8.978863808443554 20.21459935421774 30
    endloop
  endfacet
  facet normal -0.7409511253549477 -0.671558954847031 0
    outer loop
      vertex 8.750311498699011 20.69783261258001 32.2
      vertex 8.677817459305203 20.7778174593052 32.2
      vertex 8.677817459305203 20.7778174593052 30
    endloop
  endfacet
  facet normal -0.8032075314806453 -0.5956993044924328 0
    outer loop
      vertex 8.8146165735328 20.611127256321563 32.2
      vertex 8.750311498699011 20.69783261258001 32.2
      vertex 8.750311498699011 20.69783261258001 30
    endloop
  endfacet
  facet normal -0.9039892931234441 -0.4275550934302806 0
    outer loop
      vertex 8.916267485762416 20.420951775601598 32.2
      vertex 8.87011339078319 20.5185364105086 32.2
      vertex 8.87011339078319 20.5185364105086 30
    endloop
  endfacet
  facet normal -0.9700312531945444 -0.24298017990326243 0
    outer loop
      vertex 8.978863808443554 20.21459935421774 32.2
      vertex 8.95263436930543 20.31931314497991 32.2
      vertex 8.95263436930543 20.31931314497991 30
    endloop
  endfacet
  facet normal -0.941544065183021 -0.3368898533922194 0
    outer loop
      vertex 8.95263436930543 20.31931314497991 32.2
      vertex 8.916267485762416 20.420951775601598 32.2
      vertex 8.916267485762416 20.420951775601598 30
    endloop
  endfacet
  facet normal -0.8577286100002737 -0.514102744193219 0
    outer loop
      vertex 8.87011339078319 20.5185364105086 32.2
      vertex 8.8146165735328 20.611127256321563 32.2
      vertex 8.8146165735328 20.611127256321563 30
    endloop
  endfacet
  facet normal -0.9891765099647808 0.14673047445536294 0
    outer loop
      vertex 8.994703199339417 19.892181145637483 30
      vertex 8.978863808443554 19.78540064578226 32.2
      vertex 8.994703199339417 19.892181145637483 32.2
    endloop
  endfacet
  facet normal -0.9987954562051727 0.0490676743274112 0
    outer loop
      vertex 9 20 30
      vertex 8.994703199339417 19.892181145637483 32.2
      vertex 9 20 32.2
    endloop
  endfacet
  facet normal -0.9987954562051727 -0.0490676743274112 0
    outer loop
      vertex 9 20 32.2
      vertex 8.994703199339417 20.107818854362517 32.2
      vertex 8.994703199339417 20.107818854362517 30
    endloop
  endfacet
  facet normal 0.7409511253549477 0.671558954847031 0
    outer loop
      vertex -8.677817459305203 24.2221825406948 30
      vertex -8.750311498699011 24.30216738741999 30
      vertex -8.750311498699011 24.30216738741999 32.2
    endloop
  endfacet
  facet normal 0.6715589548470237 0.7409511253549543 0
    outer loop
      vertex -8.59783261258001 24.14968850130099 30
      vertex -8.677817459305203 24.2221825406948 30
      vertex -8.677817459305203 24.2221825406948 32.2
    endloop
  endfacet
  facet normal 0.9891765099647808 0.14673047445536294 0
    outer loop
      vertex -8.978863808443554 24.78540064578226 30
      vertex -8.994703199339417 24.892181145637483 30
      vertex -8.994703199339417 24.892181145637483 32.2
    endloop
  endfacet
  facet normal 0.9987954562051727 0.0490676743274112 0
    outer loop
      vertex -8.994703199339417 24.892181145637483 30
      vertex -9 25 30
      vertex -9 25 32.2
    endloop
  endfacet
  facet normal 0.9987954562051727 -0.0490676743274112 0
    outer loop
      vertex -9 25 30
      vertex -8.994703199339417 25.107818854362517 30
      vertex -8.994703199339417 25.107818854362517 32.2
    endloop
  endfacet
  facet normal 0.9039892931234441 0.4275550934302806 0
    outer loop
      vertex -8.87011339078319 24.4814635894914 30
      vertex -8.916267485762416 24.579048224398402 30
      vertex -8.916267485762416 24.579048224398402 32.2
    endloop
  endfacet
  facet normal 0.8577286100002737 0.514102744193219 0
    outer loop
      vertex -8.8146165735328 24.388872743678437 30
      vertex -8.87011339078319 24.4814635894914 30
      vertex -8.87011339078319 24.4814635894914 32.2
    endloop
  endfacet
  facet normal 0.941544065183021 0.3368898533922194 0
    outer loop
      vertex -8.916267485762416 24.579048224398402 30
      vertex -8.95263436930543 24.68068685502009 30
      vertex -8.95263436930543 24.68068685502009 32.2
    endloop
  endfacet
  facet normal 0.9700312531945444 0.24298017990326243 0
    outer loop
      vertex -8.95263436930543 24.68068685502009 30
      vertex -8.978863808443554 24.78540064578226 30
      vertex -8.978863808443554 24.78540064578226 32.2
    endloop
  endfacet
  facet normal 0.8032075314806453 0.5956993044924328 0
    outer loop
      vertex -8.750311498699011 24.30216738741999 30
      vertex -8.8146165735328 24.388872743678437 30
      vertex -8.8146165735328 24.388872743678437 32.2
    endloop
  endfacet
  facet normal 0.9891765099647808 -0.14673047445536294 0
    outer loop
      vertex -8.994703199339417 25.107818854362517 30
      vertex -8.978863808443554 25.21459935421774 30
      vertex -8.978863808443554 25.21459935421774 32.2
    endloop
  endfacet
  facet normal 0.9700312531945444 -0.24298017990326243 0
    outer loop
      vertex -8.978863808443554 25.21459935421774 30
      vertex -8.95263436930543 25.31931314497991 30
      vertex -8.95263436930543 25.31931314497991 32.2
    endloop
  endfacet
  facet normal 0.941544065183021 -0.3368898533922194 0
    outer loop
      vertex -8.95263436930543 25.31931314497991 30
      vertex -8.916267485762416 25.420951775601598 30
      vertex -8.916267485762416 25.420951775601598 32.2
    endloop
  endfacet
  facet normal 0.7409511253549477 0.671558954847031 0
    outer loop
      vertex -8.677817459305203 24.2221825406948 30
      vertex -8.750311498699011 24.30216738741999 32.2
      vertex -8.677817459305203 24.2221825406948 32.2
    endloop
  endfacet
  facet normal 0.9987954562051727 0.0490676743274112 0
    outer loop
      vertex -8.994703199339417 24.892181145637483 30
      vertex -9 25 32.2
      vertex -8.994703199339417 24.892181145637483 32.2
    endloop
  endfacet
  facet normal 0.9987954562051727 -0.0490676743274112 0
    outer loop
      vertex -9 25 30
      vertex -8.994703199339417 25.107818854362517 32.2
      vertex -9 25 32.2
    endloop
  endfacet
  facet normal 0.9891765099647808 -0.14673047445536294 0
    outer loop
      vertex -8.994703199339417 25.107818854362517 30
      vertex -8.978863808443554 25.21459935421774 32.2
      vertex -8.994703199339417 25.107818854362517 32.2
    endloop
  endfacet
  facet normal 0.8577286100002737 0.514102744193219 0
    outer loop
      vertex -8.8146165735328 24.388872743678437 30
      vertex -8.87011339078319 24.4814635894914 32.2
      vertex -8.8146165735328 24.388872743678437 32.2
    endloop
  endfacet
  facet normal 0.9039892931234441 0.4275550934302806 0
    outer loop
      vertex -8.87011339078319 24.4814635894914 30
      vertex -8.916267485762416 24.579048224398402 32.2
      vertex -8.87011339078319 24.4814635894914 32.2
    endloop
  endfacet
  facet normal 0.941544065183021 0.3368898533922194 0
    outer loop
      vertex -8.916267485762416 24.579048224398402 30
      vertex -8.95263436930543 24.68068685502009 32.2
      vertex -8.916267485762416 24.579048224398402 32.2
    endloop
  endfacet
  facet normal 0.9700312531945444 0.24298017990326243 0
    outer loop
      vertex -8.95263436930543 24.68068685502009 30
      vertex -8.978863808443554 24.78540064578226 32.2
      vertex -8.95263436930543 24.68068685502009 32.2
    endloop
  endfacet
  facet normal 0.9891765099647808 0.14673047445536294 0
    outer loop
      vertex -8.978863808443554 24.78540064578226 30
      vertex -8.994703199339417 24.892181145637483 32.2
      vertex -8.978863808443554 24.78540064578226 32.2
    endloop
  endfacet
  facet normal 0.8032075314806453 0.5956993044924328 0
    outer loop
      vertex -8.750311498699011 24.30216738741999 30
      vertex -8.8146165735328 24.388872743678437 32.2
      vertex -8.750311498699011 24.30216738741999 32.2
    endloop
  endfacet
  facet normal 0.9700312531945444 -0.24298017990326243 0
    outer loop
      vertex -8.978863808443554 25.21459935421774 30
      vertex -8.95263436930543 25.31931314497991 32.2
      vertex -8.978863808443554 25.21459935421774 32.2
    endloop
  endfacet
  facet normal 0.941544065183021 -0.3368898533922194 0
    outer loop
      vertex -8.95263436930543 25.31931314497991 30
      vertex -8.916267485762416 25.420951775601598 32.2
      vertex -8.95263436930543 25.31931314497991 32.2
    endloop
  endfacet
  facet normal 0.9039892931234441 -0.4275550934302806 0
    outer loop
      vertex -8.916267485762416 25.420951775601598 30
      vertex -8.87011339078319 25.5185364105086 30
      vertex -8.87011339078319 25.5185364105086 32.2
    endloop
  endfacet
  facet normal 0.8577286100002737 -0.514102744193219 0
    outer loop
      vertex -8.87011339078319 25.5185364105086 30
      vertex -8.8146165735328 25.611127256321563 30
      vertex -8.8146165735328 25.611127256321563 32.2
    endloop
  endfacet
  facet normal 0.8032075314806453 -0.5956993044924328 0
    outer loop
      vertex -8.8146165735328 25.611127256321563 30
      vertex -8.750311498699011 25.69783261258001 30
      vertex -8.750311498699011 25.69783261258001 32.2
    endloop
  endfacet
  facet normal 0.7409511253549477 -0.671558954847031 0
    outer loop
      vertex -8.750311498699011 25.69783261258001 30
      vertex -8.677817459305203 25.7778174593052 30
      vertex -8.677817459305203 25.7778174593052 32.2
    endloop
  endfacet
  facet normal 0.9039892931234441 -0.4275550934302806 0
    outer loop
      vertex -8.916267485762416 25.420951775601598 30
      vertex -8.87011339078319 25.5185364105086 32.2
      vertex -8.916267485762416 25.420951775601598 32.2
    endloop
  endfacet
  facet normal 0.8577286100002737 -0.514102744193219 0
    outer loop
      vertex -8.87011339078319 25.5185364105086 30
      vertex -8.8146165735328 25.611127256321563 32.2
      vertex -8.87011339078319 25.5185364105086 32.2
    endloop
  endfacet
  facet normal 0.8032075314806453 -0.5956993044924328 0
    outer loop
      vertex -8.8146165735328 25.611127256321563 30
      vertex -8.750311498699011 25.69783261258001 32.2
      vertex -8.8146165735328 25.611127256321563 32.2
    endloop
  endfacet
  facet normal 0.7409511253549477 -0.671558954847031 0
    outer loop
      vertex -8.750311498699011 25.69783261258001 30
      vertex -8.677817459305203 25.7778174593052 32.2
      vertex -8.750311498699011 25.69783261258001 32.2
    endloop
  endfacet
  facet normal 0.6715589548470237 -0.7409511253549543 0
    outer loop
      vertex -8.677817459305203 25.7778174593052 30
      vertex -8.59783261258001 25.85031149869901 32.2
      vertex -8.677817459305203 25.7778174593052 32.2
    endloop
  endfacet
  facet normal 0.5956993044924407 0.8032075314806396 0
    outer loop
      vertex -8.511127256321563 24.0853834264672 30
      vertex -8.59783261258001 24.14968850130099 30
      vertex -8.59783261258001 24.14968850130099 32.2
    endloop
  endfacet
  facet normal 0.5141027441932118 0.857728610000278 0
    outer loop
      vertex -8.418536410508597 24.02988660921681 30
      vertex -8.511127256321563 24.0853834264672 30
      vertex -8.511127256321563 24.0853834264672 32.2
    endloop
  endfacet
  facet normal 0.3368898533922141 0.9415440651830228 0
    outer loop
      vertex -8.219313144979909 23.94736563069457 30
      vertex -8.3209517756016 23.983732514237584 30
      vertex -8.3209517756016 23.983732514237584 32.2
    endloop
  endfacet
  facet normal 0.42755509343029324 0.903989293123438 0
    outer loop
      vertex -8.3209517756016 23.983732514237584 30
      vertex -8.418536410508597 24.02988660921681 30
      vertex -8.418536410508597 24.02988660921681 32.2
    endloop
  endfacet
  facet normal 0.24298017990326629 0.9700312531945434 0
    outer loop
      vertex -8.114599354217741 23.921136191556446 30
      vertex -8.219313144979909 23.94736563069457 30
      vertex -8.219313144979909 23.94736563069457 32.2
    endloop
  endfacet
  facet normal 0.14673047445536058 0.9891765099647812 0
    outer loop
      vertex -8.007818854362517 23.905296800660583 30
      vertex -8.114599354217741 23.921136191556446 30
      vertex -8.114599354217741 23.921136191556446 32.2
    endloop
  endfacet
  facet normal 0.04906767432742762 0.998795456205172 0
    outer loop
      vertex -7.9 23.9 30
      vertex -8.007818854362517 23.905296800660583 30
      vertex -8.007818854362517 23.905296800660583 32.2
    endloop
  endfacet
  facet normal 0.5956993044924407 0.8032075314806396 0
    outer loop
      vertex -8.511127256321563 24.0853834264672 30
      vertex -8.59783261258001 24.14968850130099 32.2
      vertex -8.511127256321563 24.0853834264672 32.2
    endloop
  endfacet
  facet normal 0.6715589548470237 0.7409511253549543 0
    outer loop
      vertex -8.59783261258001 24.14968850130099 30
      vertex -8.677817459305203 24.2221825406948 32.2
      vertex -8.59783261258001 24.14968850130099 32.2
    endloop
  endfacet
  facet normal 0.5141027441932118 0.857728610000278 0
    outer loop
      vertex -8.418536410508597 24.02988660921681 30
      vertex -8.511127256321563 24.0853834264672 32.2
      vertex -8.418536410508597 24.02988660921681 32.2
    endloop
  endfacet
  facet normal 0.42755509343029324 0.903989293123438 0
    outer loop
      vertex -8.3209517756016 23.983732514237584 30
      vertex -8.418536410508597 24.02988660921681 32.2
      vertex -8.3209517756016 23.983732514237584 32.2
    endloop
  endfacet
  facet normal 0.3368898533922141 0.9415440651830228 0
    outer loop
      vertex -8.219313144979909 23.94736563069457 30
      vertex -8.3209517756016 23.983732514237584 32.2
      vertex -8.219313144979909 23.94736563069457 32.2
    endloop
  endfacet
  facet normal 0.24298017990326629 0.9700312531945434 0
    outer loop
      vertex -8.114599354217741 23.921136191556446 30
      vertex -8.219313144979909 23.94736563069457 32.2
      vertex -8.114599354217741 23.921136191556446 32.2
    endloop
  endfacet
  facet normal 0.14673047445536058 0.9891765099647812 0
    outer loop
      vertex -8.007818854362517 23.905296800660583 30
      vertex -8.114599354217741 23.921136191556446 32.2
      vertex -8.007818854362517 23.905296800660583 32.2
    endloop
  endfacet
  facet normal 0.04906767432742762 0.998795456205172 0
    outer loop
      vertex -7.9 23.9 30
      vertex -8.007818854362517 23.905296800660583 32.2
      vertex -7.9 23.9 32.2
    endloop
  endfacet
  facet normal 0.6715589548470237 -0.7409511253549543 0
    outer loop
      vertex -8.677817459305203 25.7778174593052 30
      vertex -8.59783261258001 25.85031149869901 30
      vertex -8.59783261258001 25.85031149869901 32.2
    endloop
  endfacet
  facet normal 0.5956993044924407 -0.8032075314806396 0
    outer loop
      vertex -8.59783261258001 25.85031149869901 30
      vertex -8.511127256321563 25.9146165735328 30
      vertex -8.511127256321563 25.9146165735328 32.2
    endloop
  endfacet
  facet normal 0.5141027441932118 -0.857728610000278 0
    outer loop
      vertex -8.511127256321563 25.9146165735328 30
      vertex -8.418536410508597 25.97011339078319 30
      vertex -8.418536410508597 25.97011339078319 32.2
    endloop
  endfacet
  facet normal 0.42755509343029324 -0.903989293123438 0
    outer loop
      vertex -8.418536410508597 25.97011339078319 30
      vertex -8.3209517756016 26.016267485762416 30
      vertex -8.3209517756016 26.016267485762416 32.2
    endloop
  endfacet
  facet normal 0.3368898533922141 -0.9415440651830228 0
    outer loop
      vertex -8.3209517756016 26.016267485762416 30
      vertex -8.219313144979909 26.05263436930543 30
      vertex -8.219313144979909 26.05263436930543 32.2
    endloop
  endfacet
  facet normal 0.24298017990326629 -0.9700312531945434 0
    outer loop
      vertex -8.219313144979909 26.05263436930543 30
      vertex -8.114599354217741 26.078863808443554 30
      vertex -8.114599354217741 26.078863808443554 32.2
    endloop
  endfacet
  facet normal 0.14673047445536058 -0.9891765099647812 0
    outer loop
      vertex -8.114599354217741 26.078863808443554 30
      vertex -8.007818854362517 26.094703199339417 30
      vertex -8.007818854362517 26.094703199339417 32.2
    endloop
  endfacet
  facet normal 0.04906767432742762 -0.998795456205172 0
    outer loop
      vertex -8.007818854362517 26.094703199339417 30
      vertex -7.9 26.1 30
      vertex -7.9 26.1 32.2
    endloop
  endfacet
  facet normal 0.5956993044924407 -0.8032075314806396 0
    outer loop
      vertex -8.59783261258001 25.85031149869901 30
      vertex -8.511127256321563 25.9146165735328 32.2
      vertex -8.59783261258001 25.85031149869901 32.2
    endloop
  endfacet
  facet normal 0.5141027441932118 -0.857728610000278 0
    outer loop
      vertex -8.511127256321563 25.9146165735328 30
      vertex -8.418536410508597 25.97011339078319 32.2
      vertex -8.511127256321563 25.9146165735328 32.2
    endloop
  endfacet
  facet normal 0.42755509343029324 -0.903989293123438 0
    outer loop
      vertex -8.418536410508597 25.97011339078319 30
      vertex -8.3209517756016 26.016267485762416 32.2
      vertex -8.418536410508597 25.97011339078319 32.2
    endloop
  endfacet
  facet normal 0.3368898533922141 -0.9415440651830228 0
    outer loop
      vertex -8.3209517756016 26.016267485762416 30
      vertex -8.219313144979909 26.05263436930543 32.2
      vertex -8.3209517756016 26.016267485762416 32.2
    endloop
  endfacet
  facet normal 0.24298017990326629 -0.9700312531945434 0
    outer loop
      vertex -8.219313144979909 26.05263436930543 30
      vertex -8.114599354217741 26.078863808443554 32.2
      vertex -8.219313144979909 26.05263436930543 32.2
    endloop
  endfacet
  facet normal 0.14673047445536058 -0.9891765099647812 0
    outer loop
      vertex -8.114599354217741 26.078863808443554 30
      vertex -8.007818854362517 26.094703199339417 32.2
      vertex -8.114599354217741 26.078863808443554 32.2
    endloop
  endfacet
  facet normal 0.04906767432742762 -0.998795456205172 0
    outer loop
      vertex -8.007818854362517 26.094703199339417 30
      vertex -7.9 26.1 32.2
      vertex -8.007818854362517 26.094703199339417 32.2
    endloop
  endfacet
  facet normal 0 1 0
    outer loop
      vertex 7.9 23.9 30
      vertex -7.9 23.9 30
      vertex -7.9 23.9 32.2
    endloop
  endfacet
  facet normal 0 -1 0
    outer loop
      vertex -7.9 26.1 32.2
      vertex -7.9 26.1 30
      vertex 7.9 26.1 32.2
    endloop
  endfacet
  facet normal 0 1 0
    outer loop
      vertex -7.9 23.9 32.2
      vertex 7.9 23.9 32.2
      vertex 7.9 23.9 30
    endloop
  endfacet
  facet normal 0 -1 0
    outer loop
      vertex -7.9 26.1 30
      vertex 7.9 26.1 30
      vertex 7.9 26.1 32.2
    endloop
  endfacet
  facet normal -0.04906767432742762 0.998795456205172 0
    outer loop
      vertex 7.9 23.9 32.2
      vertex 8.007818854362517 23.905296800660583 30
      vertex 7.9 23.9 30
    endloop
  endfacet
  facet normal -0.14673047445536058 0.9891765099647812 0
    outer loop
      vertex 8.007818854362517 23.905296800660583 32.2
      vertex 8.114599354217741 23.921136191556446 30
      vertex 8.007818854362517 23.905296800660583 30
    endloop
  endfacet
  facet normal -0.24298017990326629 0.9700312531945434 0
    outer loop
      vertex 8.114599354217741 23.921136191556446 32.2
      vertex 8.219313144979909 23.94736563069457 30
      vertex 8.114599354217741 23.921136191556446 30
    endloop
  endfacet
  facet normal -0.3368898533922141 0.9415440651830228 0
    outer loop
      vertex 8.219313144979909 23.94736563069457 32.2
      vertex 8.3209517756016 23.983732514237584 30
      vertex 8.219313144979909 23.94736563069457 30
    endloop
  endfacet
  facet normal -0.42755509343029324 0.903989293123438 0
    outer loop
      vertex 8.3209517756016 23.983732514237584 32.2
      vertex 8.418536410508597 24.02988660921681 30
      vertex 8.3209517756016 23.983732514237584 30
    endloop
  endfacet
  facet normal -0.5141027441932118 0.857728610000278 0
    outer loop
      vertex 8.418536410508597 24.02988660921681 32.2
      vertex 8.511127256321563 24.0853834264672 30
      vertex 8.418536410508597 24.02988660921681 30
    endloop
  endfacet
  facet normal -0.5956993044924407 0.8032075314806396 0
    outer loop
      vertex 8.511127256321563 24.0853834264672 32.2
      vertex 8.59783261258001 24.14968850130099 30
      vertex 8.511127256321563 24.0853834264672 30
    endloop
  endfacet
  facet normal -0.6715589548470237 0.7409511253549543 0
    outer loop
      vertex 8.59783261258001 24.14968850130099 32.2
      vertex 8.677817459305203 24.2221825406948 30
      vertex 8.59783261258001 24.14968850130099 30
    endloop
  endfacet
  facet normal -0.04906767432742762 0.998795456205172 0
    outer loop
      vertex 7.9 23.9 32.2
      vertex 8.007818854362517 23.905296800660583 32.2
      vertex 8.007818854362517 23.905296800660583 30
    endloop
  endfacet
  facet normal -0.14673047445536058 0.9891765099647812 0
    outer loop
      vertex 8.007818854362517 23.905296800660583 32.2
      vertex 8.114599354217741 23.921136191556446 32.2
      vertex 8.114599354217741 23.921136191556446 30
    endloop
  endfacet
  facet normal -0.24298017990326629 0.9700312531945434 0
    outer loop
      vertex 8.114599354217741 23.921136191556446 32.2
      vertex 8.219313144979909 23.94736563069457 32.2
      vertex 8.219313144979909 23.94736563069457 30
    endloop
  endfacet
  facet normal -0.3368898533922141 0.9415440651830228 0
    outer loop
      vertex 8.219313144979909 23.94736563069457 32.2
      vertex 8.3209517756016 23.983732514237584 32.2
      vertex 8.3209517756016 23.983732514237584 30
    endloop
  endfacet
  facet normal -0.42755509343029324 0.903989293123438 0
    outer loop
      vertex 8.3209517756016 23.983732514237584 32.2
      vertex 8.418536410508597 24.02988660921681 32.2
      vertex 8.418536410508597 24.02988660921681 30
    endloop
  endfacet
  facet normal -0.5141027441932118 0.857728610000278 0
    outer loop
      vertex 8.418536410508597 24.02988660921681 32.2
      vertex 8.511127256321563 24.0853834264672 32.2
      vertex 8.511127256321563 24.0853834264672 30
    endloop
  endfacet
  facet normal -0.5956993044924407 0.8032075314806396 0
    outer loop
      vertex 8.511127256321563 24.0853834264672 32.2
      vertex 8.59783261258001 24.14968850130099 32.2
      vertex 8.59783261258001 24.14968850130099 30
    endloop
  endfacet
  facet normal -0.04906767432742762 -0.998795456205172 0
    outer loop
      vertex 8.007818854362517 26.094703199339417 32.2
      vertex 7.9 26.1 30
      vertex 8.007818854362517 26.094703199339417 30
    endloop
  endfacet
  facet normal -0.14673047445536058 -0.9891765099647812 0
    outer loop
      vertex 8.114599354217741 26.078863808443554 32.2
      vertex 8.007818854362517 26.094703199339417 30
      vertex 8.114599354217741 26.078863808443554 30
    endloop
  endfacet
  facet normal -0.24298017990326629 -0.9700312531945434 0
    outer loop
      vertex 8.219313144979909 26.05263436930543 32.2
      vertex 8.114599354217741 26.078863808443554 30
      vertex 8.219313144979909 26.05263436930543 30
    endloop
  endfacet
  facet normal -0.42755509343029324 -0.903989293123438 0
    outer loop
      vertex 8.418536410508597 25.97011339078319 32.2
      vertex 8.3209517756016 26.016267485762416 30
      vertex 8.418536410508597 25.97011339078319 30
    endloop
  endfacet
  facet normal -0.5141027441932118 -0.857728610000278 0
    outer loop
      vertex 8.511127256321563 25.9146165735328 32.2
      vertex 8.418536410508597 25.97011339078319 30
      vertex 8.511127256321563 25.9146165735328 30
    endloop
  endfacet
  facet normal -0.5956993044924407 -0.8032075314806396 0
    outer loop
      vertex 8.59783261258001 25.85031149869901 32.2
      vertex 8.511127256321563 25.9146165735328 30
      vertex 8.59783261258001 25.85031149869901 30
    endloop
  endfacet
  facet normal -0.3368898533922141 -0.9415440651830228 0
    outer loop
      vertex 8.3209517756016 26.016267485762416 32.2
      vertex 8.219313144979909 26.05263436930543 30
      vertex 8.3209517756016 26.016267485762416 30
    endloop
  endfacet
  facet normal -0.04906767432742762 -0.998795456205172 0
    outer loop
      vertex 8.007818854362517 26.094703199339417 32.2
      vertex 7.9 26.1 32.2
      vertex 7.9 26.1 30
    endloop
  endfacet
  facet normal -0.14673047445536058 -0.9891765099647812 0
    outer loop
      vertex 8.114599354217741 26.078863808443554 32.2
      vertex 8.007818854362517 26.094703199339417 32.2
      vertex 8.007818854362517 26.094703199339417 30
    endloop
  endfacet
  facet normal -0.24298017990326629 -0.9700312531945434 0
    outer loop
      vertex 8.219313144979909 26.05263436930543 32.2
      vertex 8.114599354217741 26.078863808443554 32.2
      vertex 8.114599354217741 26.078863808443554 30
    endloop
  endfacet
  facet normal -0.3368898533922141 -0.9415440651830228 0
    outer loop
      vertex 8.3209517756016 26.016267485762416 32.2
      vertex 8.219313144979909 26.05263436930543 32.2
      vertex 8.219313144979909 26.05263436930543 30
    endloop
  endfacet
  facet normal -0.42755509343029324 -0.903989293123438 0
    outer loop
      vertex 8.418536410508597 25.97011339078319 32.2
      vertex 8.3209517756016 26.016267485762416 32.2
      vertex 8.3209517756016 26.016267485762416 30
    endloop
  endfacet
  facet normal -0.5141027441932118 -0.857728610000278 0
    outer loop
      vertex 8.511127256321563 25.9146165735328 32.2
      vertex 8.418536410508597 25.97011339078319 32.2
      vertex 8.418536410508597 25.97011339078319 30
    endloop
  endfacet
  facet normal -0.6715589548470237 -0.7409511253549543 0
    outer loop
      vertex 8.677817459305203 25.7778174593052 32.2
      vertex 8.59783261258001 25.85031149869901 32.2
      vertex 8.59783261258001 25.85031149869901 30
    endloop
  endfacet
  facet normal -0.5956993044924407 -0.8032075314806396 0
    outer loop
      vertex 8.59783261258001 25.85031149869901 32.2
      vertex 8.511127256321563 25.9146165735328 32.2
      vertex 8.511127256321563 25.9146165735328 30
    endloop
  endfacet
  facet normal -0.7409511253549477 0.671558954847031 0
    outer loop
      vertex 8.677817459305203 24.2221825406948 32.2
      vertex 8.750311498699011 24.30216738741999 30
      vertex 8.677817459305203 24.2221825406948 30
    endloop
  endfacet
  facet normal -0.8032075314806453 0.5956993044924328 0
    outer loop
      vertex 8.750311498699011 24.30216738741999 32.2
      vertex 8.8146165735328 24.388872743678437 30
      vertex 8.750311498699011 24.30216738741999 30
    endloop
  endfacet
  facet normal -0.8577286100002737 0.514102744193219 0
    outer loop
      vertex 8.8146165735328 24.388872743678437 32.2
      vertex 8.87011339078319 24.4814635894914 30
      vertex 8.8146165735328 24.388872743678437 30
    endloop
  endfacet
  facet normal -0.9039892931234441 0.4275550934302806 0
    outer loop
      vertex 8.87011339078319 24.4814635894914 32.2
      vertex 8.916267485762416 24.579048224398402 30
      vertex 8.87011339078319 24.4814635894914 30
    endloop
  endfacet
  facet normal -0.941544065183021 0.3368898533922194 0
    outer loop
      vertex 8.916267485762416 24.579048224398402 32.2
      vertex 8.95263436930543 24.68068685502009 30
      vertex 8.916267485762416 24.579048224398402 30
    endloop
  endfacet
  facet normal -0.9700312531945444 0.24298017990326243 0
    outer loop
      vertex 8.95263436930543 24.68068685502009 32.2
      vertex 8.978863808443554 24.78540064578226 30
      vertex 8.95263436930543 24.68068685502009 30
    endloop
  endfacet
  facet normal -0.9891765099647808 0.14673047445536294 0
    outer loop
      vertex 8.978863808443554 24.78540064578226 32.2
      vertex 8.994703199339417 24.892181145637483 30
      vertex 8.978863808443554 24.78540064578226 30
    endloop
  endfacet
  facet normal -0.9700312531945444 -0.24298017990326243 0
    outer loop
      vertex 8.978863808443554 25.21459935421774 32.2
      vertex 8.95263436930543 25.31931314497991 30
      vertex 8.978863808443554 25.21459935421774 30
    endloop
  endfacet
  facet normal -0.941544065183021 -0.3368898533922194 0
    outer loop
      vertex 8.95263436930543 25.31931314497991 32.2
      vertex 8.916267485762416 25.420951775601598 30
      vertex 8.95263436930543 25.31931314497991 30
    endloop
  endfacet
  facet normal -0.9987954562051727 0.0490676743274112 0
    outer loop
      vertex 8.994703199339417 24.892181145637483 32.2
      vertex 9 25 30
      vertex 8.994703199339417 24.892181145637483 30
    endloop
  endfacet
  facet normal -0.9987954562051727 -0.0490676743274112 0
    outer loop
      vertex 9 25 32.2
      vertex 8.994703199339417 25.107818854362517 30
      vertex 9 25 30
    endloop
  endfacet
  facet normal -0.9891765099647808 -0.14673047445536294 0
    outer loop
      vertex 8.994703199339417 25.107818854362517 32.2
      vertex 8.978863808443554 25.21459935421774 30
      vertex 8.994703199339417 25.107818854362517 30
    endloop
  endfacet
  facet normal -0.6715589548470237 0.7409511253549543 0
    outer loop
      vertex 8.59783261258001 24.14968850130099 32.2
      vertex 8.677817459305203 24.2221825406948 32.2
      vertex 8.677817459305203 24.2221825406948 30
    endloop
  endfacet
  facet normal -0.7409511253549477 0.671558954847031 0
    outer loop
      vertex 8.677817459305203 24.2221825406948 32.2
      vertex 8.750311498699011 24.30216738741999 32.2
      vertex 8.750311498699011 24.30216738741999 30
    endloop
  endfacet
  facet normal -0.8032075314806453 0.5956993044924328 0
    outer loop
      vertex 8.750311498699011 24.30216738741999 32.2
      vertex 8.8146165735328 24.388872743678437 32.2
      vertex 8.8146165735328 24.388872743678437 30
    endloop
  endfacet
  facet normal -0.8577286100002737 0.514102744193219 0
    outer loop
      vertex 8.8146165735328 24.388872743678437 32.2
      vertex 8.87011339078319 24.4814635894914 32.2
      vertex 8.87011339078319 24.4814635894914 30
    endloop
  endfacet
  facet normal -0.9039892931234441 0.4275550934302806 0
    outer loop
      vertex 8.87011339078319 24.4814635894914 32.2
      vertex 8.916267485762416 24.579048224398402 32.2
      vertex 8.916267485762416 24.579048224398402 30
    endloop
  endfacet
  facet normal -0.941544065183021 0.3368898533922194 0
    outer loop
      vertex 8.916267485762416 24.579048224398402 32.2
      vertex 8.95263436930543 24.68068685502009 32.2
      vertex 8.95263436930543 24.68068685502009 30
    endloop
  endfacet
  facet normal -0.9700312531945444 0.24298017990326243 0
    outer loop
      vertex 8.95263436930543 24.68068685502009 32.2
      vertex 8.978863808443554 24.78540064578226 32.2
      vertex 8.978863808443554 24.78540064578226 30
    endloop
  endfacet
  facet normal -0.9891765099647808 -0.14673047445536294 0
    outer loop
      vertex 8.994703199339417 25.107818854362517 32.2
      vertex 8.978863808443554 25.21459935421774 32.2
      vertex 8.978863808443554 25.21459935421774 30
    endloop
  endfacet
  facet normal -0.9700312531945444 -0.24298017990326243 0
    outer loop
      vertex 8.978863808443554 25.21459935421774 32.2
      vertex 8.95263436930543 25.31931314497991 32.2
      vertex 8.95263436930543 25.31931314497991 30
    endloop
  endfacet
  facet normal -0.941544065183021 -0.3368898533922194 0
    outer loop
      vertex 8.95263436930543 25.31931314497991 32.2
      vertex 8.916267485762416 25.420951775601598 32.2
      vertex 8.916267485762416 25.420951775601598 30
    endloop
  endfacet
  facet normal -0.9891765099647808 0.14673047445536294 0
    outer loop
      vertex 8.978863808443554 24.78540064578226 32.2
      vertex 8.994703199339417 24.892181145637483 32.2
      vertex 8.994703199339417 24.892181145637483 30
    endloop
  endfacet
  facet normal -0.9987954562051727 0.0490676743274112 0
    outer loop
      vertex 8.994703199339417 24.892181145637483 32.2
      vertex 9 25 32.2
      vertex 9 25 30
    endloop
  endfacet
  facet normal -0.9987954562051727 -0.0490676743274112 0
    outer loop
      vertex 9 25 32.2
      vertex 8.994703199339417 25.107818854362517 32.2
      vertex 8.994703199339417 25.107818854362517 30
    endloop
  endfacet
  facet normal -0.7409511253549477 -0.671558954847031 0
    outer loop
      vertex 8.750311498699011 25.69783261258001 32.2
      vertex 8.677817459305203 25.7778174593052 30
      vertex 8.750311498699011 25.69783261258001 30
    endloop
  endfacet
  facet normal -0.8032075314806453 -0.5956993044924328 0
    outer loop
      vertex 8.8146165735328 25.611127256321563 32.2
      vertex 8.750311498699011 25.69783261258001 30
      vertex 8.8146165735328 25.611127256321563 30
    endloop
  endfacet
  facet normal -0.6715589548470237 -0.7409511253549543 0
    outer loop
      vertex 8.677817459305203 25.7778174593052 32.2
      vertex 8.59783261258001 25.85031149869901 30
      vertex 8.677817459305203 25.7778174593052 30
    endloop
  endfacet
  facet normal -0.8577286100002737 -0.514102744193219 0
    outer loop
      vertex 8.87011339078319 25.5185364105086 32.2
      vertex 8.8146165735328 25.611127256321563 30
      vertex 8.87011339078319 25.5185364105086 30
    endloop
  endfacet
  facet normal -0.9039892931234441 -0.4275550934302806 0
    outer loop
      vertex 8.916267485762416 25.420951775601598 32.2
      vertex 8.87011339078319 25.5185364105086 30
      vertex 8.916267485762416 25.420951775601598 30
    endloop
  endfacet
  facet normal -0.8032075314806453 -0.5956993044924328 0
    outer loop
      vertex 8.8146165735328 25.611127256321563 32.2
      vertex 8.750311498699011 25.69783261258001 32.2
      vertex 8.750311498699011 25.69783261258001 30
    endloop
  endfacet
  facet normal -0.7409511253549477 -0.671558954847031 0
    outer loop
      vertex 8.750311498699011 25.69783261258001 32.2
      vertex 8.677817459305203 25.7778174593052 32.2
      vertex 8.677817459305203 25.7778174593052 30
    endloop
  endfacet
  facet normal -0.8577286100002737 -0.514102744193219 0
    outer loop
      vertex 8.87011339078319 25.5185364105086 32.2
      vertex 8.8146165735328 25.611127256321563 32.2
      vertex 8.8146165735328 25.611127256321563 30
    endloop
  endfacet
  facet normal -0.9039892931234441 -0.4275550934302806 0
    outer loop
      vertex 8.916267485762416 25.420951775601598 32.2
      vertex 8.87011339078319 25.5185364105086 32.2
      vertex 8.87011339078319 25.5185364105086 30
    endloop
  endfacet
  facet normal 0.9891765099647808 0.14673047445536294 0
    outer loop
      vertex -8.994703199339417 29.892181145637483 32.2
      vertex -8.978863808443554 29.78540064578226 30
      vertex -8.994703199339417 29.892181145637483 30
    endloop
  endfacet
  facet normal 0.9987954562051727 0.0490676743274112 0
    outer loop
      vertex -9 30 32.2
      vertex -8.994703199339417 29.892181145637483 30
      vertex -9 30 30
    endloop
  endfacet
  facet normal 0.8577286100002737 0.514102744193219 0
    outer loop
      vertex -8.8146165735328 29.388872743678437 30
      vertex -8.87011339078319 29.4814635894914 30
      vertex -8.87011339078319 29.4814635894914 32.2
    endloop
  endfacet
  facet normal 0.7409511253549477 0.671558954847031 0
    outer loop
      vertex -8.677817459305203 29.2221825406948 30
      vertex -8.750311498699011 29.30216738741999 30
      vertex -8.750311498699011 29.30216738741999 32.2
    endloop
  endfacet
  facet normal 0.8032075314806453 0.5956993044924328 0
    outer loop
      vertex -8.750311498699011 29.30216738741999 30
      vertex -8.8146165735328 29.388872743678437 30
      vertex -8.8146165735328 29.388872743678437 32.2
    endloop
  endfacet
  facet normal 0.6715589548470237 0.7409511253549543 0
    outer loop
      vertex -8.59783261258001 29.14968850130099 30
      vertex -8.677817459305203 29.2221825406948 30
      vertex -8.677817459305203 29.2221825406948 32.2
    endloop
  endfacet
  facet normal 0.9039892931234441 0.4275550934302806 0
    outer loop
      vertex -8.87011339078319 29.4814635894914 30
      vertex -8.916267485762416 29.579048224398402 30
      vertex -8.916267485762416 29.579048224398402 32.2
    endloop
  endfacet
  facet normal 0.941544065183021 0.3368898533922194 0
    outer loop
      vertex -8.916267485762416 29.579048224398402 30
      vertex -8.95263436930543 29.68068685502009 30
      vertex -8.95263436930543 29.68068685502009 32.2
    endloop
  endfacet
  facet normal 0.9700312531945444 0.24298017990326243 0
    outer loop
      vertex -8.978863808443554 29.78540064578226 32.2
      vertex -8.95263436930543 29.68068685502009 30
      vertex -8.978863808443554 29.78540064578226 30
    endloop
  endfacet
  facet normal 0.9987954562051727 0.0490676743274112 0
    outer loop
      vertex -9 30 32.2
      vertex -8.994703199339417 29.892181145637483 32.2
      vertex -8.994703199339417 29.892181145637483 30
    endloop
  endfacet
  facet normal 0.9987954562051727 -0.0490676743274112 0
    outer loop
      vertex -8.994703199339417 30.107818854362517 32.2
      vertex -9 30 32.2
      vertex -9 30 30
    endloop
  endfacet
  facet normal 0.8577286100002737 0.514102744193219 0
    outer loop
      vertex -8.8146165735328 29.388872743678437 30
      vertex -8.87011339078319 29.4814635894914 32.2
      vertex -8.8146165735328 29.388872743678437 32.2
    endloop
  endfacet
  facet normal 0.8032075314806453 0.5956993044924328 0
    outer loop
      vertex -8.750311498699011 29.30216738741999 30
      vertex -8.8146165735328 29.388872743678437 32.2
      vertex -8.750311498699011 29.30216738741999 32.2
    endloop
  endfacet
  facet normal 0.7409511253549477 0.671558954847031 0
    outer loop
      vertex -8.677817459305203 29.2221825406948 30
      vertex -8.750311498699011 29.30216738741999 32.2
      vertex -8.677817459305203 29.2221825406948 32.2
    endloop
  endfacet
  facet normal 0.941544065183021 0.3368898533922194 0
    outer loop
      vertex -8.916267485762416 29.579048224398402 30
      vertex -8.95263436930543 29.68068685502009 32.2
      vertex -8.916267485762416 29.579048224398402 32.2
    endloop
  endfacet
  facet normal 0.9700312531945444 0.24298017990326243 0
    outer loop
      vertex -8.978863808443554 29.78540064578226 32.2
      vertex -8.95263436930543 29.68068685502009 32.2
      vertex -8.95263436930543 29.68068685502009 30
    endloop
  endfacet
  facet normal 0.9039892931234441 0.4275550934302806 0
    outer loop
      vertex -8.87011339078319 29.4814635894914 30
      vertex -8.916267485762416 29.579048224398402 32.2
      vertex -8.87011339078319 29.4814635894914 32.2
    endloop
  endfacet
  facet normal 0.9891765099647808 0.14673047445536294 0
    outer loop
      vertex -8.994703199339417 29.892181145637483 32.2
      vertex -8.978863808443554 29.78540064578226 32.2
      vertex -8.978863808443554 29.78540064578226 30
    endloop
  endfacet
  facet normal 0.9987954562051727 -0.0490676743274112 0
    outer loop
      vertex -8.994703199339417 30.107818854362517 32.2
      vertex -9 30 30
      vertex -8.994703199339417 30.107818854362517 30
    endloop
  endfacet
  facet normal 0.9891765099647808 -0.14673047445536294 0
    outer loop
      vertex -8.978863808443554 30.21459935421774 32.2
      vertex -8.994703199339417 30.107818854362517 30
      vertex -8.978863808443554 30.21459935421774 30
    endloop
  endfacet
  facet normal 0.9700312531945444 -0.24298017990326243 0
    outer loop
      vertex -8.95263436930543 30.31931314497991 32.2
      vertex -8.978863808443554 30.21459935421774 30
      vertex -8.95263436930543 30.31931314497991 30
    endloop
  endfacet
  facet normal 0.941544065183021 -0.3368898533922194 0
    outer loop
      vertex -8.916267485762416 30.420951775601598 32.2
      vertex -8.95263436930543 30.31931314497991 30
      vertex -8.916267485762416 30.420951775601598 30
    endloop
  endfacet
  facet normal 0.9039892931234441 -0.4275550934302806 0
    outer loop
      vertex -8.87011339078319 30.5185364105086 32.2
      vertex -8.916267485762416 30.420951775601598 30
      vertex -8.87011339078319 30.5185364105086 30
    endloop
  endfacet
  facet normal 0.8577286100002737 -0.514102744193219 0
    outer loop
      vertex -8.8146165735328 30.611127256321563 32.2
      vertex -8.87011339078319 30.5185364105086 30
      vertex -8.8146165735328 30.611127256321563 30
    endloop
  endfacet
  facet normal 0.8032075314806453 -0.5956993044924328 0
    outer loop
      vertex -8.750311498699011 30.69783261258001 32.2
      vertex -8.8146165735328 30.611127256321563 30
      vertex -8.750311498699011 30.69783261258001 30
    endloop
  endfacet
  facet normal 0.7409511253549477 -0.671558954847031 0
    outer loop
      vertex -8.677817459305203 30.7778174593052 32.2
      vertex -8.750311498699011 30.69783261258001 30
      vertex -8.677817459305203 30.7778174593052 30
    endloop
  endfacet
  facet normal 0.9891765099647808 -0.14673047445536294 0
    outer loop
      vertex -8.978863808443554 30.21459935421774 32.2
      vertex -8.994703199339417 30.107818854362517 32.2
      vertex -8.994703199339417 30.107818854362517 30
    endloop
  endfacet
  facet normal 0.9700312531945444 -0.24298017990326243 0
    outer loop
      vertex -8.95263436930543 30.31931314497991 32.2
      vertex -8.978863808443554 30.21459935421774 32.2
      vertex -8.978863808443554 30.21459935421774 30
    endloop
  endfacet
  facet normal 0.941544065183021 -0.3368898533922194 0
    outer loop
      vertex -8.916267485762416 30.420951775601598 32.2
      vertex -8.95263436930543 30.31931314497991 32.2
      vertex -8.95263436930543 30.31931314497991 30
    endloop
  endfacet
  facet normal 0.9039892931234441 -0.4275550934302806 0
    outer loop
      vertex -8.87011339078319 30.5185364105086 32.2
      vertex -8.916267485762416 30.420951775601598 32.2
      vertex -8.916267485762416 30.420951775601598 30
    endloop
  endfacet
  facet normal 0.8577286100002737 -0.514102744193219 0
    outer loop
      vertex -8.8146165735328 30.611127256321563 32.2
      vertex -8.87011339078319 30.5185364105086 32.2
      vertex -8.87011339078319 30.5185364105086 30
    endloop
  endfacet
  facet normal 0.8032075314806453 -0.5956993044924328 0
    outer loop
      vertex -8.750311498699011 30.69783261258001 32.2
      vertex -8.8146165735328 30.611127256321563 32.2
      vertex -8.8146165735328 30.611127256321563 30
    endloop
  endfacet
  facet normal 0.7409511253549477 -0.671558954847031 0
    outer loop
      vertex -8.677817459305203 30.7778174593052 32.2
      vertex -8.750311498699011 30.69783261258001 32.2
      vertex -8.750311498699011 30.69783261258001 30
    endloop
  endfacet
  facet normal 0.6715589548470237 -0.7409511253549543 0
    outer loop
      vertex -8.59783261258001 30.85031149869901 32.2
      vertex -8.677817459305203 30.7778174593052 32.2
      vertex -8.677817459305203 30.7778174593052 30
    endloop
  endfacet
  facet normal 0.04906767432742762 0.998795456205172 0
    outer loop
      vertex -7.9 28.9 30
      vertex -8.007818854362517 28.905296800660583 30
      vertex -8.007818854362517 28.905296800660583 32.2
    endloop
  endfacet
  facet normal 0.5956993044924407 0.8032075314806396 0
    outer loop
      vertex -8.511127256321563 29.0853834264672 30
      vertex -8.59783261258001 29.14968850130099 30
      vertex -8.59783261258001 29.14968850130099 32.2
    endloop
  endfacet
  facet normal 0.5141027441932118 0.857728610000278 0
    outer loop
      vertex -8.418536410508597 29.02988660921681 30
      vertex -8.511127256321563 29.0853834264672 30
      vertex -8.511127256321563 29.0853834264672 32.2
    endloop
  endfacet
  facet normal 0.42755509343029324 0.903989293123438 0
    outer loop
      vertex -8.3209517756016 28.983732514237584 30
      vertex -8.418536410508597 29.02988660921681 30
      vertex -8.418536410508597 29.02988660921681 32.2
    endloop
  endfacet
  facet normal 0.3368898533922141 0.9415440651830228 0
    outer loop
      vertex -8.219313144979909 28.94736563069457 30
      vertex -8.3209517756016 28.983732514237584 30
      vertex -8.3209517756016 28.983732514237584 32.2
    endloop
  endfacet
  facet normal 0.24298017990326629 0.9700312531945434 0
    outer loop
      vertex -8.114599354217741 28.921136191556446 30
      vertex -8.219313144979909 28.94736563069457 30
      vertex -8.219313144979909 28.94736563069457 32.2
    endloop
  endfacet
  facet normal 0.14673047445536058 0.9891765099647812 0
    outer loop
      vertex -8.007818854362517 28.905296800660583 30
      vertex -8.114599354217741 28.921136191556446 30
      vertex -8.114599354217741 28.921136191556446 32.2
    endloop
  endfacet
  facet normal 0.04906767432742762 0.998795456205172 0
    outer loop
      vertex -7.9 28.9 30
      vertex -8.007818854362517 28.905296800660583 32.2
      vertex -7.9 28.9 32.2
    endloop
  endfacet
  facet normal 0.6715589548470237 0.7409511253549543 0
    outer loop
      vertex -8.59783261258001 29.14968850130099 30
      vertex -8.677817459305203 29.2221825406948 32.2
      vertex -8.59783261258001 29.14968850130099 32.2
    endloop
  endfacet
  facet normal 0.5956993044924407 0.8032075314806396 0
    outer loop
      vertex -8.511127256321563 29.0853834264672 30
      vertex -8.59783261258001 29.14968850130099 32.2
      vertex -8.511127256321563 29.0853834264672 32.2
    endloop
  endfacet
  facet normal 0.5141027441932118 0.857728610000278 0
    outer loop
      vertex -8.418536410508597 29.02988660921681 30
      vertex -8.511127256321563 29.0853834264672 32.2
      vertex -8.418536410508597 29.02988660921681 32.2
    endloop
  endfacet
  facet normal 0.42755509343029324 0.903989293123438 0
    outer loop
      vertex -8.3209517756016 28.983732514237584 30
      vertex -8.418536410508597 29.02988660921681 32.2
      vertex -8.3209517756016 28.983732514237584 32.2
    endloop
  endfacet
  facet normal 0.3368898533922141 0.9415440651830228 0
    outer loop
      vertex -8.219313144979909 28.94736563069457 30
      vertex -8.3209517756016 28.983732514237584 32.2
      vertex -8.219313144979909 28.94736563069457 32.2
    endloop
  endfacet
  facet normal 0.24298017990326629 0.9700312531945434 0
    outer loop
      vertex -8.114599354217741 28.921136191556446 30
      vertex -8.219313144979909 28.94736563069457 32.2
      vertex -8.114599354217741 28.921136191556446 32.2
    endloop
  endfacet
  facet normal 0.14673047445536058 0.9891765099647812 0
    outer loop
      vertex -8.007818854362517 28.905296800660583 30
      vertex -8.114599354217741 28.921136191556446 32.2
      vertex -8.007818854362517 28.905296800660583 32.2
    endloop
  endfacet
  facet normal 0.6715589548470237 -0.7409511253549543 0
    outer loop
      vertex -8.59783261258001 30.85031149869901 32.2
      vertex -8.677817459305203 30.7778174593052 30
      vertex -8.59783261258001 30.85031149869901 30
    endloop
  endfacet
  facet normal 0.5956993044924407 -0.8032075314806396 0
    outer loop
      vertex -8.511127256321563 30.9146165735328 32.2
      vertex -8.59783261258001 30.85031149869901 30
      vertex -8.511127256321563 30.9146165735328 30
    endloop
  endfacet
  facet normal 0.5141027441932118 -0.857728610000278 0
    outer loop
      vertex -8.418536410508597 30.97011339078319 32.2
      vertex -8.511127256321563 30.9146165735328 30
      vertex -8.418536410508597 30.97011339078319 30
    endloop
  endfacet
  facet normal 0.42755509343029324 -0.903989293123438 0
    outer loop
      vertex -8.3209517756016 31.016267485762416 32.2
      vertex -8.418536410508597 30.97011339078319 30
      vertex -8.3209517756016 31.016267485762416 30
    endloop
  endfacet
  facet normal 0.3368898533922141 -0.9415440651830228 0
    outer loop
      vertex -8.219313144979909 31.05263436930543 32.2
      vertex -8.3209517756016 31.016267485762416 30
      vertex -8.219313144979909 31.05263436930543 30
    endloop
  endfacet
  facet normal 0.24298017990326629 -0.9700312531945434 0
    outer loop
      vertex -8.114599354217741 31.078863808443554 32.2
      vertex -8.219313144979909 31.05263436930543 30
      vertex -8.114599354217741 31.078863808443554 30
    endloop
  endfacet
  facet normal 0.14673047445536058 -0.9891765099647812 0
    outer loop
      vertex -8.007818854362517 31.094703199339417 32.2
      vertex -8.114599354217741 31.078863808443554 30
      vertex -8.007818854362517 31.094703199339417 30
    endloop
  endfacet
  facet normal 0.04906767432742762 -0.998795456205172 0
    outer loop
      vertex -7.9 31.1 32.2
      vertex -8.007818854362517 31.094703199339417 30
      vertex -7.9 31.1 30
    endloop
  endfacet
  facet normal 0.5956993044924407 -0.8032075314806396 0
    outer loop
      vertex -8.511127256321563 30.9146165735328 32.2
      vertex -8.59783261258001 30.85031149869901 32.2
      vertex -8.59783261258001 30.85031149869901 30
    endloop
  endfacet
  facet normal 0.5141027441932118 -0.857728610000278 0
    outer loop
      vertex -8.418536410508597 30.97011339078319 32.2
      vertex -8.511127256321563 30.9146165735328 32.2
      vertex -8.511127256321563 30.9146165735328 30
    endloop
  endfacet
  facet normal 0.42755509343029324 -0.903989293123438 0
    outer loop
      vertex -8.3209517756016 31.016267485762416 32.2
      vertex -8.418536410508597 30.97011339078319 32.2
      vertex -8.418536410508597 30.97011339078319 30
    endloop
  endfacet
  facet normal 0.3368898533922141 -0.9415440651830228 0
    outer loop
      vertex -8.219313144979909 31.05263436930543 32.2
      vertex -8.3209517756016 31.016267485762416 32.2
      vertex -8.3209517756016 31.016267485762416 30
    endloop
  endfacet
  facet normal 0.24298017990326629 -0.9700312531945434 0
    outer loop
      vertex -8.114599354217741 31.078863808443554 32.2
      vertex -8.219313144979909 31.05263436930543 32.2
      vertex -8.219313144979909 31.05263436930543 30
    endloop
  endfacet
  facet normal 0.14673047445536058 -0.9891765099647812 0
    outer loop
      vertex -8.007818854362517 31.094703199339417 32.2
      vertex -8.114599354217741 31.078863808443554 32.2
      vertex -8.114599354217741 31.078863808443554 30
    endloop
  endfacet
  facet normal 0.04906767432742762 -0.998795456205172 0
    outer loop
      vertex -7.9 31.1 32.2
      vertex -8.007818854362517 31.094703199339417 32.2
      vertex -8.007818854362517 31.094703199339417 30
    endloop
  endfacet
  facet normal 0 1 0
    outer loop
      vertex 7.9 28.9 30
      vertex -7.9 28.9 30
      vertex -7.9 28.9 32.2
    endloop
  endfacet
  facet normal 0 -1 0
    outer loop
      vertex -7.9 31.1 32.2
      vertex -7.9 31.1 30
      vertex 7.9 31.1 32.2
    endloop
  endfacet
  facet normal 0 1 0
    outer loop
      vertex -7.9 28.9 32.2
      vertex 7.9 28.9 32.2
      vertex 7.9 28.9 30
    endloop
  endfacet
  facet normal 0 -1 0
    outer loop
      vertex 7.9 31.1 32.2
      vertex -7.9 31.1 30
      vertex 7.9 31.1 30
    endloop
  endfacet
  facet normal -0.04906767432742762 0.998795456205172 0
    outer loop
      vertex 7.9 28.9 32.2
      vertex 8.007818854362517 28.905296800660583 30
      vertex 7.9 28.9 30
    endloop
  endfacet
  facet normal -0.14673047445536058 0.9891765099647812 0
    outer loop
      vertex 8.007818854362517 28.905296800660583 32.2
      vertex 8.114599354217741 28.921136191556446 30
      vertex 8.007818854362517 28.905296800660583 30
    endloop
  endfacet
  facet normal -0.24298017990326629 0.9700312531945434 0
    outer loop
      vertex 8.114599354217741 28.921136191556446 32.2
      vertex 8.219313144979909 28.94736563069457 30
      vertex 8.114599354217741 28.921136191556446 30
    endloop
  endfacet
  facet normal -0.3368898533922141 0.9415440651830228 0
    outer loop
      vertex 8.219313144979909 28.94736563069457 32.2
      vertex 8.3209517756016 28.983732514237584 30
      vertex 8.219313144979909 28.94736563069457 30
    endloop
  endfacet
  facet normal -0.42755509343029324 0.903989293123438 0
    outer loop
      vertex 8.3209517756016 28.983732514237584 32.2
      vertex 8.418536410508597 29.02988660921681 30
      vertex 8.3209517756016 28.983732514237584 30
    endloop
  endfacet
  facet normal -0.5141027441932118 0.857728610000278 0
    outer loop
      vertex 8.418536410508597 29.02988660921681 32.2
      vertex 8.511127256321563 29.0853834264672 30
      vertex 8.418536410508597 29.02988660921681 30
    endloop
  endfacet
  facet normal -0.5956993044924407 0.8032075314806396 0
    outer loop
      vertex 8.511127256321563 29.0853834264672 32.2
      vertex 8.59783261258001 29.14968850130099 30
      vertex 8.511127256321563 29.0853834264672 30
    endloop
  endfacet
  facet normal -0.6715589548470237 0.7409511253549543 0
    outer loop
      vertex 8.59783261258001 29.14968850130099 32.2
      vertex 8.677817459305203 29.2221825406948 30
      vertex 8.59783261258001 29.14968850130099 30
    endloop
  endfacet
  facet normal -0.04906767432742762 0.998795456205172 0
    outer loop
      vertex 7.9 28.9 32.2
      vertex 8.007818854362517 28.905296800660583 32.2
      vertex 8.007818854362517 28.905296800660583 30
    endloop
  endfacet
  facet normal -0.14673047445536058 0.9891765099647812 0
    outer loop
      vertex 8.007818854362517 28.905296800660583 32.2
      vertex 8.114599354217741 28.921136191556446 32.2
      vertex 8.114599354217741 28.921136191556446 30
    endloop
  endfacet
  facet normal -0.24298017990326629 0.9700312531945434 0
    outer loop
      vertex 8.114599354217741 28.921136191556446 32.2
      vertex 8.219313144979909 28.94736563069457 32.2
      vertex 8.219313144979909 28.94736563069457 30
    endloop
  endfacet
  facet normal -0.3368898533922141 0.9415440651830228 0
    outer loop
      vertex 8.219313144979909 28.94736563069457 32.2
      vertex 8.3209517756016 28.983732514237584 32.2
      vertex 8.3209517756016 28.983732514237584 30
    endloop
  endfacet
  facet normal -0.42755509343029324 0.903989293123438 0
    outer loop
      vertex 8.3209517756016 28.983732514237584 32.2
      vertex 8.418536410508597 29.02988660921681 32.2
      vertex 8.418536410508597 29.02988660921681 30
    endloop
  endfacet
  facet normal -0.5141027441932118 0.857728610000278 0
    outer loop
      vertex 8.418536410508597 29.02988660921681 32.2
      vertex 8.511127256321563 29.0853834264672 32.2
      vertex 8.511127256321563 29.0853834264672 30
    endloop
  endfacet
  facet normal -0.5956993044924407 0.8032075314806396 0
    outer loop
      vertex 8.511127256321563 29.0853834264672 32.2
      vertex 8.59783261258001 29.14968850130099 32.2
      vertex 8.59783261258001 29.14968850130099 30
    endloop
  endfacet
  facet normal -0.04906767432742762 -0.998795456205172 0
    outer loop
      vertex 8.007818854362517 31.094703199339417 32.2
      vertex 7.9 31.1 30
      vertex 8.007818854362517 31.094703199339417 30
    endloop
  endfacet
  facet normal -0.14673047445536058 -0.9891765099647812 0
    outer loop
      vertex 8.114599354217741 31.078863808443554 32.2
      vertex 8.007818854362517 31.094703199339417 30
      vertex 8.114599354217741 31.078863808443554 30
    endloop
  endfacet
  facet normal -0.24298017990326629 -0.9700312531945434 0
    outer loop
      vertex 8.219313144979909 31.05263436930543 32.2
      vertex 8.114599354217741 31.078863808443554 30
      vertex 8.219313144979909 31.05263436930543 30
    endloop
  endfacet
  facet normal -0.3368898533922141 -0.9415440651830228 0
    outer loop
      vertex 8.3209517756016 31.016267485762416 32.2
      vertex 8.219313144979909 31.05263436930543 30
      vertex 8.3209517756016 31.016267485762416 30
    endloop
  endfacet
  facet normal -0.42755509343029324 -0.903989293123438 0
    outer loop
      vertex 8.418536410508597 30.97011339078319 32.2
      vertex 8.3209517756016 31.016267485762416 30
      vertex 8.418536410508597 30.97011339078319 30
    endloop
  endfacet
  facet normal -0.5956993044924407 -0.8032075314806396 0
    outer loop
      vertex 8.59783261258001 30.85031149869901 32.2
      vertex 8.511127256321563 30.9146165735328 30
      vertex 8.59783261258001 30.85031149869901 30
    endloop
  endfacet
  facet normal -0.5141027441932118 -0.857728610000278 0
    outer loop
      vertex 8.511127256321563 30.9146165735328 32.2
      vertex 8.418536410508597 30.97011339078319 30
      vertex 8.511127256321563 30.9146165735328 30
    endloop
  endfacet
  facet normal -0.04906767432742762 -0.998795456205172 0
    outer loop
      vertex 8.007818854362517 31.094703199339417 32.2
      vertex 7.9 31.1 32.2
      vertex 7.9 31.1 30
    endloop
  endfacet
  facet normal -0.14673047445536058 -0.9891765099647812 0
    outer loop
      vertex 8.114599354217741 31.078863808443554 32.2
      vertex 8.007818854362517 31.094703199339417 32.2
      vertex 8.007818854362517 31.094703199339417 30
    endloop
  endfacet
  facet normal -0.24298017990326629 -0.9700312531945434 0
    outer loop
      vertex 8.219313144979909 31.05263436930543 32.2
      vertex 8.114599354217741 31.078863808443554 32.2
      vertex 8.114599354217741 31.078863808443554 30
    endloop
  endfacet
  facet normal -0.3368898533922141 -0.9415440651830228 0
    outer loop
      vertex 8.3209517756016 31.016267485762416 32.2
      vertex 8.219313144979909 31.05263436930543 32.2
      vertex 8.219313144979909 31.05263436930543 30
    endloop
  endfacet
  facet normal -0.42755509343029324 -0.903989293123438 0
    outer loop
      vertex 8.418536410508597 30.97011339078319 32.2
      vertex 8.3209517756016 31.016267485762416 32.2
      vertex 8.3209517756016 31.016267485762416 30
    endloop
  endfacet
  facet normal -0.5956993044924407 -0.8032075314806396 0
    outer loop
      vertex 8.59783261258001 30.85031149869901 32.2
      vertex 8.511127256321563 30.9146165735328 32.2
      vertex 8.511127256321563 30.9146165735328 30
    endloop
  endfacet
  facet normal -0.6715589548470237 -0.7409511253549543 0
    outer loop
      vertex 8.677817459305203 30.7778174593052 32.2
      vertex 8.59783261258001 30.85031149869901 32.2
      vertex 8.59783261258001 30.85031149869901 30
    endloop
  endfacet
  facet normal -0.5141027441932118 -0.857728610000278 0
    outer loop
      vertex 8.511127256321563 30.9146165735328 32.2
      vertex 8.418536410508597 30.97011339078319 32.2
      vertex 8.418536410508597 30.97011339078319 30
    endloop
  endfacet
  facet normal -0.7409511253549477 0.671558954847031 0
    outer loop
      vertex 8.677817459305203 29.2221825406948 32.2
      vertex 8.750311498699011 29.30216738741999 30
      vertex 8.677817459305203 29.2221825406948 30
    endloop
  endfacet
  facet normal -0.8032075314806453 0.5956993044924328 0
    outer loop
      vertex 8.750311498699011 29.30216738741999 32.2
      vertex 8.8146165735328 29.388872743678437 30
      vertex 8.750311498699011 29.30216738741999 30
    endloop
  endfacet
  facet normal -0.8577286100002737 0.514102744193219 0
    outer loop
      vertex 8.8146165735328 29.388872743678437 32.2
      vertex 8.87011339078319 29.4814635894914 30
      vertex 8.8146165735328 29.388872743678437 30
    endloop
  endfacet
  facet normal -0.9039892931234441 0.4275550934302806 0
    outer loop
      vertex 8.87011339078319 29.4814635894914 32.2
      vertex 8.916267485762416 29.579048224398402 30
      vertex 8.87011339078319 29.4814635894914 30
    endloop
  endfacet
  facet normal -0.941544065183021 0.3368898533922194 0
    outer loop
      vertex 8.916267485762416 29.579048224398402 32.2
      vertex 8.95263436930543 29.68068685502009 30
      vertex 8.916267485762416 29.579048224398402 30
    endloop
  endfacet
  facet normal -0.9700312531945444 0.24298017990326243 0
    outer loop
      vertex 8.95263436930543 29.68068685502009 32.2
      vertex 8.978863808443554 29.78540064578226 30
      vertex 8.95263436930543 29.68068685502009 30
    endloop
  endfacet
  facet normal -0.9891765099647808 0.14673047445536294 0
    outer loop
      vertex 8.978863808443554 29.78540064578226 32.2
      vertex 8.994703199339417 29.892181145637483 30
      vertex 8.978863808443554 29.78540064578226 30
    endloop
  endfacet
  facet normal -0.9987954562051727 0.0490676743274112 0
    outer loop
      vertex 8.994703199339417 29.892181145637483 32.2
      vertex 9 30 30
      vertex 8.994703199339417 29.892181145637483 30
    endloop
  endfacet
  facet normal -0.9987954562051727 -0.0490676743274112 0
    outer loop
      vertex 9 30 32.2
      vertex 8.994703199339417 30.107818854362517 30
      vertex 9 30 30
    endloop
  endfacet
  facet normal -0.6715589548470237 0.7409511253549543 0
    outer loop
      vertex 8.59783261258001 29.14968850130099 32.2
      vertex 8.677817459305203 29.2221825406948 32.2
      vertex 8.677817459305203 29.2221825406948 30
    endloop
  endfacet
  facet normal -0.7409511253549477 0.671558954847031 0
    outer loop
      vertex 8.677817459305203 29.2221825406948 32.2
      vertex 8.750311498699011 29.30216738741999 32.2
      vertex 8.750311498699011 29.30216738741999 30
    endloop
  endfacet
  facet normal -0.8032075314806453 0.5956993044924328 0
    outer loop
      vertex 8.750311498699011 29.30216738741999 32.2
      vertex 8.8146165735328 29.388872743678437 32.2
      vertex 8.8146165735328 29.388872743678437 30
    endloop
  endfacet
  facet normal -0.8577286100002737 0.514102744193219 0
    outer loop
      vertex 8.8146165735328 29.388872743678437 32.2
      vertex 8.87011339078319 29.4814635894914 32.2
      vertex 8.87011339078319 29.4814635894914 30
    endloop
  endfacet
  facet normal -0.9039892931234441 0.4275550934302806 0
    outer loop
      vertex 8.87011339078319 29.4814635894914 32.2
      vertex 8.916267485762416 29.579048224398402 32.2
      vertex 8.916267485762416 29.579048224398402 30
    endloop
  endfacet
  facet normal -0.941544065183021 0.3368898533922194 0
    outer loop
      vertex 8.916267485762416 29.579048224398402 32.2
      vertex 8.95263436930543 29.68068685502009 32.2
      vertex 8.95263436930543 29.68068685502009 30
    endloop
  endfacet
  facet normal -0.9700312531945444 0.24298017990326243 0
    outer loop
      vertex 8.95263436930543 29.68068685502009 32.2
      vertex 8.978863808443554 29.78540064578226 32.2
      vertex 8.978863808443554 29.78540064578226 30
    endloop
  endfacet
  facet normal -0.9891765099647808 0.14673047445536294 0
    outer loop
      vertex 8.978863808443554 29.78540064578226 32.2
      vertex 8.994703199339417 29.892181145637483 32.2
      vertex 8.994703199339417 29.892181145637483 30
    endloop
  endfacet
  facet normal -0.9987954562051727 0.0490676743274112 0
    outer loop
      vertex 8.994703199339417 29.892181145637483 32.2
      vertex 9 30 32.2
      vertex 9 30 30
    endloop
  endfacet
  facet normal -0.8032075314806453 -0.5956993044924328 0
    outer loop
      vertex 8.8146165735328 30.611127256321563 32.2
      vertex 8.750311498699011 30.69783261258001 30
      vertex 8.8146165735328 30.611127256321563 30
    endloop
  endfacet
  facet normal -0.9700312531945444 -0.24298017990326243 0
    outer loop
      vertex 8.978863808443554 30.21459935421774 32.2
      vertex 8.95263436930543 30.31931314497991 30
      vertex 8.978863808443554 30.21459935421774 30
    endloop
  endfacet
  facet normal -0.8577286100002737 -0.514102744193219 0
    outer loop
      vertex 8.87011339078319 30.5185364105086 32.2
      vertex 8.8146165735328 30.611127256321563 30
      vertex 8.87011339078319 30.5185364105086 30
    endloop
  endfacet
  facet normal -0.9039892931234441 -0.4275550934302806 0
    outer loop
      vertex 8.916267485762416 30.420951775601598 32.2
      vertex 8.87011339078319 30.5185364105086 30
      vertex 8.916267485762416 30.420951775601598 30
    endloop
  endfacet
  facet normal -0.941544065183021 -0.3368898533922194 0
    outer loop
      vertex 8.95263436930543 30.31931314497991 32.2
      vertex 8.916267485762416 30.420951775601598 30
      vertex 8.95263436930543 30.31931314497991 30
    endloop
  endfacet
  facet normal -0.6715589548470237 -0.7409511253549543 0
    outer loop
      vertex 8.677817459305203 30.7778174593052 32.2
      vertex 8.59783261258001 30.85031149869901 30
      vertex 8.677817459305203 30.7778174593052 30
    endloop
  endfacet
  facet normal -0.7409511253549477 -0.671558954847031 0
    outer loop
      vertex 8.750311498699011 30.69783261258001 32.2
      vertex 8.677817459305203 30.7778174593052 30
      vertex 8.750311498699011 30.69783261258001 30
    endloop
  endfacet
  facet normal -0.9891765099647808 -0.14673047445536294 0
    outer loop
      vertex 8.994703199339417 30.107818854362517 32.2
      vertex 8.978863808443554 30.21459935421774 30
      vertex 8.994703199339417 30.107818854362517 30
    endloop
  endfacet
  facet normal -0.9891765099647808 -0.14673047445536294 0
    outer loop
      vertex 8.994703199339417 30.107818854362517 32.2
      vertex 8.978863808443554 30.21459935421774 32.2
      vertex 8.978863808443554 30.21459935421774 30
    endloop
  endfacet
  facet normal -0.9700312531945444 -0.24298017990326243 0
    outer loop
      vertex 8.978863808443554 30.21459935421774 32.2
      vertex 8.95263436930543 30.31931314497991 32.2
      vertex 8.95263436930543 30.31931314497991 30
    endloop
  endfacet
  facet normal -0.9039892931234441 -0.4275550934302806 0
    outer loop
      vertex 8.916267485762416 30.420951775601598 32.2
      vertex 8.87011339078319 30.5185364105086 32.2
      vertex 8.87011339078319 30.5185364105086 30
    endloop
  endfacet
  facet normal -0.8577286100002737 -0.514102744193219 0
    outer loop
      vertex 8.87011339078319 30.5185364105086 32.2
      vertex 8.8146165735328 30.611127256321563 32.2
      vertex 8.8146165735328 30.611127256321563 30
    endloop
  endfacet
  facet normal -0.941544065183021 -0.3368898533922194 0
    outer loop
      vertex 8.95263436930543 30.31931314497991 32.2
      vertex 8.916267485762416 30.420951775601598 32.2
      vertex 8.916267485762416 30.420951775601598 30
    endloop
  endfacet
  facet normal -0.7409511253549477 -0.671558954847031 0
    outer loop
      vertex 8.750311498699011 30.69783261258001 32.2
      vertex 8.677817459305203 30.7778174593052 32.2
      vertex 8.677817459305203 30.7778174593052 30
    endloop
  endfacet
  facet normal -0.8032075314806453 -0.5956993044924328 0
    outer loop
      vertex 8.8146165735328 30.611127256321563 32.2
      vertex 8.750311498699011 30.69783261258001 32.2
      vertex 8.750311498699011 30.69783261258001 30
    endloop
  endfacet
  facet normal -0.9987954562051727 -0.0490676743274112 0
    outer loop
      vertex 9 30 32.2
      vertex 8.994703199339417 30.107818854362517 32.2
      vertex 8.994703199339417 30.107818854362517 30
    endloop
  endfacet
  facet normal 0.989176509964781 0.1467304744553616 0
    outer loop
      vertex -6.492777090008295 -1.1470257104943409 32.2
      vertex -6.471177920604846 -1.2926354830241924 30
      vertex -6.492777090008295 -1.1470257104943409 30
    endloop
  endfacet
  facet normal 0.9987954562051724 0.049067674327418355 0
    outer loop
      vertex -6.5 -1 32.2
      vertex -6.492777090008295 -1.1470257104943409 30
      vertex -6.5 -1 30
    endloop
  endfacet
  facet normal 0.9987954562051724 -0.049067674327418355 0
    outer loop
      vertex -6.492777090008295 -0.8529742895056591 32.2
      vertex -6.5 -1 30
      vertex -6.492777090008295 -0.8529742895056591 30
    endloop
  endfacet
  facet normal 0.989176509964781 -0.1467304744553616 0
    outer loop
      vertex -6.471177920604846 -0.7073645169758076 32.2
      vertex -6.492777090008295 -0.8529742895056591 30
      vertex -6.471177920604846 -0.7073645169758076 30
    endloop
  endfacet
  facet normal 0.8577286100002709 0.5141027441932237 0
    outer loop
      vertex -6.322881896522532 -1.7070951052389964 32.2
      vertex -6.247204418453817 -1.8333553495294033 30
      vertex -6.322881896522532 -1.7070951052389964 30
    endloop
  endfacet
  facet normal 0.803207531480646 0.5956993044924319 0
    outer loop
      vertex -6.247204418453817 -1.8333553495294033 32.2
      vertex -6.159515680044105 -1.9515899262454681 30
      vertex -6.247204418453817 -1.8333553495294033 30
    endloop
  endfacet
  facet normal 0.7409511253549592 0.6715589548470182 0
    outer loop
      vertex -6.159515680044105 -1.9515899262454681 32.2
      vertex -6.060660171779821 -2.0606601717798214 30
      vertex -6.159515680044105 -1.9515899262454681 30
    endloop
  endfacet
  facet normal 0.9415440651830204 0.3368898533922212 0
    outer loop
      vertex -6.435410503598313 -1.4354270158816935 32.2
      vertex -6.38581929876693 -1.5740251485476346 30
      vertex -6.435410503598313 -1.4354270158816935 30
    endloop
  endfacet
  facet normal 0.9039892931234432 0.4275550934302821 0
    outer loop
      vertex -6.38581929876693 -1.5740251485476346 32.2
      vertex -6.322881896522532 -1.7070951052389964 30
      vertex -6.38581929876693 -1.5740251485476346 30
    endloop
  endfacet
  facet normal 0.9700312531945441 0.2429801799032634 0
    outer loop
      vertex -6.471177920604846 -1.2926354830241924 32.2
      vertex -6.435410503598313 -1.4354270158816935 30
      vertex -6.471177920604846 -1.2926354830241924 30
    endloop
  endfacet
  facet normal 0.6715589548470181 0.7409511253549593 0
    outer loop
      vertex -5.951589926245468 -2.1595156800441053 30
      vertex -6.060660171779821 -2.0606601717798214 30
      vertex -6.060660171779821 -2.0606601717798214 32.2
    endloop
  endfacet
  facet normal 0.5956993044924352 0.8032075314806435 0
    outer loop
      vertex -5.951589926245468 -2.1595156800441053 32.2
      vertex -5.833355349529404 -2.247204418453818 30
      vertex -5.951589926245468 -2.1595156800441053 30
    endloop
  endfacet
  facet normal 0.5141027441932214 0.8577286100002722 0
    outer loop
      vertex -5.833355349529404 -2.247204418453818 32.2
      vertex -5.707095105238997 -2.3228818965225324 30
      vertex -5.833355349529404 -2.247204418453818 30
    endloop
  endfacet
  facet normal 0.9700312531945441 -0.2429801799032634 0
    outer loop
      vertex -6.435410503598313 -0.5645729841183065 32.2
      vertex -6.471177920604846 -0.7073645169758076 30
      vertex -6.435410503598313 -0.5645729841183065 30
    endloop
  endfacet
  facet normal 0.9415440651830204 -0.3368898533922212 0
    outer loop
      vertex -6.38581929876693 -0.42597485145236536 32.2
      vertex -6.435410503598313 -0.5645729841183065 30
      vertex -6.38581929876693 -0.42597485145236536 30
    endloop
  endfacet
  facet normal 0.9039892931234432 -0.4275550934302821 0
    outer loop
      vertex -6.322881896522532 -0.29290489476100356 32.2
      vertex -6.38581929876693 -0.42597485145236536 30
      vertex -6.322881896522532 -0.29290489476100356 30
    endloop
  endfacet
  facet normal 0.8577286100002709 -0.5141027441932237 0
    outer loop
      vertex -6.247204418453817 -0.16664465047059673 32.2
      vertex -6.322881896522532 -0.29290489476100356 30
      vertex -6.247204418453817 -0.16664465047059673 30
    endloop
  endfacet
  facet normal 0.8032075314806463 -0.5956993044924315 0
    outer loop
      vertex -6.159515680044105 -0.04841007375453177 32.2
      vertex -6.247204418453817 -0.16664465047059673 30
      vertex -6.159515680044105 -0.04841007375453177 30
    endloop
  endfacet
  facet normal 0.989176509964781 0.1467304744553616 0
    outer loop
      vertex -6.492777090008295 -1.1470257104943409 32.2
      vertex -6.471177920604846 -1.2926354830241924 32.2
      vertex -6.471177920604846 -1.2926354830241924 30
    endloop
  endfacet
  facet normal 0.9987954562051724 0.049067674327418355 0
    outer loop
      vertex -6.5 -1 32.2
      vertex -6.492777090008295 -1.1470257104943409 32.2
      vertex -6.492777090008295 -1.1470257104943409 30
    endloop
  endfacet
  facet normal 0.9987954562051724 -0.049067674327418355 0
    outer loop
      vertex -6.492777090008295 -0.8529742895056591 32.2
      vertex -6.5 -1 32.2
      vertex -6.5 -1 30
    endloop
  endfacet
  facet normal 0.989176509964781 -0.1467304744553616 0
    outer loop
      vertex -6.471177920604846 -0.7073645169758076 32.2
      vertex -6.492777090008295 -0.8529742895056591 32.2
      vertex -6.492777090008295 -0.8529742895056591 30
    endloop
  endfacet
  facet normal 0.8577286100002709 0.5141027441932237 0
    outer loop
      vertex -6.322881896522532 -1.7070951052389964 32.2
      vertex -6.247204418453817 -1.8333553495294033 32.2
      vertex -6.247204418453817 -1.8333553495294033 30
    endloop
  endfacet
  facet normal 0.803207531480646 0.5956993044924319 0
    outer loop
      vertex -6.247204418453817 -1.8333553495294033 32.2
      vertex -6.159515680044105 -1.9515899262454681 32.2
      vertex -6.159515680044105 -1.9515899262454681 30
    endloop
  endfacet
  facet normal 0.9415440651830204 0.3368898533922212 0
    outer loop
      vertex -6.435410503598313 -1.4354270158816935 32.2
      vertex -6.38581929876693 -1.5740251485476346 32.2
      vertex -6.38581929876693 -1.5740251485476346 30
    endloop
  endfacet
  facet normal 0.9039892931234432 0.4275550934302821 0
    outer loop
      vertex -6.38581929876693 -1.5740251485476346 32.2
      vertex -6.322881896522532 -1.7070951052389964 32.2
      vertex -6.322881896522532 -1.7070951052389964 30
    endloop
  endfacet
  facet normal 0.9700312531945441 0.2429801799032634 0
    outer loop
      vertex -6.471177920604846 -1.2926354830241924 32.2
      vertex -6.435410503598313 -1.4354270158816935 32.2
      vertex -6.435410503598313 -1.4354270158816935 30
    endloop
  endfacet
  facet normal 0.7409511253549592 0.6715589548470182 0
    outer loop
      vertex -6.159515680044105 -1.9515899262454681 32.2
      vertex -6.060660171779821 -2.0606601717798214 32.2
      vertex -6.060660171779821 -2.0606601717798214 30
    endloop
  endfacet
  facet normal 0.6715589548470181 0.7409511253549593 0
    outer loop
      vertex -5.951589926245468 -2.1595156800441053 32.2
      vertex -5.951589926245468 -2.1595156800441053 30
      vertex -6.060660171779821 -2.0606601717798214 32.2
    endloop
  endfacet
  facet normal 0.5956993044924352 0.8032075314806435 0
    outer loop
      vertex -5.833355349529404 -2.247204418453818 32.2
      vertex -5.833355349529404 -2.247204418453818 30
      vertex -5.951589926245468 -2.1595156800441053 32.2
    endloop
  endfacet
  facet normal 0.9700312531945441 -0.2429801799032634 0
    outer loop
      vertex -6.435410503598313 -0.5645729841183065 32.2
      vertex -6.471177920604846 -0.7073645169758076 32.2
      vertex -6.471177920604846 -0.7073645169758076 30
    endloop
  endfacet
  facet normal 0.9415440651830204 -0.3368898533922212 0
    outer loop
      vertex -6.38581929876693 -0.42597485145236536 32.2
      vertex -6.435410503598313 -0.5645729841183065 32.2
      vertex -6.435410503598313 -0.5645729841183065 30
    endloop
  endfacet
  facet normal 0.9039892931234432 -0.4275550934302821 0
    outer loop
      vertex -6.322881896522532 -0.29290489476100356 32.2
      vertex -6.38581929876693 -0.42597485145236536 32.2
      vertex -6.38581929876693 -0.42597485145236536 30
    endloop
  endfacet
  facet normal 0.8577286100002709 -0.5141027441932237 0
    outer loop
      vertex -6.247204418453817 -0.16664465047059673 32.2
      vertex -6.322881896522532 -0.29290489476100356 32.2
      vertex -6.322881896522532 -0.29290489476100356 30
    endloop
  endfacet
  facet normal 0.8032075314806463 -0.5956993044924315 0
    outer loop
      vertex -6.159515680044105 -0.04841007375453177 32.2
      vertex -6.247204418453817 -0.16664465047059673 32.2
      vertex -6.247204418453817 -0.16664465047059673 30
    endloop
  endfacet
  facet normal 0.7409511253549589 -0.6715589548470187 0
    outer loop
      vertex -6.159515680044105 -0.04841007375453177 32.2
      vertex -6.159515680044105 -0.04841007375453177 30
      vertex -6.060660171779821 0.060660171779821415 32.2
    endloop
  endfacet
  facet normal 0.4275550934302804 0.9039892931234441 0
    outer loop
      vertex -5.707095105238997 -2.3228818965225324 32.2
      vertex -5.574025148547634 -2.38581929876693 30
      vertex -5.707095105238997 -2.3228818965225324 30
    endloop
  endfacet
  facet normal 0.33688985339222066 0.9415440651830205 0
    outer loop
      vertex -5.574025148547634 -2.38581929876693 32.2
      vertex -5.435427015881693 -2.4354105035983133 30
      vertex -5.574025148547634 -2.38581929876693 30
    endloop
  endfacet
  facet normal 0.2429801799032634 0.9700312531945441 0
    outer loop
      vertex -5.435427015881693 -2.4354105035983133 32.2
      vertex -5.292635483024192 -2.4711779206048456 30
      vertex -5.435427015881693 -2.4354105035983133 30
    endloop
  endfacet
  facet normal 0.14673047445536205 0.989176509964781 0
    outer loop
      vertex -5.292635483024192 -2.4711779206048456 32.2
      vertex -5.147025710494341 -2.4927770900082953 30
      vertex -5.292635483024192 -2.4711779206048456 30
    endloop
  endfacet
  facet normal 0.049067674327418355 0.9987954562051724 0
    outer loop
      vertex -5.147025710494341 -2.4927770900082953 32.2
      vertex -5 -2.5 30
      vertex -5.147025710494341 -2.4927770900082953 30
    endloop
  endfacet
  facet normal -0.049067674327418355 0.9987954562051724 0
    outer loop
      vertex -5 -2.5 32.2
      vertex -4.852974289505659 -2.4927770900082953 30
      vertex -5 -2.5 30
    endloop
  endfacet
  facet normal -0.14673047445536205 0.989176509964781 0
    outer loop
      vertex -4.852974289505659 -2.4927770900082953 32.2
      vertex -4.707364516975808 -2.4711779206048456 30
      vertex -4.852974289505659 -2.4927770900082953 30
    endloop
  endfacet
  facet normal -0.2429801799032634 0.9700312531945441 0
    outer loop
      vertex -4.707364516975808 -2.4711779206048456 32.2
      vertex -4.564572984118307 -2.4354105035983133 30
      vertex -4.707364516975808 -2.4711779206048456 30
    endloop
  endfacet
  facet normal -0.33688985339222066 0.9415440651830205 0
    outer loop
      vertex -4.564572984118307 -2.4354105035983133 32.2
      vertex -4.425974851452366 -2.38581929876693 30
      vertex -4.564572984118307 -2.4354105035983133 30
    endloop
  endfacet
  facet normal -0.4275550934302804 0.9039892931234441 0
    outer loop
      vertex -4.425974851452366 -2.38581929876693 32.2
      vertex -4.292904894761003 -2.3228818965225324 30
      vertex -4.425974851452366 -2.38581929876693 30
    endloop
  endfacet
  facet normal 0.4275550934302804 0.9039892931234441 0
    outer loop
      vertex -5.574025148547634 -2.38581929876693 32.2
      vertex -5.574025148547634 -2.38581929876693 30
      vertex -5.707095105238997 -2.3228818965225324 32.2
    endloop
  endfacet
  facet normal 0.33688985339222066 0.9415440651830205 0
    outer loop
      vertex -5.435427015881693 -2.4354105035983133 32.2
      vertex -5.435427015881693 -2.4354105035983133 30
      vertex -5.574025148547634 -2.38581929876693 32.2
    endloop
  endfacet
  facet normal 0.2429801799032634 0.9700312531945441 0
    outer loop
      vertex -5.292635483024192 -2.4711779206048456 32.2
      vertex -5.292635483024192 -2.4711779206048456 30
      vertex -5.435427015881693 -2.4354105035983133 32.2
    endloop
  endfacet
  facet normal 0.14673047445536205 0.989176509964781 0
    outer loop
      vertex -5.147025710494341 -2.4927770900082953 32.2
      vertex -5.147025710494341 -2.4927770900082953 30
      vertex -5.292635483024192 -2.4711779206048456 32.2
    endloop
  endfacet
  facet normal 0.049067674327418355 0.9987954562051724 0
    outer loop
      vertex -5 -2.5 32.2
      vertex -5 -2.5 30
      vertex -5.147025710494341 -2.4927770900082953 32.2
    endloop
  endfacet
  facet normal -0.049067674327418355 0.9987954562051724 0
    outer loop
      vertex -4.852974289505659 -2.4927770900082953 32.2
      vertex -4.852974289505659 -2.4927770900082953 30
      vertex -5 -2.5 32.2
    endloop
  endfacet
  facet normal -0.14673047445536205 0.989176509964781 0
    outer loop
      vertex -4.707364516975808 -2.4711779206048456 32.2
      vertex -4.707364516975808 -2.4711779206048456 30
      vertex -4.852974289505659 -2.4927770900082953 32.2
    endloop
  endfacet
  facet normal -0.2429801799032634 0.9700312531945441 0
    outer loop
      vertex -4.564572984118307 -2.4354105035983133 32.2
      vertex -4.564572984118307 -2.4354105035983133 30
      vertex -4.707364516975808 -2.4711779206048456 32.2
    endloop
  endfacet
  facet normal -0.33688985339222066 0.9415440651830205 0
    outer loop
      vertex -4.425974851452366 -2.38581929876693 32.2
      vertex -4.425974851452366 -2.38581929876693 30
      vertex -4.564572984118307 -2.4354105035983133 32.2
    endloop
  endfacet
  facet normal -0.4275550934302804 0.9039892931234441 0
    outer loop
      vertex -4.292904894761003 -2.3228818965225324 32.2
      vertex -4.292904894761003 -2.3228818965225324 30
      vertex -4.425974851452366 -2.38581929876693 32.2
    endloop
  endfacet
  facet normal 0.5141027441932214 0.8577286100002722 0
    outer loop
      vertex -5.707095105238997 -2.3228818965225324 32.2
      vertex -5.707095105238997 -2.3228818965225324 30
      vertex -5.833355349529404 -2.247204418453818 32.2
    endloop
  endfacet
  facet normal -0.5141027441932214 0.8577286100002722 0
    outer loop
      vertex -4.292904894761003 -2.3228818965225324 32.2
      vertex -4.166644650470596 -2.247204418453818 30
      vertex -4.292904894761003 -2.3228818965225324 30
    endloop
  endfacet
  facet normal -0.5956993044924352 0.8032075314806435 0
    outer loop
      vertex -4.166644650470596 -2.247204418453818 32.2
      vertex -4.048410073754532 -2.1595156800441053 30
      vertex -4.166644650470596 -2.247204418453818 30
    endloop
  endfacet
  facet normal -0.6715589548470167 0.7409511253549607 0
    outer loop
      vertex -4.048410073754532 -2.1595156800441053 32.2
      vertex -3.9393398282201786 -2.0606601717798214 30
      vertex -4.048410073754532 -2.1595156800441053 30
    endloop
  endfacet
  facet normal -0.7409511253549607 0.6715589548470167 0
    outer loop
      vertex -3.9393398282201786 -2.0606601717798214 30
      vertex -3.9393398282201786 -2.0606601717798214 32.2
      vertex -3.8404843199558947 -1.9515899262454681 30
    endloop
  endfacet
  facet normal -0.8032075314806445 0.5956993044924338 0
    outer loop
      vertex -3.8404843199558947 -1.9515899262454681 32.2
      vertex -3.752795581546182 -1.8333553495294033 30
      vertex -3.8404843199558947 -1.9515899262454681 30
    endloop
  endfacet
  facet normal -0.8577286100002722 0.5141027441932214 0
    outer loop
      vertex -3.752795581546182 -1.8333553495294033 32.2
      vertex -3.6771181034774676 -1.7070951052389964 30
      vertex -3.752795581546182 -1.8333553495294033 30
    endloop
  endfacet
  facet normal -0.9039892931234432 0.4275550934302821 0
    outer loop
      vertex -3.6771181034774676 -1.7070951052389964 32.2
      vertex -3.61418070123307 -1.5740251485476346 30
      vertex -3.6771181034774676 -1.7070951052389964 30
    endloop
  endfacet
  facet normal -0.9415440651830204 0.3368898533922212 0
    outer loop
      vertex -3.61418070123307 -1.5740251485476346 32.2
      vertex -3.5645894964016867 -1.4354270158816935 30
      vertex -3.61418070123307 -1.5740251485476346 30
    endloop
  endfacet
  facet normal -0.7409511253549604 -0.671558954847017 0
    outer loop
      vertex -3.8404843199558947 -0.04841007375453177 30
      vertex -3.8404843199558947 -0.04841007375453177 32.2
      vertex -3.9393398282201786 0.060660171779821415 30
    endloop
  endfacet
  facet normal -0.8032075314806448 -0.5956993044924334 0
    outer loop
      vertex -3.752795581546182 -0.16664465047059673 32.2
      vertex -3.8404843199558947 -0.04841007375453177 30
      vertex -3.752795581546182 -0.16664465047059673 30
    endloop
  endfacet
  facet normal -0.9039892931234432 -0.4275550934302821 0
    outer loop
      vertex -3.61418070123307 -0.42597485145236536 32.2
      vertex -3.6771181034774676 -0.29290489476100356 30
      vertex -3.61418070123307 -0.42597485145236536 30
    endloop
  endfacet
  facet normal -0.8577286100002722 -0.5141027441932214 0
    outer loop
      vertex -3.6771181034774676 -0.29290489476100356 32.2
      vertex -3.752795581546182 -0.16664465047059673 30
      vertex -3.6771181034774676 -0.29290489476100356 30
    endloop
  endfacet
  facet normal -0.9700312531945441 0.2429801799032634 0
    outer loop
      vertex -3.5645894964016867 -1.4354270158816935 32.2
      vertex -3.5288220793951544 -1.2926354830241924 30
      vertex -3.5645894964016867 -1.4354270158816935 30
    endloop
  endfacet
  facet normal -0.989176509964781 0.1467304744553616 0
    outer loop
      vertex -3.5288220793951544 -1.2926354830241924 32.2
      vertex -3.5072229099917047 -1.1470257104943409 30
      vertex -3.5288220793951544 -1.2926354830241924 30
    endloop
  endfacet
  facet normal -0.9987954562051724 0.049067674327418355 0
    outer loop
      vertex -3.5072229099917047 -1.1470257104943409 32.2
      vertex -3.5 -1 30
      vertex -3.5072229099917047 -1.1470257104943409 30
    endloop
  endfacet
  facet normal -0.9987954562051724 -0.049067674327418355 0
    outer loop
      vertex -3.5 -1 32.2
      vertex -3.5072229099917047 -0.8529742895056591 30
      vertex -3.5 -1 30
    endloop
  endfacet
  facet normal -0.989176509964781 -0.1467304744553616 0
    outer loop
      vertex -3.5072229099917047 -0.8529742895056591 32.2
      vertex -3.5288220793951544 -0.7073645169758076 30
      vertex -3.5072229099917047 -0.8529742895056591 30
    endloop
  endfacet
  facet normal -0.9700312531945441 -0.2429801799032634 0
    outer loop
      vertex -3.5288220793951544 -0.7073645169758076 32.2
      vertex -3.5645894964016867 -0.5645729841183065 30
      vertex -3.5288220793951544 -0.7073645169758076 30
    endloop
  endfacet
  facet normal -0.9415440651830204 -0.3368898533922212 0
    outer loop
      vertex -3.5645894964016867 -0.5645729841183065 32.2
      vertex -3.61418070123307 -0.42597485145236536 30
      vertex -3.5645894964016867 -0.5645729841183065 30
    endloop
  endfacet
  facet normal -0.5141027441932214 0.8577286100002722 0
    outer loop
      vertex -4.166644650470596 -2.247204418453818 32.2
      vertex -4.166644650470596 -2.247204418453818 30
      vertex -4.292904894761003 -2.3228818965225324 32.2
    endloop
  endfacet
  facet normal -0.5956993044924352 0.8032075314806435 0
    outer loop
      vertex -4.048410073754532 -2.1595156800441053 32.2
      vertex -4.048410073754532 -2.1595156800441053 30
      vertex -4.166644650470596 -2.247204418453818 32.2
    endloop
  endfacet
  facet normal -0.6715589548470167 0.7409511253549607 0
    outer loop
      vertex -3.9393398282201786 -2.0606601717798214 32.2
      vertex -3.9393398282201786 -2.0606601717798214 30
      vertex -4.048410073754532 -2.1595156800441053 32.2
    endloop
  endfacet
  facet normal -0.7409511253549607 0.6715589548470167 0
    outer loop
      vertex -3.9393398282201786 -2.0606601717798214 32.2
      vertex -3.8404843199558947 -1.9515899262454681 32.2
      vertex -3.8404843199558947 -1.9515899262454681 30
    endloop
  endfacet
  facet normal -0.8032075314806445 0.5956993044924338 0
    outer loop
      vertex -3.8404843199558947 -1.9515899262454681 32.2
      vertex -3.752795581546182 -1.8333553495294033 32.2
      vertex -3.752795581546182 -1.8333553495294033 30
    endloop
  endfacet
  facet normal -0.8577286100002722 0.5141027441932214 0
    outer loop
      vertex -3.752795581546182 -1.8333553495294033 32.2
      vertex -3.6771181034774676 -1.7070951052389964 32.2
      vertex -3.6771181034774676 -1.7070951052389964 30
    endloop
  endfacet
  facet normal -0.9039892931234432 0.4275550934302821 0
    outer loop
      vertex -3.6771181034774676 -1.7070951052389964 32.2
      vertex -3.61418070123307 -1.5740251485476346 32.2
      vertex -3.61418070123307 -1.5740251485476346 30
    endloop
  endfacet
  facet normal -0.8032075314806448 -0.5956993044924334 0
    outer loop
      vertex -3.752795581546182 -0.16664465047059673 32.2
      vertex -3.8404843199558947 -0.04841007375453177 32.2
      vertex -3.8404843199558947 -0.04841007375453177 30
    endloop
  endfacet
  facet normal -0.9415440651830204 -0.3368898533922212 0
    outer loop
      vertex -3.5645894964016867 -0.5645729841183065 32.2
      vertex -3.61418070123307 -0.42597485145236536 32.2
      vertex -3.61418070123307 -0.42597485145236536 30
    endloop
  endfacet
  facet normal -0.9039892931234432 -0.4275550934302821 0
    outer loop
      vertex -3.61418070123307 -0.42597485145236536 32.2
      vertex -3.6771181034774676 -0.29290489476100356 32.2
      vertex -3.6771181034774676 -0.29290489476100356 30
    endloop
  endfacet
  facet normal -0.8577286100002722 -0.5141027441932214 0
    outer loop
      vertex -3.6771181034774676 -0.29290489476100356 32.2
      vertex -3.752795581546182 -0.16664465047059673 32.2
      vertex -3.752795581546182 -0.16664465047059673 30
    endloop
  endfacet
  facet normal -0.9415440651830204 0.3368898533922212 0
    outer loop
      vertex -3.61418070123307 -1.5740251485476346 32.2
      vertex -3.5645894964016867 -1.4354270158816935 32.2
      vertex -3.5645894964016867 -1.4354270158816935 30
    endloop
  endfacet
  facet normal -0.9700312531945441 0.2429801799032634 0
    outer loop
      vertex -3.5645894964016867 -1.4354270158816935 32.2
      vertex -3.5288220793951544 -1.2926354830241924 32.2
      vertex -3.5288220793951544 -1.2926354830241924 30
    endloop
  endfacet
  facet normal -0.989176509964781 0.1467304744553616 0
    outer loop
      vertex -3.5288220793951544 -1.2926354830241924 32.2
      vertex -3.5072229099917047 -1.1470257104943409 32.2
      vertex -3.5072229099917047 -1.1470257104943409 30
    endloop
  endfacet
  facet normal -0.9987954562051724 -0.049067674327418355 0
    outer loop
      vertex -3.5 -1 32.2
      vertex -3.5072229099917047 -0.8529742895056591 32.2
      vertex -3.5072229099917047 -0.8529742895056591 30
    endloop
  endfacet
  facet normal -0.9987954562051724 0.049067674327418355 0
    outer loop
      vertex -3.5072229099917047 -1.1470257104943409 32.2
      vertex -3.5 -1 32.2
      vertex -3.5 -1 30
    endloop
  endfacet
  facet normal -0.989176509964781 -0.1467304744553616 0
    outer loop
      vertex -3.5072229099917047 -0.8529742895056591 32.2
      vertex -3.5288220793951544 -0.7073645169758076 32.2
      vertex -3.5288220793951544 -0.7073645169758076 30
    endloop
  endfacet
  facet normal -0.9700312531945441 -0.2429801799032634 0
    outer loop
      vertex -3.5288220793951544 -0.7073645169758076 32.2
      vertex -3.5645894964016867 -0.5645729841183065 32.2
      vertex -3.5645894964016867 -0.5645729841183065 30
    endloop
  endfacet
  facet normal 0.7409511253549589 -0.6715589548470187 0
    outer loop
      vertex -6.060660171779821 0.060660171779821415 32.2
      vertex -6.159515680044105 -0.04841007375453177 30
      vertex -6.060660171779821 0.060660171779821415 30
    endloop
  endfacet
  facet normal 0.671558954847019 -0.7409511253549586 0
    outer loop
      vertex -5.951589926245468 0.15951568004410555 32.2
      vertex -6.060660171779821 0.060660171779821415 30
      vertex -5.951589926245468 0.15951568004410555 30
    endloop
  endfacet
  facet normal 0.5956993044924341 -0.8032075314806442 0
    outer loop
      vertex -5.833355349529404 0.2472044184538178 32.2
      vertex -5.951589926245468 0.15951568004410555 30
      vertex -5.833355349529404 0.2472044184538178 30
    endloop
  endfacet
  facet normal 0.671558954847019 -0.7409511253549586 0
    outer loop
      vertex -6.060660171779821 0.060660171779821415 32.2
      vertex -6.060660171779821 0.060660171779821415 30
      vertex -5.951589926245468 0.15951568004410555 32.2
    endloop
  endfacet
  facet normal 0.5956993044924341 -0.8032075314806442 0
    outer loop
      vertex -5.951589926245468 0.15951568004410555 32.2
      vertex -5.951589926245468 0.15951568004410555 30
      vertex -5.833355349529404 0.2472044184538178 32.2
    endloop
  endfacet
  facet normal 0.5141027441932225 -0.8577286100002716 0
    outer loop
      vertex -5.833355349529404 0.2472044184538178 32.2
      vertex -5.833355349529404 0.2472044184538178 30
      vertex -5.707095105238997 0.32288189652253263 32.2
    endloop
  endfacet
  facet normal 0.5141027441932225 -0.8577286100002716 0
    outer loop
      vertex -5.707095105238997 0.32288189652253263 32.2
      vertex -5.833355349529404 0.2472044184538178 30
      vertex -5.707095105238997 0.32288189652253263 30
    endloop
  endfacet
  facet normal 0.4275550934302792 -0.9039892931234448 0
    outer loop
      vertex -5.574025148547634 0.38581929876693 32.2
      vertex -5.707095105238997 0.32288189652253263 30
      vertex -5.574025148547634 0.38581929876693 30
    endloop
  endfacet
  facet normal 0.33688985339222066 -0.9415440651830205 0
    outer loop
      vertex -5.435427015881693 0.43541050359831335 32.2
      vertex -5.574025148547634 0.38581929876693 30
      vertex -5.435427015881693 0.43541050359831335 30
    endloop
  endfacet
  facet normal 0.2429801799032634 -0.9700312531945441 0
    outer loop
      vertex -5.292635483024192 0.47117792060484565 32.2
      vertex -5.435427015881693 0.43541050359831335 30
      vertex -5.292635483024192 0.47117792060484565 30
    endloop
  endfacet
  facet normal 0.14673047445536205 -0.989176509964781 0
    outer loop
      vertex -5.147025710494341 0.4927770900082953 32.2
      vertex -5.292635483024192 0.47117792060484565 30
      vertex -5.147025710494341 0.4927770900082953 30
    endloop
  endfacet
  facet normal 0.049067674327418355 -0.9987954562051724 0
    outer loop
      vertex -5 0.5 32.2
      vertex -5.147025710494341 0.4927770900082953 30
      vertex -5 0.5 30
    endloop
  endfacet
  facet normal -0.049067674327418355 -0.9987954562051724 0
    outer loop
      vertex -4.852974289505659 0.4927770900082953 32.2
      vertex -5 0.5 30
      vertex -4.852974289505659 0.4927770900082953 30
    endloop
  endfacet
  facet normal -0.14673047445536205 -0.989176509964781 0
    outer loop
      vertex -4.707364516975808 0.47117792060484565 32.2
      vertex -4.852974289505659 0.4927770900082953 30
      vertex -4.707364516975808 0.47117792060484565 30
    endloop
  endfacet
  facet normal -0.2429801799032634 -0.9700312531945441 0
    outer loop
      vertex -4.564572984118307 0.43541050359831335 32.2
      vertex -4.707364516975808 0.47117792060484565 30
      vertex -4.564572984118307 0.43541050359831335 30
    endloop
  endfacet
  facet normal -0.33688985339222066 -0.9415440651830205 0
    outer loop
      vertex -4.425974851452366 0.38581929876693 32.2
      vertex -4.564572984118307 0.43541050359831335 30
      vertex -4.425974851452366 0.38581929876693 30
    endloop
  endfacet
  facet normal -0.4275550934302792 -0.9039892931234448 0
    outer loop
      vertex -4.292904894761003 0.32288189652253263 32.2
      vertex -4.425974851452366 0.38581929876693 30
      vertex -4.292904894761003 0.32288189652253263 30
    endloop
  endfacet
  facet normal 0.4275550934302792 -0.9039892931234448 0
    outer loop
      vertex -5.707095105238997 0.32288189652253263 32.2
      vertex -5.707095105238997 0.32288189652253263 30
      vertex -5.574025148547634 0.38581929876693 32.2
    endloop
  endfacet
  facet normal 0.33688985339222066 -0.9415440651830205 0
    outer loop
      vertex -5.574025148547634 0.38581929876693 32.2
      vertex -5.574025148547634 0.38581929876693 30
      vertex -5.435427015881693 0.43541050359831335 32.2
    endloop
  endfacet
  facet normal 0.2429801799032634 -0.9700312531945441 0
    outer loop
      vertex -5.435427015881693 0.43541050359831335 32.2
      vertex -5.435427015881693 0.43541050359831335 30
      vertex -5.292635483024192 0.47117792060484565 32.2
    endloop
  endfacet
  facet normal 0.14673047445536205 -0.989176509964781 0
    outer loop
      vertex -5.292635483024192 0.47117792060484565 32.2
      vertex -5.292635483024192 0.47117792060484565 30
      vertex -5.147025710494341 0.4927770900082953 32.2
    endloop
  endfacet
  facet normal 0.049067674327418355 -0.9987954562051724 0
    outer loop
      vertex -5.147025710494341 0.4927770900082953 32.2
      vertex -5.147025710494341 0.4927770900082953 30
      vertex -5 0.5 32.2
    endloop
  endfacet
  facet normal -0.049067674327418355 -0.9987954562051724 0
    outer loop
      vertex -5 0.5 32.2
      vertex -5 0.5 30
      vertex -4.852974289505659 0.4927770900082953 32.2
    endloop
  endfacet
  facet normal -0.14673047445536205 -0.989176509964781 0
    outer loop
      vertex -4.852974289505659 0.4927770900082953 32.2
      vertex -4.852974289505659 0.4927770900082953 30
      vertex -4.707364516975808 0.47117792060484565 32.2
    endloop
  endfacet
  facet normal -0.2429801799032634 -0.9700312531945441 0
    outer loop
      vertex -4.707364516975808 0.47117792060484565 32.2
      vertex -4.707364516975808 0.47117792060484565 30
      vertex -4.564572984118307 0.43541050359831335 32.2
    endloop
  endfacet
  facet normal -0.33688985339222066 -0.9415440651830205 0
    outer loop
      vertex -4.564572984118307 0.43541050359831335 32.2
      vertex -4.564572984118307 0.43541050359831335 30
      vertex -4.425974851452366 0.38581929876693 32.2
    endloop
  endfacet
  facet normal -0.4275550934302792 -0.9039892931234448 0
    outer loop
      vertex -4.425974851452366 0.38581929876693 32.2
      vertex -4.425974851452366 0.38581929876693 30
      vertex -4.292904894761003 0.32288189652253263 32.2
    endloop
  endfacet
  facet normal -0.5141027441932225 -0.8577286100002716 0
    outer loop
      vertex -4.166644650470596 0.2472044184538178 32.2
      vertex -4.292904894761003 0.32288189652253263 30
      vertex -4.166644650470596 0.2472044184538178 30
    endloop
  endfacet
  facet normal -0.5956993044924341 -0.8032075314806442 0
    outer loop
      vertex -4.048410073754532 0.15951568004410555 32.2
      vertex -4.166644650470596 0.2472044184538178 30
      vertex -4.048410073754532 0.15951568004410555 30
    endloop
  endfacet
  facet normal -0.6715589548470176 -0.74095112535496 0
    outer loop
      vertex -4.048410073754532 0.15951568004410555 30
      vertex -3.9393398282201786 0.060660171779821415 30
      vertex -3.9393398282201786 0.060660171779821415 32.2
    endloop
  endfacet
  facet normal -0.5141027441932225 -0.8577286100002716 0
    outer loop
      vertex -4.292904894761003 0.32288189652253263 32.2
      vertex -4.292904894761003 0.32288189652253263 30
      vertex -4.166644650470596 0.2472044184538178 32.2
    endloop
  endfacet
  facet normal -0.5956993044924341 -0.8032075314806442 0
    outer loop
      vertex -4.166644650470596 0.2472044184538178 32.2
      vertex -4.166644650470596 0.2472044184538178 30
      vertex -4.048410073754532 0.15951568004410555 32.2
    endloop
  endfacet
  facet normal -0.6715589548470176 -0.74095112535496 0
    outer loop
      vertex -4.048410073754532 0.15951568004410555 32.2
      vertex -4.048410073754532 0.15951568004410555 30
      vertex -3.9393398282201786 0.060660171779821415 32.2
    endloop
  endfacet
  facet normal -0.7409511253549604 -0.671558954847017 0
    outer loop
      vertex -3.9393398282201786 0.060660171779821415 32.2
      vertex -3.9393398282201786 0.060660171779821415 30
      vertex -3.8404843199558947 -0.04841007375453177 32.2
    endloop
  endfacet
  facet normal 0.9415440651830204 0.3368898533922212 0
    outer loop
      vertex 3.61418070123307 -1.5740251485476346 30
      vertex 3.5645894964016867 -1.4354270158816935 30
      vertex 3.5645894964016867 -1.4354270158816935 32.2
    endloop
  endfacet
  facet normal 0.9700312531945441 0.2429801799032634 0
    outer loop
      vertex 3.5645894964016867 -1.4354270158816935 30
      vertex 3.5288220793951544 -1.2926354830241924 30
      vertex 3.5288220793951544 -1.2926354830241924 32.2
    endloop
  endfacet
  facet normal 0.989176509964781 0.1467304744553616 0
    outer loop
      vertex 3.5288220793951544 -1.2926354830241924 30
      vertex 3.5072229099917047 -1.1470257104943409 30
      vertex 3.5072229099917047 -1.1470257104943409 32.2
    endloop
  endfacet
  facet normal 0.9987954562051724 0.049067674327418355 0
    outer loop
      vertex 3.5072229099917047 -1.1470257104943409 30
      vertex 3.5 -1 30
      vertex 3.5 -1 32.2
    endloop
  endfacet
  facet normal 0.9987954562051724 -0.049067674327418355 0
    outer loop
      vertex 3.5 -1 30
      vertex 3.5072229099917047 -0.8529742895056591 30
      vertex 3.5072229099917047 -0.8529742895056591 32.2
    endloop
  endfacet
  facet normal 0.989176509964781 -0.1467304744553616 0
    outer loop
      vertex 3.5072229099917047 -0.8529742895056591 30
      vertex 3.5288220793951544 -0.7073645169758076 30
      vertex 3.5288220793951544 -0.7073645169758076 32.2
    endloop
  endfacet
  facet normal 0.9700312531945441 -0.2429801799032634 0
    outer loop
      vertex 3.5288220793951544 -0.7073645169758076 30
      vertex 3.5645894964016867 -0.5645729841183065 30
      vertex 3.5645894964016867 -0.5645729841183065 32.2
    endloop
  endfacet
  facet normal 0.8577286100002722 0.5141027441932214 0
    outer loop
      vertex 3.752795581546182 -1.8333553495294033 30
      vertex 3.6771181034774676 -1.7070951052389964 30
      vertex 3.6771181034774676 -1.7070951052389964 32.2
    endloop
  endfacet
  facet normal 0.8032075314806445 0.5956993044924338 0
    outer loop
      vertex 3.8404843199558947 -1.9515899262454681 30
      vertex 3.752795581546182 -1.8333553495294033 30
      vertex 3.752795581546182 -1.8333553495294033 32.2
    endloop
  endfacet
  facet normal 0.7409511253549607 0.6715589548470167 0
    outer loop
      vertex 3.9393398282201786 -2.0606601717798214 30
      vertex 3.8404843199558947 -1.9515899262454681 30
      vertex 3.8404843199558947 -1.9515899262454681 32.2
    endloop
  endfacet
  facet normal 0.9039892931234432 0.4275550934302821 0
    outer loop
      vertex 3.6771181034774676 -1.7070951052389964 30
      vertex 3.61418070123307 -1.5740251485476346 30
      vertex 3.61418070123307 -1.5740251485476346 32.2
    endloop
  endfacet
  facet normal 0.6715589548470167 0.7409511253549607 0
    outer loop
      vertex 4.048410073754532 -2.1595156800441053 30
      vertex 3.9393398282201786 -2.0606601717798214 30
      vertex 3.9393398282201786 -2.0606601717798214 32.2
    endloop
  endfacet
  facet normal 0.5956993044924352 0.8032075314806435 0
    outer loop
      vertex 4.048410073754532 -2.1595156800441053 30
      vertex 4.048410073754532 -2.1595156800441053 32.2
      vertex 4.166644650470596 -2.247204418453818 30
    endloop
  endfacet
  facet normal 0.5141027441932214 0.8577286100002722 0
    outer loop
      vertex 4.166644650470596 -2.247204418453818 30
      vertex 4.166644650470596 -2.247204418453818 32.2
      vertex 4.292904894761003 -2.3228818965225324 30
    endloop
  endfacet
  facet normal 0.9415440651830204 -0.3368898533922212 0
    outer loop
      vertex 3.5645894964016867 -0.5645729841183065 30
      vertex 3.61418070123307 -0.42597485145236536 30
      vertex 3.61418070123307 -0.42597485145236536 32.2
    endloop
  endfacet
  facet normal 0.9039892931234432 -0.4275550934302821 0
    outer loop
      vertex 3.61418070123307 -0.42597485145236536 30
      vertex 3.6771181034774676 -0.29290489476100356 30
      vertex 3.6771181034774676 -0.29290489476100356 32.2
    endloop
  endfacet
  facet normal 0.8577286100002722 -0.5141027441932214 0
    outer loop
      vertex 3.6771181034774676 -0.29290489476100356 30
      vertex 3.752795581546182 -0.16664465047059673 30
      vertex 3.752795581546182 -0.16664465047059673 32.2
    endloop
  endfacet
  facet normal 0.8032075314806448 -0.5956993044924334 0
    outer loop
      vertex 3.752795581546182 -0.16664465047059673 30
      vertex 3.8404843199558947 -0.04841007375453177 30
      vertex 3.8404843199558947 -0.04841007375453177 32.2
    endloop
  endfacet
  facet normal 0.9700312531945441 0.2429801799032634 0
    outer loop
      vertex 3.5645894964016867 -1.4354270158816935 30
      vertex 3.5288220793951544 -1.2926354830241924 32.2
      vertex 3.5645894964016867 -1.4354270158816935 32.2
    endloop
  endfacet
  facet normal 0.989176509964781 0.1467304744553616 0
    outer loop
      vertex 3.5288220793951544 -1.2926354830241924 30
      vertex 3.5072229099917047 -1.1470257104943409 32.2
      vertex 3.5288220793951544 -1.2926354830241924 32.2
    endloop
  endfacet
  facet normal 0.9987954562051724 -0.049067674327418355 0
    outer loop
      vertex 3.5 -1 30
      vertex 3.5072229099917047 -0.8529742895056591 32.2
      vertex 3.5 -1 32.2
    endloop
  endfacet
  facet normal 0.9987954562051724 0.049067674327418355 0
    outer loop
      vertex 3.5072229099917047 -1.1470257104943409 30
      vertex 3.5 -1 32.2
      vertex 3.5072229099917047 -1.1470257104943409 32.2
    endloop
  endfacet
  facet normal 0.989176509964781 -0.1467304744553616 0
    outer loop
      vertex 3.5072229099917047 -0.8529742895056591 30
      vertex 3.5288220793951544 -0.7073645169758076 32.2
      vertex 3.5072229099917047 -0.8529742895056591 32.2
    endloop
  endfacet
  facet normal 0.9700312531945441 -0.2429801799032634 0
    outer loop
      vertex 3.5288220793951544 -0.7073645169758076 30
      vertex 3.5645894964016867 -0.5645729841183065 32.2
      vertex 3.5288220793951544 -0.7073645169758076 32.2
    endloop
  endfacet
  facet normal 0.9415440651830204 -0.3368898533922212 0
    outer loop
      vertex 3.5645894964016867 -0.5645729841183065 30
      vertex 3.61418070123307 -0.42597485145236536 32.2
      vertex 3.5645894964016867 -0.5645729841183065 32.2
    endloop
  endfacet
  facet normal 0.8577286100002722 0.5141027441932214 0
    outer loop
      vertex 3.752795581546182 -1.8333553495294033 30
      vertex 3.6771181034774676 -1.7070951052389964 32.2
      vertex 3.752795581546182 -1.8333553495294033 32.2
    endloop
  endfacet
  facet normal 0.7409511253549607 0.6715589548470167 0
    outer loop
      vertex 3.9393398282201786 -2.0606601717798214 30
      vertex 3.8404843199558947 -1.9515899262454681 32.2
      vertex 3.9393398282201786 -2.0606601717798214 32.2
    endloop
  endfacet
  facet normal 0.8032075314806445 0.5956993044924338 0
    outer loop
      vertex 3.8404843199558947 -1.9515899262454681 30
      vertex 3.752795581546182 -1.8333553495294033 32.2
      vertex 3.8404843199558947 -1.9515899262454681 32.2
    endloop
  endfacet
  facet normal 0.9039892931234432 0.4275550934302821 0
    outer loop
      vertex 3.6771181034774676 -1.7070951052389964 30
      vertex 3.61418070123307 -1.5740251485476346 32.2
      vertex 3.6771181034774676 -1.7070951052389964 32.2
    endloop
  endfacet
  facet normal 0.9415440651830204 0.3368898533922212 0
    outer loop
      vertex 3.61418070123307 -1.5740251485476346 30
      vertex 3.5645894964016867 -1.4354270158816935 32.2
      vertex 3.61418070123307 -1.5740251485476346 32.2
    endloop
  endfacet
  facet normal 0.6715589548470167 0.7409511253549607 0
    outer loop
      vertex 4.048410073754532 -2.1595156800441053 30
      vertex 3.9393398282201786 -2.0606601717798214 32.2
      vertex 4.048410073754532 -2.1595156800441053 32.2
    endloop
  endfacet
  facet normal 0.5956993044924352 0.8032075314806435 0
    outer loop
      vertex 4.166644650470596 -2.247204418453818 30
      vertex 4.048410073754532 -2.1595156800441053 32.2
      vertex 4.166644650470596 -2.247204418453818 32.2
    endloop
  endfacet
  facet normal 0.5141027441932214 0.8577286100002722 0
    outer loop
      vertex 4.292904894761003 -2.3228818965225324 30
      vertex 4.166644650470596 -2.247204418453818 32.2
      vertex 4.292904894761003 -2.3228818965225324 32.2
    endloop
  endfacet
  facet normal 0.9039892931234432 -0.4275550934302821 0
    outer loop
      vertex 3.61418070123307 -0.42597485145236536 30
      vertex 3.6771181034774676 -0.29290489476100356 32.2
      vertex 3.61418070123307 -0.42597485145236536 32.2
    endloop
  endfacet
  facet normal 0.8577286100002722 -0.5141027441932214 0
    outer loop
      vertex 3.6771181034774676 -0.29290489476100356 30
      vertex 3.752795581546182 -0.16664465047059673 32.2
      vertex 3.6771181034774676 -0.29290489476100356 32.2
    endloop
  endfacet
  facet normal 0.8032075314806448 -0.5956993044924334 0
    outer loop
      vertex 3.752795581546182 -0.16664465047059673 30
      vertex 3.8404843199558947 -0.04841007375453177 32.2
      vertex 3.752795581546182 -0.16664465047059673 32.2
    endloop
  endfacet
  facet normal 0.7409511253549604 -0.671558954847017 0
    outer loop
      vertex 3.8404843199558947 -0.04841007375453177 32.2
      vertex 3.8404843199558947 -0.04841007375453177 30
      vertex 3.9393398282201786 0.060660171779821415 32.2
    endloop
  endfacet
  facet normal 0.4275550934302804 0.9039892931234441 0
    outer loop
      vertex 4.292904894761003 -2.3228818965225324 30
      vertex 4.292904894761003 -2.3228818965225324 32.2
      vertex 4.425974851452366 -2.38581929876693 30
    endloop
  endfacet
  facet normal 0.33688985339222066 0.9415440651830205 0
    outer loop
      vertex 4.425974851452366 -2.38581929876693 30
      vertex 4.425974851452366 -2.38581929876693 32.2
      vertex 4.564572984118307 -2.4354105035983133 30
    endloop
  endfacet
  facet normal 0.2429801799032634 0.9700312531945441 0
    outer loop
      vertex 4.564572984118307 -2.4354105035983133 30
      vertex 4.564572984118307 -2.4354105035983133 32.2
      vertex 4.707364516975808 -2.4711779206048456 30
    endloop
  endfacet
  facet normal 0.14673047445536205 0.989176509964781 0
    outer loop
      vertex 4.707364516975808 -2.4711779206048456 30
      vertex 4.707364516975808 -2.4711779206048456 32.2
      vertex 4.852974289505659 -2.4927770900082953 30
    endloop
  endfacet
  facet normal 0.049067674327418355 0.9987954562051724 0
    outer loop
      vertex 4.852974289505659 -2.4927770900082953 30
      vertex 4.852974289505659 -2.4927770900082953 32.2
      vertex 5 -2.5 30
    endloop
  endfacet
  facet normal -0.049067674327418355 0.9987954562051724 0
    outer loop
      vertex 5 -2.5 30
      vertex 5 -2.5 32.2
      vertex 5.147025710494341 -2.4927770900082953 30
    endloop
  endfacet
  facet normal -0.14673047445536205 0.989176509964781 0
    outer loop
      vertex 5.147025710494341 -2.4927770900082953 30
      vertex 5.147025710494341 -2.4927770900082953 32.2
      vertex 5.292635483024192 -2.4711779206048456 30
    endloop
  endfacet
  facet normal -0.2429801799032634 0.9700312531945441 0
    outer loop
      vertex 5.292635483024192 -2.4711779206048456 30
      vertex 5.292635483024192 -2.4711779206048456 32.2
      vertex 5.435427015881693 -2.4354105035983133 30
    endloop
  endfacet
  facet normal -0.33688985339222066 0.9415440651830205 0
    outer loop
      vertex 5.435427015881693 -2.4354105035983133 30
      vertex 5.435427015881693 -2.4354105035983133 32.2
      vertex 5.574025148547634 -2.38581929876693 30
    endloop
  endfacet
  facet normal -0.4275550934302804 0.9039892931234441 0
    outer loop
      vertex 5.574025148547634 -2.38581929876693 30
      vertex 5.574025148547634 -2.38581929876693 32.2
      vertex 5.707095105238997 -2.3228818965225324 30
    endloop
  endfacet
  facet normal 0.4275550934302804 0.9039892931234441 0
    outer loop
      vertex 4.425974851452366 -2.38581929876693 30
      vertex 4.292904894761003 -2.3228818965225324 32.2
      vertex 4.425974851452366 -2.38581929876693 32.2
    endloop
  endfacet
  facet normal 0.33688985339222066 0.9415440651830205 0
    outer loop
      vertex 4.564572984118307 -2.4354105035983133 30
      vertex 4.425974851452366 -2.38581929876693 32.2
      vertex 4.564572984118307 -2.4354105035983133 32.2
    endloop
  endfacet
  facet normal 0.2429801799032634 0.9700312531945441 0
    outer loop
      vertex 4.707364516975808 -2.4711779206048456 30
      vertex 4.564572984118307 -2.4354105035983133 32.2
      vertex 4.707364516975808 -2.4711779206048456 32.2
    endloop
  endfacet
  facet normal 0.14673047445536205 0.989176509964781 0
    outer loop
      vertex 4.852974289505659 -2.4927770900082953 30
      vertex 4.707364516975808 -2.4711779206048456 32.2
      vertex 4.852974289505659 -2.4927770900082953 32.2
    endloop
  endfacet
  facet normal 0.049067674327418355 0.9987954562051724 0
    outer loop
      vertex 5 -2.5 30
      vertex 4.852974289505659 -2.4927770900082953 32.2
      vertex 5 -2.5 32.2
    endloop
  endfacet
  facet normal -0.049067674327418355 0.9987954562051724 0
    outer loop
      vertex 5.147025710494341 -2.4927770900082953 30
      vertex 5 -2.5 32.2
      vertex 5.147025710494341 -2.4927770900082953 32.2
    endloop
  endfacet
  facet normal -0.14673047445536205 0.989176509964781 0
    outer loop
      vertex 5.292635483024192 -2.4711779206048456 30
      vertex 5.147025710494341 -2.4927770900082953 32.2
      vertex 5.292635483024192 -2.4711779206048456 32.2
    endloop
  endfacet
  facet normal -0.2429801799032634 0.9700312531945441 0
    outer loop
      vertex 5.435427015881693 -2.4354105035983133 30
      vertex 5.292635483024192 -2.4711779206048456 32.2
      vertex 5.435427015881693 -2.4354105035983133 32.2
    endloop
  endfacet
  facet normal -0.33688985339222066 0.9415440651830205 0
    outer loop
      vertex 5.574025148547634 -2.38581929876693 30
      vertex 5.435427015881693 -2.4354105035983133 32.2
      vertex 5.574025148547634 -2.38581929876693 32.2
    endloop
  endfacet
  facet normal -0.4275550934302804 0.9039892931234441 0
    outer loop
      vertex 5.707095105238997 -2.3228818965225324 30
      vertex 5.574025148547634 -2.38581929876693 32.2
      vertex 5.707095105238997 -2.3228818965225324 32.2
    endloop
  endfacet
  facet normal -0.5141027441932214 0.8577286100002722 0
    outer loop
      vertex 5.707095105238997 -2.3228818965225324 30
      vertex 5.707095105238997 -2.3228818965225324 32.2
      vertex 5.833355349529404 -2.247204418453818 30
    endloop
  endfacet
  facet normal -0.5956993044924352 0.8032075314806435 0
    outer loop
      vertex 5.833355349529404 -2.247204418453818 30
      vertex 5.833355349529404 -2.247204418453818 32.2
      vertex 5.951589926245468 -2.1595156800441053 30
    endloop
  endfacet
  facet normal -0.6715589548470181 0.7409511253549593 0
    outer loop
      vertex 5.951589926245468 -2.1595156800441053 30
      vertex 5.951589926245468 -2.1595156800441053 32.2
      vertex 6.060660171779821 -2.0606601717798214 30
    endloop
  endfacet
  facet normal -0.7409511253549592 0.6715589548470182 0
    outer loop
      vertex 6.060660171779821 -2.0606601717798214 30
      vertex 6.060660171779821 -2.0606601717798214 32.2
      vertex 6.159515680044105 -1.9515899262454681 30
    endloop
  endfacet
  facet normal -0.803207531480646 0.5956993044924319 0
    outer loop
      vertex 6.247204418453817 -1.8333553495294033 30
      vertex 6.159515680044105 -1.9515899262454681 30
      vertex 6.159515680044105 -1.9515899262454681 32.2
    endloop
  endfacet
  facet normal -0.8577286100002709 0.5141027441932237 0
    outer loop
      vertex 6.322881896522532 -1.7070951052389964 30
      vertex 6.247204418453817 -1.8333553495294033 30
      vertex 6.247204418453817 -1.8333553495294033 32.2
    endloop
  endfacet
  facet normal -0.9039892931234432 0.4275550934302821 0
    outer loop
      vertex 6.38581929876693 -1.5740251485476346 30
      vertex 6.322881896522532 -1.7070951052389964 30
      vertex 6.322881896522532 -1.7070951052389964 32.2
    endloop
  endfacet
  facet normal -0.9415440651830204 0.3368898533922212 0
    outer loop
      vertex 6.435410503598313 -1.4354270158816935 30
      vertex 6.38581929876693 -1.5740251485476346 30
      vertex 6.38581929876693 -1.5740251485476346 32.2
    endloop
  endfacet
  facet normal -0.9700312531945441 0.2429801799032634 0
    outer loop
      vertex 6.471177920604846 -1.2926354830241924 30
      vertex 6.435410503598313 -1.4354270158816935 30
      vertex 6.435410503598313 -1.4354270158816935 32.2
    endloop
  endfacet
  facet normal -0.9700312531945441 -0.2429801799032634 0
    outer loop
      vertex 6.435410503598313 -0.5645729841183065 30
      vertex 6.471177920604846 -0.7073645169758076 30
      vertex 6.471177920604846 -0.7073645169758076 32.2
    endloop
  endfacet
  facet normal -0.7409511253549589 -0.6715589548470187 0
    outer loop
      vertex 6.159515680044105 -0.04841007375453177 30
      vertex 6.159515680044105 -0.04841007375453177 32.2
      vertex 6.060660171779821 0.060660171779821415 30
    endloop
  endfacet
  facet normal -0.8032075314806463 -0.5956993044924315 0
    outer loop
      vertex 6.159515680044105 -0.04841007375453177 30
      vertex 6.247204418453817 -0.16664465047059673 30
      vertex 6.247204418453817 -0.16664465047059673 32.2
    endloop
  endfacet
  facet normal -0.9039892931234432 -0.4275550934302821 0
    outer loop
      vertex 6.322881896522532 -0.29290489476100356 30
      vertex 6.38581929876693 -0.42597485145236536 30
      vertex 6.38581929876693 -0.42597485145236536 32.2
    endloop
  endfacet
  facet normal -0.9415440651830204 -0.3368898533922212 0
    outer loop
      vertex 6.38581929876693 -0.42597485145236536 30
      vertex 6.435410503598313 -0.5645729841183065 30
      vertex 6.435410503598313 -0.5645729841183065 32.2
    endloop
  endfacet
  facet normal -0.8577286100002709 -0.5141027441932237 0
    outer loop
      vertex 6.247204418453817 -0.16664465047059673 30
      vertex 6.322881896522532 -0.29290489476100356 30
      vertex 6.322881896522532 -0.29290489476100356 32.2
    endloop
  endfacet
  facet normal -0.989176509964781 0.1467304744553616 0
    outer loop
      vertex 6.492777090008295 -1.1470257104943409 30
      vertex 6.471177920604846 -1.2926354830241924 30
      vertex 6.471177920604846 -1.2926354830241924 32.2
    endloop
  endfacet
  facet normal -0.9987954562051724 0.049067674327418355 0
    outer loop
      vertex 6.5 -1 30
      vertex 6.492777090008295 -1.1470257104943409 30
      vertex 6.492777090008295 -1.1470257104943409 32.2
    endloop
  endfacet
  facet normal -0.9987954562051724 -0.049067674327418355 0
    outer loop
      vertex 6.492777090008295 -0.8529742895056591 30
      vertex 6.5 -1 30
      vertex 6.5 -1 32.2
    endloop
  endfacet
  facet normal -0.989176509964781 -0.1467304744553616 0
    outer loop
      vertex 6.471177920604846 -0.7073645169758076 30
      vertex 6.492777090008295 -0.8529742895056591 30
      vertex 6.492777090008295 -0.8529742895056591 32.2
    endloop
  endfacet
  facet normal -0.5141027441932214 0.8577286100002722 0
    outer loop
      vertex 5.833355349529404 -2.247204418453818 30
      vertex 5.707095105238997 -2.3228818965225324 32.2
      vertex 5.833355349529404 -2.247204418453818 32.2
    endloop
  endfacet
  facet normal -0.5956993044924352 0.8032075314806435 0
    outer loop
      vertex 5.951589926245468 -2.1595156800441053 30
      vertex 5.833355349529404 -2.247204418453818 32.2
      vertex 5.951589926245468 -2.1595156800441053 32.2
    endloop
  endfacet
  facet normal -0.6715589548470181 0.7409511253549593 0
    outer loop
      vertex 6.060660171779821 -2.0606601717798214 30
      vertex 5.951589926245468 -2.1595156800441053 32.2
      vertex 6.060660171779821 -2.0606601717798214 32.2
    endloop
  endfacet
  facet normal -0.7409511253549592 0.6715589548470182 0
    outer loop
      vertex 6.159515680044105 -1.9515899262454681 30
      vertex 6.060660171779821 -2.0606601717798214 32.2
      vertex 6.159515680044105 -1.9515899262454681 32.2
    endloop
  endfacet
  facet normal -0.803207531480646 0.5956993044924319 0
    outer loop
      vertex 6.247204418453817 -1.8333553495294033 30
      vertex 6.159515680044105 -1.9515899262454681 32.2
      vertex 6.247204418453817 -1.8333553495294033 32.2
    endloop
  endfacet
  facet normal -0.8577286100002709 0.5141027441932237 0
    outer loop
      vertex 6.322881896522532 -1.7070951052389964 30
      vertex 6.247204418453817 -1.8333553495294033 32.2
      vertex 6.322881896522532 -1.7070951052389964 32.2
    endloop
  endfacet
  facet normal -0.9039892931234432 0.4275550934302821 0
    outer loop
      vertex 6.38581929876693 -1.5740251485476346 30
      vertex 6.322881896522532 -1.7070951052389964 32.2
      vertex 6.38581929876693 -1.5740251485476346 32.2
    endloop
  endfacet
  facet normal -0.9415440651830204 0.3368898533922212 0
    outer loop
      vertex 6.435410503598313 -1.4354270158816935 30
      vertex 6.38581929876693 -1.5740251485476346 32.2
      vertex 6.435410503598313 -1.4354270158816935 32.2
    endloop
  endfacet
  facet normal -0.9700312531945441 0.2429801799032634 0
    outer loop
      vertex 6.471177920604846 -1.2926354830241924 30
      vertex 6.435410503598313 -1.4354270158816935 32.2
      vertex 6.471177920604846 -1.2926354830241924 32.2
    endloop
  endfacet
  facet normal -0.9700312531945441 -0.2429801799032634 0
    outer loop
      vertex 6.435410503598313 -0.5645729841183065 30
      vertex 6.471177920604846 -0.7073645169758076 32.2
      vertex 6.435410503598313 -0.5645729841183065 32.2
    endloop
  endfacet
  facet normal -0.8032075314806463 -0.5956993044924315 0
    outer loop
      vertex 6.159515680044105 -0.04841007375453177 30
      vertex 6.247204418453817 -0.16664465047059673 32.2
      vertex 6.159515680044105 -0.04841007375453177 32.2
    endloop
  endfacet
  facet normal -0.8577286100002709 -0.5141027441932237 0
    outer loop
      vertex 6.247204418453817 -0.16664465047059673 30
      vertex 6.322881896522532 -0.29290489476100356 32.2
      vertex 6.247204418453817 -0.16664465047059673 32.2
    endloop
  endfacet
  facet normal -0.9039892931234432 -0.4275550934302821 0
    outer loop
      vertex 6.322881896522532 -0.29290489476100356 30
      vertex 6.38581929876693 -0.42597485145236536 32.2
      vertex 6.322881896522532 -0.29290489476100356 32.2
    endloop
  endfacet
  facet normal -0.9415440651830204 -0.3368898533922212 0
    outer loop
      vertex 6.38581929876693 -0.42597485145236536 30
      vertex 6.435410503598313 -0.5645729841183065 32.2
      vertex 6.38581929876693 -0.42597485145236536 32.2
    endloop
  endfacet
  facet normal -0.989176509964781 0.1467304744553616 0
    outer loop
      vertex 6.492777090008295 -1.1470257104943409 30
      vertex 6.471177920604846 -1.2926354830241924 32.2
      vertex 6.492777090008295 -1.1470257104943409 32.2
    endloop
  endfacet
  facet normal -0.9987954562051724 0.049067674327418355 0
    outer loop
      vertex 6.5 -1 30
      vertex 6.492777090008295 -1.1470257104943409 32.2
      vertex 6.5 -1 32.2
    endloop
  endfacet
  facet normal -0.9987954562051724 -0.049067674327418355 0
    outer loop
      vertex 6.492777090008295 -0.8529742895056591 30
      vertex 6.5 -1 32.2
      vertex 6.492777090008295 -0.8529742895056591 32.2
    endloop
  endfacet
  facet normal -0.989176509964781 -0.1467304744553616 0
    outer loop
      vertex 6.471177920604846 -0.7073645169758076 30
      vertex 6.492777090008295 -0.8529742895056591 32.2
      vertex 6.471177920604846 -0.7073645169758076 32.2
    endloop
  endfacet
  facet normal 0.7409511253549604 -0.671558954847017 0
    outer loop
      vertex 3.8404843199558947 -0.04841007375453177 30
      vertex 3.9393398282201786 0.060660171779821415 30
      vertex 3.9393398282201786 0.060660171779821415 32.2
    endloop
  endfacet
  facet normal 0.6715589548470176 -0.74095112535496 0
    outer loop
      vertex 4.048410073754532 0.15951568004410555 30
      vertex 4.048410073754532 0.15951568004410555 32.2
      vertex 3.9393398282201786 0.060660171779821415 30
    endloop
  endfacet
  facet normal 0.5956993044924341 -0.8032075314806442 0
    outer loop
      vertex 4.166644650470596 0.2472044184538178 30
      vertex 4.166644650470596 0.2472044184538178 32.2
      vertex 4.048410073754532 0.15951568004410555 30
    endloop
  endfacet
  facet normal 0.5141027441932225 -0.8577286100002716 0
    outer loop
      vertex 4.292904894761003 0.32288189652253263 30
      vertex 4.292904894761003 0.32288189652253263 32.2
      vertex 4.166644650470596 0.2472044184538178 30
    endloop
  endfacet
  facet normal 0.6715589548470176 -0.74095112535496 0
    outer loop
      vertex 3.9393398282201786 0.060660171779821415 30
      vertex 4.048410073754532 0.15951568004410555 32.2
      vertex 3.9393398282201786 0.060660171779821415 32.2
    endloop
  endfacet
  facet normal 0.5956993044924341 -0.8032075314806442 0
    outer loop
      vertex 4.048410073754532 0.15951568004410555 30
      vertex 4.166644650470596 0.2472044184538178 32.2
      vertex 4.048410073754532 0.15951568004410555 32.2
    endloop
  endfacet
  facet normal 0.5141027441932225 -0.8577286100002716 0
    outer loop
      vertex 4.166644650470596 0.2472044184538178 30
      vertex 4.292904894761003 0.32288189652253263 32.2
      vertex 4.166644650470596 0.2472044184538178 32.2
    endloop
  endfacet
  facet normal 0.4275550934302792 -0.9039892931234448 0
    outer loop
      vertex 4.425974851452366 0.38581929876693 30
      vertex 4.425974851452366 0.38581929876693 32.2
      vertex 4.292904894761003 0.32288189652253263 30
    endloop
  endfacet
  facet normal 0.33688985339222066 -0.9415440651830205 0
    outer loop
      vertex 4.564572984118307 0.43541050359831335 30
      vertex 4.564572984118307 0.43541050359831335 32.2
      vertex 4.425974851452366 0.38581929876693 30
    endloop
  endfacet
  facet normal 0.2429801799032634 -0.9700312531945441 0
    outer loop
      vertex 4.707364516975808 0.47117792060484565 30
      vertex 4.707364516975808 0.47117792060484565 32.2
      vertex 4.564572984118307 0.43541050359831335 30
    endloop
  endfacet
  facet normal 0.14673047445536205 -0.989176509964781 0
    outer loop
      vertex 4.852974289505659 0.4927770900082953 30
      vertex 4.852974289505659 0.4927770900082953 32.2
      vertex 4.707364516975808 0.47117792060484565 30
    endloop
  endfacet
  facet normal 0.049067674327418355 -0.9987954562051724 0
    outer loop
      vertex 5 0.5 30
      vertex 5 0.5 32.2
      vertex 4.852974289505659 0.4927770900082953 30
    endloop
  endfacet
  facet normal -0.049067674327418355 -0.9987954562051724 0
    outer loop
      vertex 5.147025710494341 0.4927770900082953 30
      vertex 5.147025710494341 0.4927770900082953 32.2
      vertex 5 0.5 30
    endloop
  endfacet
  facet normal -0.14673047445536205 -0.989176509964781 0
    outer loop
      vertex 5.292635483024192 0.47117792060484565 30
      vertex 5.292635483024192 0.47117792060484565 32.2
      vertex 5.147025710494341 0.4927770900082953 30
    endloop
  endfacet
  facet normal -0.2429801799032634 -0.9700312531945441 0
    outer loop
      vertex 5.435427015881693 0.43541050359831335 30
      vertex 5.435427015881693 0.43541050359831335 32.2
      vertex 5.292635483024192 0.47117792060484565 30
    endloop
  endfacet
  facet normal -0.33688985339222066 -0.9415440651830205 0
    outer loop
      vertex 5.574025148547634 0.38581929876693 30
      vertex 5.574025148547634 0.38581929876693 32.2
      vertex 5.435427015881693 0.43541050359831335 30
    endloop
  endfacet
  facet normal -0.4275550934302792 -0.9039892931234448 0
    outer loop
      vertex 5.707095105238997 0.32288189652253263 30
      vertex 5.707095105238997 0.32288189652253263 32.2
      vertex 5.574025148547634 0.38581929876693 30
    endloop
  endfacet
  facet normal 0.4275550934302792 -0.9039892931234448 0
    outer loop
      vertex 4.292904894761003 0.32288189652253263 30
      vertex 4.425974851452366 0.38581929876693 32.2
      vertex 4.292904894761003 0.32288189652253263 32.2
    endloop
  endfacet
  facet normal 0.33688985339222066 -0.9415440651830205 0
    outer loop
      vertex 4.425974851452366 0.38581929876693 30
      vertex 4.564572984118307 0.43541050359831335 32.2
      vertex 4.425974851452366 0.38581929876693 32.2
    endloop
  endfacet
  facet normal 0.2429801799032634 -0.9700312531945441 0
    outer loop
      vertex 4.564572984118307 0.43541050359831335 30
      vertex 4.707364516975808 0.47117792060484565 32.2
      vertex 4.564572984118307 0.43541050359831335 32.2
    endloop
  endfacet
  facet normal 0.14673047445536205 -0.989176509964781 0
    outer loop
      vertex 4.707364516975808 0.47117792060484565 30
      vertex 4.852974289505659 0.4927770900082953 32.2
      vertex 4.707364516975808 0.47117792060484565 32.2
    endloop
  endfacet
  facet normal 0.049067674327418355 -0.9987954562051724 0
    outer loop
      vertex 4.852974289505659 0.4927770900082953 30
      vertex 5 0.5 32.2
      vertex 4.852974289505659 0.4927770900082953 32.2
    endloop
  endfacet
  facet normal -0.049067674327418355 -0.9987954562051724 0
    outer loop
      vertex 5 0.5 30
      vertex 5.147025710494341 0.4927770900082953 32.2
      vertex 5 0.5 32.2
    endloop
  endfacet
  facet normal -0.14673047445536205 -0.989176509964781 0
    outer loop
      vertex 5.147025710494341 0.4927770900082953 30
      vertex 5.292635483024192 0.47117792060484565 32.2
      vertex 5.147025710494341 0.4927770900082953 32.2
    endloop
  endfacet
  facet normal -0.2429801799032634 -0.9700312531945441 0
    outer loop
      vertex 5.292635483024192 0.47117792060484565 30
      vertex 5.435427015881693 0.43541050359831335 32.2
      vertex 5.292635483024192 0.47117792060484565 32.2
    endloop
  endfacet
  facet normal -0.33688985339222066 -0.9415440651830205 0
    outer loop
      vertex 5.435427015881693 0.43541050359831335 30
      vertex 5.574025148547634 0.38581929876693 32.2
      vertex 5.435427015881693 0.43541050359831335 32.2
    endloop
  endfacet
  facet normal -0.4275550934302792 -0.9039892931234448 0
    outer loop
      vertex 5.574025148547634 0.38581929876693 30
      vertex 5.707095105238997 0.32288189652253263 32.2
      vertex 5.574025148547634 0.38581929876693 32.2
    endloop
  endfacet
  facet normal -0.5141027441932225 -0.8577286100002716 0
    outer loop
      vertex 5.707095105238997 0.32288189652253263 30
      vertex 5.833355349529404 0.2472044184538178 32.2
      vertex 5.707095105238997 0.32288189652253263 32.2
    endloop
  endfacet
  facet normal -0.5141027441932225 -0.8577286100002716 0
    outer loop
      vertex 5.833355349529404 0.2472044184538178 30
      vertex 5.833355349529404 0.2472044184538178 32.2
      vertex 5.707095105238997 0.32288189652253263 30
    endloop
  endfacet
  facet normal -0.5956993044924341 -0.8032075314806442 0
    outer loop
      vertex 5.951589926245468 0.15951568004410555 30
      vertex 5.951589926245468 0.15951568004410555 32.2
      vertex 5.833355349529404 0.2472044184538178 30
    endloop
  endfacet
  facet normal -0.671558954847019 -0.7409511253549586 0
    outer loop
      vertex 5.951589926245468 0.15951568004410555 30
      vertex 6.060660171779821 0.060660171779821415 30
      vertex 6.060660171779821 0.060660171779821415 32.2
    endloop
  endfacet
  facet normal -0.5956993044924341 -0.8032075314806442 0
    outer loop
      vertex 5.833355349529404 0.2472044184538178 30
      vertex 5.951589926245468 0.15951568004410555 32.2
      vertex 5.833355349529404 0.2472044184538178 32.2
    endloop
  endfacet
  facet normal -0.671558954847019 -0.7409511253549586 0
    outer loop
      vertex 5.951589926245468 0.15951568004410555 30
      vertex 6.060660171779821 0.060660171779821415 32.2
      vertex 5.951589926245468 0.15951568004410555 32.2
    endloop
  endfacet
  facet normal -0.7409511253549589 -0.6715589548470187 0
    outer loop
      vertex 6.060660171779821 0.060660171779821415 32.2
      vertex 6.060660171779821 0.060660171779821415 30
      vertex 6.159515680044105 -0.04841007375453177 32.2
    endloop
  endfacet
  facet normal 1 0 0
    outer loop
      vertex -4.9 -24.400000000000002 32.2
      vertex -4.9 -29.6 32.2
      vertex -4.9 -29.6 30
    endloop
  endfacet
  facet normal 0 1 0
    outer loop
      vertex -4.9 -29.6 32.2
      vertex 4.9 -29.6 30
      vertex -4.9 -29.6 30
    endloop
  endfacet
  facet normal 1 0 0
    outer loop
      vertex -4.9 -24.400000000000002 32.2
      vertex -4.9 -29.6 30
      vertex -4.9 -24.400000000000002 30
    endloop
  endfacet
  facet normal 0 -1 0
    outer loop
      vertex -4.9 -24.400000000000002 32.2
      vertex -4.9 -24.400000000000002 30
      vertex 4.9 -24.400000000000002 32.2
    endloop
  endfacet
  facet normal 0 1 0
    outer loop
      vertex -4.9 -29.6 32.2
      vertex 4.9 -29.6 32.2
      vertex 4.9 -29.6 30
    endloop
  endfacet
  facet normal -1 0 0
    outer loop
      vertex 4.9 -29.6 30
      vertex 4.9 -29.6 32.2
      vertex 4.9 -24.400000000000002 30
    endloop
  endfacet
  facet normal 0 -1 0
    outer loop
      vertex -4.9 -24.400000000000002 30
      vertex 4.9 -24.400000000000002 30
      vertex 4.9 -24.400000000000002 32.2
    endloop
  endfacet
  facet normal -1 0 0
    outer loop
      vertex 4.9 -29.6 32.2
      vertex 4.9 -24.400000000000002 32.2
      vertex 4.9 -24.400000000000002 30
    endloop
  endfacet
endsolid OpenSCAD_Model
